subject,lambda_theta,sigma_theta_kPa,sigma_z_kPa
1,1.0,10.424854600219088,18.478282873908668
1,1.0009045226130653,10.673893562839204,18.528322059953332
1,1.0018090452261306,10.92329452201228,18.578280513002262
1,1.002713567839196,11.173073135061914,18.628160027746258
1,1.0036180904522614,11.423245290635151,18.677962414855166
1,1.0045226130653266,11.673827116912708,18.727689501539988
1,1.005427135678392,11.924834990011544,18.777343132126436
1,1.0063316582914572,12.176285542586871,18.82692516864033
1,1.0072361809045227,12.428195672640804,18.87643749140519
1,1.008140703517588,12.680582552544466,18.925881999652468
1,1.0090452261306533,12.933463638281495,18.975260612144673
1,1.0099497487437186,13.186856678919952,19.024575267811873
1,1.0108542713567839,13.440779726321027,19.073827926401897
1,1.0117587939698491,13.695251145092636,19.123020569144757
1,1.0126633165829146,13.950289622796166,19.172155199431593
1,1.01356783919598,14.205914180414968,19.221233843508617
1,1.0144723618090452,14.46214418309427,19.27025855118662
1,1.0153768844221105,14.718999351160873,19.3192313965663
1,1.0162814070351758,14.97649977143255,19.36815447878001
1,1.0171859296482413,15.23466590882742,19.417029922750448
1,1.0180904522613066,15.49351861828275,19.465859879966597
1,1.0189949748743719,15.753079156994692,19.514646529277748
1,1.0198994974874371,16.01336919698887,19.563392077705785
1,1.0208040201005024,16.27441083803384,19.612098761276588
1,1.021708542713568,16.53622662090877,19.660768845870876
1,1.0226130653266332,16.798839541037015,19.70940462809515
1,1.0235175879396985,17.062273062499273,19.758008436173533
1,1.0244221105527638,17.326551132437512,19.806582630860696
1,1.025326633165829,17.5916981958644,19.855129606376924
1,1.0262311557788946,17.857739210891168,19.903651791365707
1,1.0271356783919598,18.12469966438833,19.952151649874594
1,1.0280402010050251,18.392605588094778,20.00063168236015
1,1.0289447236180904,18.66148357518892,20.04909442671739
1,1.0298492462311557,18.931360797339245,20.097542459334804
1,1.030753768844221,19.202265022249694,20.145978396175444
1,1.0316582914572865,19.474224631717057,20.19440489388502
1,1.0325628140703518,19.747268640217655,20.24282465092766
1,1.033467336683417,20.021426714042143,20.291240408750276
1,1.0343718592964823,20.296729190996185,20.339654952976428
1,1.0352763819095476,20.57320710068701,20.3880711146303
1,1.0361809045226131,20.850892185416058,20.436491771392035
1,1.0370854271356784,21.129816921697994,20.484919848885095
1,1.0379899497487437,21.410014542428534,20.533358321996733
1,1.038894472361809,21.691519059722452,20.581810216232576
1,1.0397989949748743,21.97436528844569,20.630278609106192
1,1.0407035175879398,22.258588870465132,20.67876663156493
1,1.041608040201005,22.544226299640854,20.727277469452776
1,1.0425125628140703,22.83131494758762,20.775814365011833
1,1.0434170854271356,23.11989309023045,20.824380618423024
1,1.044321608040201,23.409999935183727,20.87297958938759
1,1.0452261306532664,23.701675649981688,20.9216146987505
1,1.0461306532663317,23.99496139118983,20.970289430166915
1,1.047035175879397,24.289899334429116,21.01900733181329
1,1.0479396984924623,24.586532705343707,21.067772018144115
1,1.0488442211055276,24.88490581154616,21.116587171695908
1,1.049748743718593,25.185064075574527,21.1654565449399
1,1.0506532663316583,25.48705406889623,21.214383962184655
1,1.0515577889447236,25.790923546997277,21.263373321530523
1,1.052462311557789,26.09672148559344,21.312428596877105
1,1.0533668341708542,26.404498118004366,21.36155383998559
1,1.0542713567839195,26.71430497373196,21.41075318259766
1,1.055175879396985,27.02619491828534,21.46003083861243
1,1.0560804020100503,27.34022219429724,21.509391106323587
1,1.0569849246231156,27.65644246397855,21.558838370718206
1,1.0578894472361808,27.97491285295805,21.608377105839395
1,1.0587939698492461,28.29569199555786,21.658011877214623
1,1.0596984924623116,28.618840081556097,21.70774734435171
1,1.060603015075377,28.944418904490334,21.757588263304704
1,1.0615075376884422,29.27249191155815,21.807539489311715
1,1.0624120603015075,29.603124255171924,21.85760597950695
1,1.0633165829145728,29.936382846228483,21.907792795709213
1,1.0642211055276383,30.272336409156495,21.958105107289384
1,1.0651256281407036,30.611055538805314,22.008548194119115
1,1.0660301507537688,30.95261275924439,22.059127449603526
1,1.0669346733668341,31.29708258454194,22.109848383800365
1,1.0678391959798994,31.64454158159631,22.160716626628332
1,1.0687437185929647,31.995068435095803,22.211737931167452
1,1.0696482412060302,32.348744014685536,22.262918177054402
1,1.0705527638190955,32.705651444422664,22.31426337397558
1,1.0714572864321608,33.06587617460626,22.36577966526135
1,1.072361809045226,33.42950605606856,22.417473331584276
1,1.0732663316582913,33.79663141702098,22.469350794764978
1,1.0741708542713568,34.16734514254914,22.521418621688717
1,1.0750753768844221,34.541742756857445,22.573683528336467
1,1.0759798994974874,34.91992250836635,22.62615238393407
1,1.0768844221105527,35.30198545776881,22.678832215223075
1,1.077788944723618,35.688035569159425,22.731730210857428
1,1.0786934673366835,36.078179804351166,22.784853725929775
1,1.0795979899497488,36.4725282205016,22.838210286631657
1,1.080502512562814,36.871194071174756,22.891807595052057
1,1.0814070351758793,37.27429391096894,22.945653534118385
1,1.0823115577889446,37.681947703847655,22.99975617268486
1,1.0832160804020101,38.09427893531563,23.054123770772883
1,1.0841206030150754,38.51141472858716,23.108764784968248
1,1.0850251256281407,38.93348596490216,23.163687873980574
1,1.085929648241206,39.36062740814846,23.21890190436988
1,1.0868341708542713,39.79297783395854,23.274415956446017
1,1.0877386934673368,40.23068016345424,23.330239330346487
1,1.088643216080402,40.673881601819595,23.38638155229839
1,1.0895477386934673,41.12273378189291,23.442852381070953
1,1.0904522613065326,41.57739291297057,23.49966181462419
1,1.091356783919598,42.038019935031585,23.556820096960966
1,1.0922613065326634,42.50478067859246,23.61433772518844
1,1.0931658291457287,42.97784603041707,23.672225456796376
1,1.094070351758794,43.457392105312564,23.730494317159195
1,1.0949748743718593,43.9436004242514,23.789155607269183
1,1.0958793969849245,44.43665809907327,23.84822091170882
1,1.0967839195979898,44.9367580240271,23.907702106869767
1,1.0976884422110553,45.44409907442858,23.967611369427274
1,1.0985929648241206,45.95888631271637,24.027961185078
1,1.099497487437186,46.481331202206626,24.08876435755053
1,1.1004020100502512,47.0116518288537,24.150034017897593
1,1.1013065326633165,47.550073131341705,24.21178363407924
1,1.102211055276382,48.09682713984468,24.27402702084726
1,1.1031155778894473,48.652153223805996,24.33677834994057
1,1.1040201005025125,49.216298349106204,24.40005216060247
1,1.1049246231155778,49.78951734500035,24.463863370430403
1,1.105829145728643,50.37207318122632,24.528227286569688
1,1.1067336683417084,50.96423725570136,24.593159617263005
1,1.107638190954774,51.566289693241714,24.658676483767614
1,1.1085427135678392,52.178519655760276,24.724794432652946
1,1.1094472361809045,52.80122566441878,24.791530448491848
1,1.1103517587939697,53.43471593422785,24.858901966958584
1,1.111256281407035,54.079308721613884,24.92692688834805
1,1.1121608040201005,54.73533268549396,24.99562359153033
1,1.1130653266331658,55.40312726242171,25.065010948355987
1,1.113969849246231,56.083043056397,25.135108338527633
1,1.1148743718592964,56.77544224395237,25.205935664953717
1,1.1157788944723617,57.48069899516233,25.277513369601778
1,1.1166834170854272,58.19919991124768,25.349862449868013
1,1.1175879396984925,58.93134447947787,25.423004475481896
1,1.1184924623115577,59.67754554610719,25.496961605963946
1,1.119396984924623,60.43822980811139,25.571756608656436
1,1.1203015075376883,61.21383832452848,25.647412877347044
1,1.1212060301507538,62.00482704824503,25.723954451506515
1,1.122110552763819,62.81166737910158,25.80140603616173
1,1.1230150753768844,63.634846739241475,25.879793022427066
1,1.1239195979899497,64.47486917165602,25.959141508716954
1,1.124824120603015,65.33225596293747,26.03947832266434
1,1.1257286432160805,66.20754629128443,26.120831043769734
1,1.1266331658291457,67.10129790086225,26.203228026807174
1,1.127537688442211,68.01408780366923,26.28669842601431
1,1.1284422110552763,68.94651301010808,26.371272220094312
1,1.1293467336683416,69.89919128952745,26.45698023805931
1,1.130251256281407,70.87276196204736,26.543854185945012
1,1.1311557788944724,71.86788672305154,26.631926674428627
1,1.1320603015075377,72.88525050179182,26.72123124738227
1,1.132964824120603,73.9255623556148,26.811802411395856
1,1.1338693467336682,74.98955640139815,26.903675666304842
1,1.1347738693467337,76.0779927858546,26.996887536759246
1,1.135678391959799,77.1916586964397,27.09147560487174
1,1.1365829145728643,78.33136941468989,27.187478543984845
1,1.1374874371859296,79.49796941389039,27.284936153597485
1,1.1383919597989949,80.69233350307772,27.383889395493846
1,1.1392964824120602,81.91536801946866,27.484380431118872
1,1.1402010050251257,83.16801207151147,27.58645266024601
1,1.141105527638191,84.45123883485736,27.690150760984956
1,1.1420100502512562,85.76605690367211,27.79552073117968
1,1.1429145728643215,87.11351169980468,27.902609931247078
1,1.1438190954773868,88.49468694247565,28.01146712851115
1,1.144723618090452,89.9107061812575,28.1221425430872
1,1.1456281407035176,91.36273439526911,28.234687895374897
1,1.1465326633165829,92.85197966163875,28.3491564552198
1,1.1474371859296482,94.3796948964486,28.465603092806116
1,1.1483417085427134,95.94717967152508,28.584084331345956
1,1.1492462311557787,97.55578211060707,28.70465840163198
1,1.1501507537688442,99.20690086860324,28.827385298524902
1,1.1510552763819095,100.90198719782425,28.952326839447792
1,1.1519597989949748,102.6425471052827,29.07954672496437
1,1.15286432160804,104.43014360533974,29.20911060151968
1,1.1537688442211054,106.26639907220735,29.34108612642558
1,1.1546733668341709,108.15299769703232,29.475543035176926
1,1.1555778894472362,110.09168805452494,29.612553211187333
1,1.1564824120603014,112.0842857843561,29.752190758037493
1,1.1573869346733667,114.13267639278907,29.894532074331913
1,1.158291457286432,116.23881818031178,30.03965593126494
1,1.1591959798994975,118.4047453013177,30.187643553000832
1,1.1601005025125628,120.63257096218044,30.33857869997533
1,1.161005025125628,122.92449076442023,30.492547755233595
1,1.1619095477386934,125.28278619996615,30.64963981392102
1,1.1628140703517587,127.70982830590725,30.809946776049912
1,1.1637185929648242,130.2080814864911,30.973563442670255
1,1.1646231155778894,132.780107510527,31.140587615576308
1,1.1655276381909547,135.42856969278776,31.311120200689228
1,1.16643216080402,138.15623726842597,31.48526531525806
1,1.1673366834170853,140.96598996990832,31.663130399030308
1,1.1682412060301508,143.86082281646225,31.844826329548496
1,1.169145728643216,146.8438511265387,32.03046754173485
1,1.1700502512562814,149.91831576437184,32.22017215193505
1,1.1709547738693467,153.08758863226078,32.4140620865963
1,1.171859296482412,156.35517842084926,32.61226321576556
1,1.1727638190954774,159.72473663029638,32.81490549159837
1,1.1736683417085427,163.20006387592903,33.022123092079276
1,1.174572864321608,166.78511649269478,33.23405457016247
1,1.1754773869346733,170.48401345346784,33.45084300854886
1,1.1763819095477386,174.30104361709306,33.672636180326826
1,1.1772864321608039,178.2406733228907,33.899586715712985
1,1.1781909547738694,182.3075543492348,34.13185227513821
1,1.1790954773869347,186.50653225477146,34.36959572893602
1,1.18,190.84265512185598,34.612985343901485
2,1.0,22.495535745538092,9.61122166562654
2,1.0009045226130653,22.66319279357395,9.65454818192472
2,1.0018090452261306,22.831055621789897,9.697862311040872
2,1.002713567839196,22.999133655261986,9.741165390163854
2,1.0036180904522614,23.167436439725837,9.784458766923692
2,1.0045226130653266,23.335973646437992,9.827743799577771
2,1.005427135678392,23.5047550771466,9.871021857199572
2,1.0063316582914572,23.673790669176455,9.914294319870358
2,1.0072361809045227,23.843090500632236,9.957562578873604
2,1.008140703517588,24.01266479572471,10.000828036892367
2,1.0090452261306533,24.18252393022449,10.044092108209634
2,1.0099497487437186,24.35267843704784,10.087356218911586
2,1.0108542713567839,24.523139011979804,10.130621807093972
2,1.0117587939698491,24.693916519539577,10.173890323071621
2,1.0126633165829146,24.865021998993303,10.217163229590977
2,1.01356783919598,25.036466670519836,10.260442002046034
2,1.0144723618090452,25.208261941535163,10.303728128697422
2,1.0153768844221105,25.38041941318104,10.347023110894888
2,1.0162814070351758,25.552950886983883,10.390328463303089
2,1.0171859296482413,25.725868371690346,10.433645714130979
2,1.0180904522613066,25.89918409028558,10.476976405364539
2,1.0189949748743719,26.072910487201323,10.520322093003259
2,1.0198994974874371,26.247060235720085,10.563684347300132
2,1.0208040201005024,26.421646245582895,10.607064753005414
2,1.021708542713568,26.596681670807964,10.650464909614195
2,1.0226130653266332,26.772179917727332,10.693886431617663
2,1.0235175879396985,26.94815465325028,10.737330948758496
2,1.0244221105527638,27.124619813360624,10.780800106290066
2,1.025326633165829,27.301589611857054,10.824295565239794
2,1.0262311557788946,27.479078549344784,10.86781900267656
2,1.0271356783919598,27.657101422487592,10.911372111982349
2,1.0280402010050251,27.835673333530195,10.954956603128243
2,1.0289447236180904,28.01480970009943,10.998574202954627
2,1.0298492462311557,28.194526265295554,11.042226655455961
2,1.030753768844221,28.374839108083144,11.085915722069956
2,1.0316582914572865,28.555764653992846,11.129643181971485
2,1.0325628140703518,28.737319686144748,11.173410832370987
2,1.033467336683417,28.919521356605657,11.21722048881784
2,1.0343718592964823,29.102387198091257,11.261073985508446
2,1.0352763819095476,29.28593513602639,11.304973175599248
2,1.0361809045226131,29.4701835009761,11.34891993152497
2,1.0370854271356784,29.655151041460474,11.392916145321655
2,1.0379899497487437,29.840856937167977,11.436963728955249
2,1.038894472361809,30.027320812580633,11.481064614655287
2,1.0397989949748743,30.214562751026776,11.525220755254047
2,1.0407035175879398,30.40260330917647,11.569434124531261
2,1.041608040201005,30.591463531995572,11.613706717564309
2,1.0425125628140703,30.781164968175748,11.658040551084298
2,1.0434170854271356,30.97172968605673,11.702437663837802
2,1.044321608040201,31.163180290059685,11.746900116954631
2,1.0452261306532664,31.35553993764985,11.791429994321597
2,1.0461306532663317,31.548832356847683,11.836029402962344
2,1.047035175879397,31.74308186430943,11.88070047342366
2,1.0479396984924623,31.93831338399672,11.925445360167867
2,1.0488442211055276,32.13455246645796,11.970266241971977
2,1.049748743718593,32.331825308743475,12.015165322333253
2,1.0506532663316583,32.530158774977735,12.06014482988165
2,1.0515577889447236,32.72958041761353,12.105207018799026
2,1.052462311557789,32.93011849939253,12.1503541692454
2,1.0533668341708542,33.13180201603891,12.195588587792255
2,1.0542713567839195,33.334660719713426,12.240912607863226
2,1.055175879396985,33.53872514325584,12.286328590182006
2,1.0560804020100503,33.744026625245134,12.331838923227876
2,1.0569849246231156,33.950597335908924,12.37744602369893
2,1.0578894472361808,34.15847030391252,12.423152336983014
2,1.0587939698492461,34.367679444061906,12.46896033763672
2,1.0596984924623116,34.578259585954264,12.514872529872358
2,1.060603015075377,34.79024650361207,12.560891448053333
2,1.0615075376884422,35.00367694613819,12.607019657197823
2,1.0624120603015075,35.218588669430034,12.653259753491092
2,1.0633165829145728,35.43502046899352,12.699614364806488
2,1.0642211055276383,35.65301221389855,12.746086151235431
2,1.0651256281407036,35.872604881919095,12.792677805626267
2,1.0660301507537688,36.093840595904226,12.83939205413261
2,1.0669346733668341,36.31676266142602,12.886231656770928
2,1.0678391959798994,36.541415605754246,12.933199407987793
2,1.0687437185929647,36.76784521820839,12.980298137236854
2,1.0696482412060302,36.99609859194057,13.027530709565855
2,1.0705527638190955,37.226224167204066,13.074900026213612
2,1.0714572864321608,37.45827177616608,13.122409025217646
2,1.072361809045226,37.69229268932343,13.170060682032027
2,1.0732663316582913,37.928339663584666,13.217858010156204
2,1.0741708542713568,38.16646699208293,13.265804061774642
2,1.0750753768844221,38.40673055578776,13.313901928407653
2,1.0759798994974874,38.649187876986346,13.362154741573647
2,1.0768844221105527,38.893898174707246,13.41056567346289
2,1.077788944723618,39.14092242216387,13.459137937623138
2,1.0786934673366835,39.390323406296886,13.507874789657317
2,1.0795979899497488,39.64216578949886,13.55677952793338
2,1.080502512562814,39.896516173608234,13.605855494306809
2,1.0814070351758793,40.153443166262065,13.65510607485576
2,1.0823115577889446,40.413017449702345,13.704534700629289
2,1.0832160804020101,40.675311852133774,13.754144848408735
2,1.0841206030150754,40.940401421734975,13.803940041482706
2,1.0850251256281407,41.20836350343062,13.853923850435752
2,1.085929648241206,41.479277818534655,13.904099893951154
2,1.0868341708542713,41.75322654738132,13.95447183962798
2,1.0877386934673368,42.030294415064546,14.005043404812724
2,1.088643216080402,42.3105687804119,14.05581835744578
2,1.0895477386934673,42.594139728325395,14.106800516923258
2,1.0904522613065326,42.88110016562497,14.157993754974019
2,1.091356783919598,43.171545920539586,14.209401996552682
2,1.0922613065326634,43.465575845994096,14.261029220748597
2,1.0931658291457287,43.763291926848495,14.312879461711152
2,1.094070351758794,44.06479939125287,14.364956809592032
2,1.0949748743718593,44.37020682628658,14.41726541150426
2,1.0958793969849245,44.67962629806042,14.469809472498724
2,1.0967839195979898,44.99317347646648,14.522593256558512
2,1.0976884422110553,45.31096776476893,14.575621087611172
2,1.0985929648241206,45.633132434237694,14.628897350559454
2,1.099497487437186,45.95979476403667,14.68242649233093
2,1.1004020100502512,46.291086186585446,14.73621302294669
2,1.1013065326633165,46.62714243862558,14.790261516609633
2,1.102211055276382,46.96810371823163,14.844576612812677
2,1.1031155778894473,47.31411484801747,14.899163017467336
2,1.1040201005025125,47.66532544480137,14.954025504053073
2,1.1049246231155778,48.02189009600275,15.00916891478768
2,1.105829145728643,48.38396854305801,15.064598161819397
2,1.1067336683417084,48.751725872154765,15.120318228440997
2,1.107638190954774,49.1253327125973,15.1763341703263
2,1.1085427135678392,49.50496544313039,15.232651116789562
2,1.1094472361809045,49.89080640656482,15.289274272068432
2,1.1103517587939697,50.28304413306056,15.346208916630484
2,1.111256281407035,50.68187357244298,15.4034604085042
2,1.1121608040201005,51.087496335943754,15.461034184634904
2,1.1130653266331658,51.50012094777385,15.518935762265718
2,1.113969849246231,51.91996310695954,15.57717074034462
2,1.1148743718592964,52.347245959886784,15.635744800957667
2,1.1157788944723617,52.782200384024236,15.694663710789314
2,1.1166834170854272,53.22506528331478,15.753933322609864
2,1.1175879396984925,53.67608789574845,15.813559576791238
2,1.1184924623115577,54.13552411365531,15.873548502851136
2,1.119396984924623,54.60363881727872,15.933906221026342
2,1.1203015075376883,55.08070622221872,15.994638943875893
2,1.1212060301507538,55.567010241362205,16.055752977914434
2,1.122110552763819,56.06284486194344,16.117254725276688
2,1.1230150753768844,56.56851453841375,16.179150685413532
2,1.1239195979899497,57.08433460182442,16.24144745682029
2,1.124824120603015,57.61063168646733,16.304151738797874
2,1.1257286432160805,58.14774417454795,16.367270333247816
2,1.1266331658291457,58.69602265970481,16.4308101465012
2,1.127537688442211,59.2558304302291,16.49477819118303
2,1.1284422110552763,59.82754397287522,16.559181588111972
2,1.1293467336683416,60.41155349820089,16.624027568236766
2,1.130251256281407,61.00826348841666,16.68932347460989
2,1.1311557788944724,61.61809326877356,16.755076764399085
2,1.1320603015075377,62.24147760356837,16.82129501093786
2,1.132964824120603,62.87886731789516,16.887985905815427
2,1.1338693467336682,63.5307299463302,16.955157261007198
2,1.1347738693467337,64.19755040979337,17.02281701104656
2,1.135678391959799,64.87983172188825,17.090973215238712
2,1.1365829145728643,65.57809572609281,17.15963405991756
2,1.1374874371859296,66.29288386523058,17.228807860746564
2,1.1383919597989949,67.02475798473186,17.298503065064494
2,1.1392964824120602,67.77430117126258,17.368728254276814
2,1.1402010050251257,68.54211862838012,17.439492146294032
2,1.141105527638191,69.32883859095386,17.510803598017603
2,1.1420100502512562,70.13511328018097,17.582671607874765
2,1.1429145728643215,70.96161990110981,17.65510531840305
2,1.1438190954773868,71.80906168468827,17.728114018885748
2,1.144723618090452,72.67816897644788,17.801707148039057
2,1.1456281407035176,73.56970037404606,17.87589429675259
2,1.1465326633165829,74.4844439159954,17.950685210883833
2,1.1474371859296482,75.42321832403155,18.026089794107826
2,1.1483417085427134,76.38687430169034,18.102118110823657
2,1.1492462311557787,77.37629589179804,18.178780389118373
2,1.1501507537688442,78.39240189571467,18.256087023789842
2,1.1510552763819095,79.43614735731458,18.334048579429847
2,1.1519597989949748,80.50852511484442,18.412675793568845
2,1.15286432160804,81.61056742395039,18.491979579883193
2,1.1537688442211054,82.74334765534638,18.57197103146678
2,1.1546733668341709,83.90798207076594,18.652661424168166
2,1.1555778894472362,85.10563168102723,18.73406221999452
2,1.1564824120603014,86.33750419024943,18.81618507058412
2,1.1573869346733667,87.60485603044981,18.89904182074865
2,1.158291457286432,88.90899449098724,18.982644512086978
2,1.1591959798994975,90.25127994754114,19.067005386671774
2,1.1601005025125628,91.63312819555875,19.152136890810517
2,1.161005025125628,93.05601289337093,19.238051678883096
2,1.1619095477386934,94.52146812043368,19.324762617256695
2,1.1628140703517587,96.03109105645521,19.412282788280606
2,1.1637185929648242,97.58654478746051,19.50062549436197
2,1.1646231155778894,99.18956124516943,19.589804262124552
2,1.1655276381909547,100.84194428640401,19.67983284665272
2,1.16643216080402,102.54557291958942,19.770725235821565
2,1.1673366834170853,104.30240468579606,19.862495654716092
2,1.1682412060301508,106.1144792021656,19.955158570140718
2,1.169145728643216,107.98392187597652,20.0487286952212
2,1.1700502512562814,109.91294779806196,20.143220994101483
2,1.1709547738693467,111.903865824739,20.238650686737017
2,1.171859296482412,113.95908285792264,20.33503325378682
2,1.1727638190954774,116.08110833360625,20.43238444160665
2,1.1736683417085427,118.27255892944386,20.53072026734538
2,1.174572864321608,120.53616350276094,20.63005702414695
2,1.1754773869346733,122.87476827091736,20.730411286460097
2,1.1763819095477386,125.2913422466147,20.83179991545854
2,1.1772864321608039,127.78898294141857,20.934240064573615
2,1.1781909547738694,130.37092235149362,21.037749185142484
2,1.1790954773869347,133.04053324031753,21.142345032173964
2,1.18,135.8013357339618,21.248045670235133
3,1.0,22.12798094247856,14.070528270266042
3,1.0009045226130653,22.33781484277344,14.126044214805834
3,1.0018090452261306,22.54783582831771,14.181545601154937
3,1.002713567839196,22.758049781791787,14.237034418294074
3,1.0036180904522614,22.968462663267292,14.292512673443632
3,1.0045226130653266,23.179080512496924,14.3479823924195
3,1.005427135678392,23.38990945125237,14.403445619994839
3,1.0063316582914572,23.600955685712385,14.45890442026788
3,1.0072361809045227,23.812225508902493,14.51436087703597
3,1.008140703517588,24.023725303187607,14.569817094175841
3,1.0090452261306533,24.235461542819937,14.625275196030394
3,1.0099497487437186,24.447440796543034,14.680737327801962
3,1.0108542713567839,24.659669730254468,14.736205655952293
3,1.0117587939698491,24.872155109728546,14.79168236860942
3,1.0126633165829146,25.084903803401115,14.84716967598131
3,1.01356783919598,25.29792278521819,14.902669810776771
3,1.0144723618090452,25.511219137550952,14.958185028633606
3,1.0153768844221105,25.724800054178328,15.013717608553957
3,1.0162814070351758,25.938672843339955,15.06926985334744
3,1.0171859296482413,26.152844930861377,15.124844090081695
3,1.0180904522613066,26.367323863353715,15.180442670540966
3,1.0189949748743719,26.582117311490524,15.236067971692588
3,1.0198994974874371,26.79723307336359,15.291722396161639
3,1.0208040201005024,27.012679077920602,15.347408372713899
3,1.021708542713568,27.22846338848711,15.40312835674729
3,1.0226130653266332,27.444594206375104,15.458884830791945
3,1.0235175879396985,27.661079874581702,15.51468030501918
3,1.0244221105527638,27.877928881579734,15.570517317759379
3,1.025326633165829,28.09514986520375,15.626398436029113
3,1.0262311557788946,28.312751616634294,15.68232625606767
3,1.0271356783919598,28.530743084483134,15.738303403882991
3,1.0280402010050251,28.749133378983537,15.794332535807555
3,1.0289447236180904,28.967931776287593,15.85041633906415
3,1.0298492462311557,29.18714772287491,15.906557532341669
3,1.030753768844221,29.406790840075914,15.962758866381503
3,1.0316582914572865,29.626870928713025,16.01902312457434
3,1.0325628140703518,29.847397973863647,16.07535312356772
3,1.033467336683417,30.068382149749283,16.131751713884825
3,1.0343718592964823,30.289833824753625,16.188221780554215
3,1.0352763819095476,30.51176356657473,16.244766243751272
3,1.0361809045226131,30.734182147514908,16.301388059451153
3,1.0370854271356784,30.957100549912866,16.358090220093803
3,1.0379899497487437,31.180529971722912,16.414875755261125
3,1.038894472361809,31.40448183224514,16.471747732366563
3,1.0397989949748743,31.628967778012118,16.52870925735738
3,1.0407035175879398,31.853999688836687,16.58576347542991
3,1.041608040201005,32.07958968402593,16.642913571757965
3,1.0425125628140703,32.30575012876723,16.70016277223484
3,1.0434170854271356,32.53249364069097,16.757514344229012
3,1.044321608040201,32.75983309661631,16.814971597353892
3,1.0452261306532664,32.98778163948559,16.872537884252004
3,1.0461306532663317,33.216352685493305,16.930216601393646
3,1.047035175879397,33.4455599314166,16.988011189890738
3,1.0479396984924623,33.67541736215274,17.045925136325724
3,1.0488442211055276,33.90593925847117,17.10396197359615
3,1.049748743718593,34.1371402049867,17.16212528177516
3,1.0506532663316583,34.369035098360854,17.22041868898812
3,1.0515577889447236,34.601639155739676,17.278845872305993
3,1.052462311557789,34.83496792343441,17.337410558655527
3,1.0533668341708542,35.069037285854066,17.39611652574669
3,1.0542713567839195,35.30386347469768,17.454967603017877
3,1.055175879396985,35.53946307841497,17.513967672598973
3,1.0560804020100503,35.7758530519439,17.57312067029296
3,1.0569849246231156,36.013050726735,17.6324305865762
3,1.0578894472361808,36.25107382107123,17.691901467617985
3,1.0587939698492461,36.489940450693325,17.75153741631957
3,1.0596984924623116,36.72966913974133,17.811342593373283
3,1.060603015075377,36.97027883202212,17.87132121834203
3,1.0615075376884422,37.21178890261445,17.931477570759654
3,1.0624120603015075,37.45421916982238,17.991815991252626
3,1.0633165829145728,37.69758990748899,18.052340882683467
3,1.0642211055276383,37.94192185768262,18.11305671131635
3,1.0651256281407036,38.18723624376784,18.173968008005485
3,1.0660301507537688,38.43355478387471,18.235079369406552
3,1.0669346733668341,38.68089970477953,18.29639545921205
3,1.0678391959798994,38.92929375621077,18.357921009410465
3,1.0687437185929647,39.17876022559548,18.419660821570478
3,1.0696482412060302,39.429322953260595,18.48161976815027
3,1.0705527638190955,39.6810063481046,18.54380279383248
3,1.0714572864321608,39.933835403756774,18.606214916885783
3,1.072361809045226,40.18783571523936,18.668861230553098
3,1.0732663316582913,40.44303349615109,18.7317469044674
3,1.0741708542713568,40.69945559638978,18.794877186095636
3,1.0750753768844221,40.95712952043243,18.85825740221122
3,1.0759798994974874,41.21608344619307,18.921892960395983
3,1.0768844221105527,41.476346244477305,18.985789350571903
3,1.077788944723618,41.737947499055565,19.04995214656361
3,1.0786934673366835,42.0009175273761,19.114387007692
3,1.0795979899497488,42.26528740194019,19.17909968039987
3,1.080502512562814,42.53108897236372,19.244095999910236
3,1.0814070351758793,42.79835488814825,19.30938189191795
3,1.0823115577889446,43.067118622187465,19.374963374315463
3,1.0832160804020101,43.33741449503505,19.440846558953336
3,1.0841206030150754,43.60927769996066,19.50703765343647
3,1.0850251256281407,43.88274432882319,19.573542962956722
3,1.085929648241206,44.15785139878919,19.640368892162616
3,1.0868341708542713,44.43463687992795,19.707521947067224
3,1.0877386934673368,44.71313972371428,19.775008736994756
3,1.088643216080402,44.993399892471515,19.8428359765669
3,1.0895477386934673,45.27545838979006,19.91101048772996
3,1.0904522613065326,45.55935729195467,19.97953920182313
3,1.091356783919598,45.84513978041949,20.04842916168957
3,1.0922613065326634,46.13285017536745,20.11768752383065
3,1.0931658291457287,46.4225339703943,20.187321560604502
3,1.094070351758794,46.71423786835872,20.25733866247003
3,1.0949748743718593,47.00800981844108,20.32774634027726
3,1.0958793969849245,47.303899054455165,20.39855222760493
3,1.0967839195979898,47.601956134459854,20.469764083146668
3,1.0976884422110553,47.9022329817185,20.54138979314669
3,1.0985929648241206,48.20478292705583,20.61343737388607
3,1.099497487437186,48.50966075266538,20.685914974220893
3,1.1004020100502512,48.81692273742054,20.758830878173377
3,1.1013065326633165,49.12662670374614,20.832193507577035
3,1.102211055276382,49.43883206610924,20.906011424777354
3,1.1031155778894473,49.75359988118966,20.98029333538909
3,1.1040201005025125,50.07099289979429,21.05504809111143
3,1.1049246231155778,50.391075620580594,21.130284692602537
3,1.105829145728643,50.713914345658125,21.206012292414478
3,1.1067336683417084,51.039577238140005,21.28224019799036
3,1.107638190954774,51.36813438171803,21.358977874724772
3,1.1085427135678392,51.69965784233908,21.43623494908898
3,1.1094472361809045,52.03422173206407,21.514021211822627
3,1.1103517587939697,52.371902275192355,21.59234662119316
3,1.111256281407035,52.712777876739395,21.671221306324725
3,1.1121608040201005,53.05692919335915,21.750655570598102
3,1.1130653266331658,53.40443920680474,21.830659895123144
3,1.113969849246231,53.75539330002782,21.911244942285833
3,1.1148743718592964,54.1098793360175,21.992421559370992
3,1.1157788944723617,54.467987739487555,22.07420078226327
3,1.1166834170854272,54.82981158152225,22.156593839227224
3,1.1175879396984925,55.195446667297546,22.239612154769222
3,1.1184924623115577,55.564991626999486,22.323267353582665
3,1.119396984924623,55.93854801006447,22.407571264578422
3,1.1203015075376883,56.31622038287378,22.492535925002443
3,1.1212060301507538,56.698116430040244,22.57817358464299
3,1.122110552763819,57.08434705942788,22.664496710129022
3,1.1230150753768844,57.47502651105619,22.75151798932222
3,1.1239195979899497,57.87027247004207,22.839250335804863
3,1.124824120603015,58.2702061837429,22.927706893465604
3,1.1257286432160805,58.674952583268805,23.01690104118553
3,1.1266331658291457,59.08464040954078,23.106846397626988
3,1.127537688442211,59.49940234407891,23.197556826127528
3,1.1284422110552763,59.91937514471087,23.289046439701302
3,1.1293467336683416,60.34469978640249,23.381329606150764
3,1.130251256281407,60.77552160741781,23.474420953290945
3,1.1311557788944724,61.21199046102679,23.568335374289347
3,1.1320603015075377,61.6542608729885,23.663088033123888
3,1.132964824120603,62.10249220504564,23.75869437016177
3,1.1338693467336682,62.5568488246791,23.855170107862445
3,1.1347738693467337,63.0175002813808,23.952531256607294
3,1.135678391959799,63.48462148971322,24.05079412065895
3,1.1365829145728643,63.9583929194403,24.149975304254134
3,1.1374874371859296,64.43900079302038,24.25009171783222
3,1.1383919597989949,64.92663729077069,24.351160584403445
3,1.1392964824120602,65.42150076402318,24.453199446059873
3,1.1402010050251257,65.92379595660758,24.556226170632655
3,1.141105527638191,66.43373423501023,24.660258958499043
3,1.1420100502512562,66.95153382757721,24.765316349542978
3,1.1429145728643215,67.47742007314037,24.871417230272577
3,1.1438190954773868,68.01162567946824,24.978580841098616
3,1.144723618090452,68.55439099195829,25.086826783778083
3,1.1456281407035176,69.10596427300652,25.19617502902642
3,1.1465326633165829,69.66660199250998,25.306645924302632
3,1.1474371859296482,70.23656912998067,25.41826020177203
3,1.1483417085427134,70.81613948876642,25.531038986450042
3,1.1492462311557787,71.40559602290212,25.645003804532475
3,1.1501507537688442,72.00523117713462,25.760176591915894
3,1.1510552763819095,72.61534724069169,25.876579702913403
3,1.1519597989949748,73.23625671539267,25.994235919170933
3,1.15286432160804,73.86828269872035,26.113168458787467
3,1.1537688442211054,74.51175928251124,26.233400985646593
3,1.1546733668341709,75.16703196794244,26.354957618962082
3,1.1555778894472362,75.83445809753148,26.477862943044848
3,1.1564824120603014,76.51440730489708,26.602142017295428
3,1.1573869346733667,77.20726198306068,26.72782038642859
3,1.158291457286432,77.913417772109,26.85492409093485
3,1.1591959798994975,78.63328406707483,26.983479677785535
3,1.1601005025125628,79.36728454693197,27.11351421138727
3,1.161005025125628,80.11585772564604,27.245055284791903
3,1.1619095477386934,80.87945752626277,27.378131031168778
3,1.1628140703517587,81.65855387906521,27.512770135545136
3,1.1637185929648242,82.45363334487936,27.649001846822294
3,1.1646231155778894,83.26519976465696,27.786855990073512
3,1.1655276381909547,84.09377493652339,27.926362979132065
3,1.16643216080402,84.93989932152667,28.06755382947486
3,1.1673366834170853,85.80413277939186,28.210460171411363
3,1.1682412060301508,86.6870553356415,28.355114263583467
3,1.169145728643216,87.58926798150938,28.50154900678534
3,1.1700502512562814,88.51139350814852,28.649797958111677
3,1.1709547738693467,89.45407737669673,28.7998953454412
3,1.171859296482412,90.41798862585046,28.95187608226578
3,1.1727638190954774,91.40382081866863,29.10577578287266
3,1.1736683417085427,92.4122930304155,29.261630777888875
3,1.174572864321608,93.4441508793443,29.41947813019872
3,1.1754773869346733,94.50016760240482,29.57935565124129
3,1.1763819095477386,95.58114517796722,29.741301917699772
3,1.1772864321608039,96.6879154977517,29.90535628859216
3,1.1781909547738694,97.8213415902601,30.071558922772976
3,1.1790954773869347,98.98231889812102,30.23995079685715
3,1.18,100.17177661188352,30.41057372357797
4,1.0,27.90027063464231,14.114925685054622
4,1.0009045226130653,28.06707068349705,14.161874899968335
4,1.0018090452261306,28.2339170251404,14.208788478437153
4,1.002713567839196,28.400812640422558,14.255667204077689
4,1.0036180904522614,28.567760543929026,14.302511862516983
4,1.0045226130653266,28.73476378510407,14.349323241433304
4,1.005427135678392,28.901825449397705,14.396102130597505
4,1.0063316582914572,29.06894865943707,14.442849321914426
4,1.0072361809045227,29.236136576223103,14.489565609464822
4,1.008140703517588,29.40339240035285,14.536251789547297
4,1.0090452261306533,29.57071937326884,14.582908660720761
4,1.0099497487437186,29.7381207785358,14.629537023847153
4,1.0108542713567839,29.905599943145784,14.676137682134325
4,1.0117587939698491,30.073160238852598,14.722711441179442
4,1.0126633165829146,30.240805083536436,14.769259109012495
4,1.01356783919598,30.40853794259944,14.815781496140296
4,1.0144723618090452,30.57636233039355,14.86227941559066
4,1.0153768844221105,30.744281811681226,14.90875368295705
4,1.0162814070351758,30.91230000313012,14.955205116443384
4,1.0171859296482413,31.080420574843032,15.001634536909346
4,1.0180904522613066,31.248647251923682,15.048042767915902
4,1.0189949748743719,31.416983816080172,15.094430635771303
4,1.0198994974874371,31.58543410726635,15.140798969577226
4,1.0208040201005024,31.754002025363018,15.187148601275503
4,1.021708542713568,31.922691531899794,15.233480365695069
4,1.0226130653266332,32.09150665181882,15.279795100599229
4,1.0235175879396985,32.26045147528199,15.326093646733497
4,1.0244221105527638,32.42953015952263,15.372376847873596
4,1.025326633165829,32.59874693074302,15.41864555087394
4,1.0262311557788946,32.76810608605936,15.46490060571643
4,1.0271356783919598,32.93761199549548,15.511142865559803
4,1.0280402010050251,33.1072691040268,15.557373186789105
4,1.0289447236180904,33.27708193367617,15.603592429065836
4,1.0298492462311557,33.44705508566298,15.64980145537837
4,1.030753768844221,33.61719324260721,15.69600113209269
4,1.0316582914572865,33.787501170790414,15.742192329003776
4,1.0325628140703518,33.95798372247475,15.78837591938714
4,1.033467336683417,34.12864583828269,15.834552780051062
4,1.0343718592964823,34.29949254963827,15.880723791389013
4,1.0352763819095476,34.47052898127269,15.926889837432652
4,1.0361809045226131,34.64176035379563,15.973051805905346
4,1.0370854271356784,34.81319198633433,16.01921058827579
4,1.0379899497487437,34.9848292992432,16.06536707981255
4,1.038894472361809,35.15667781688508,16.111522179638726
4,1.0397989949748743,35.328743170487236,16.157676790787228
4,1.0407035175879398,35.50103110107383,16.203831820256433
4,1.041608040201005,35.6735474624775,16.24998817906644
4,1.0425125628140703,35.84629822443272,16.296146782315766
4,1.0434170854271356,36.01928947575273,16.342308549238396
4,1.044321608040201,36.19252742759346,16.388474403261547
4,1.0452261306532664,36.36601841680669,16.43464527206384
4,1.0461306532663317,36.53976890938509,16.48082208763392
4,1.047035175879397,36.71378550400267,16.527005786329667
4,1.0479396984924623,36.88807493565278,16.573197308937946
4,1.0488442211055276,37.06264407938728,16.619397600734864
4,1.049748743718593,37.23749995415982,16.66560761154647
4,1.0506532663316583,37.4126497267764,16.711828295810204
4,1.0515577889447236,37.58810071595709,16.75806061263667
4,1.052462311557789,37.76386039651163,16.80430552587216
4,1.0533668341708542,37.93993640363302,16.8505640041616
4,1.0542713567839195,38.116336537312726,16.896837021012157
4,1.055175879396985,38.29306876688135,16.943125554857385
4,1.0560804020100503,38.470141235678426,16.989430589121945
4,1.0569849246231156,38.64756226585612,17.035753112286976
4,1.0578894472361808,38.82534036332033,17.082094117956025
4,1.0587939698492461,39.00348422281397,17.128454604921608
4,1.0596984924623116,39.182002733146945,17.174835577232315
4,1.060603015075377,39.360904982577324,17.221238044260677
4,1.0615075376884422,39.540200264348876,17.26766302077151
4,1.0624120603015075,39.71989808238949,17.314111526991073
4,1.0633165829145728,39.90000815717619,17.360584588676712
4,1.0642211055276383,40.08054043177157,17.407083237187226
4,1.0651256281407036,40.261505078037544,17.45360850955397
4,1.0660301507537688,40.44291250303212,17.50016144855248
4,1.0669346733668341,40.62477335559485,17.54674310277493
4,1.0678391959798994,40.8070985331273,17.59335452670317
4,1.0687437185929647,40.989899188574796,17.639996780782532
4,1.0696482412060302,41.173186737616035,17.686670931496344
4,1.0705527638190955,41.356972866067096,17.733378051441065
4,1.0714572864321608,41.54126953750744,17.780119219402327
4,1.072361809045226,41.72608900113437,17.82689552043148
4,1.0732663316582913,41.91144379985415,17.873708045923156
4,1.0741708542713568,42.09734677861694,17.920557893693296
4,1.0750753768844221,42.283811093004054,17.967446168058125
4,1.0759798994974874,42.470850218075846,18.014373979913962
4,1.0768844221105527,42.658477957488266,18.061342446817562
4,1.077788944723618,42.84670845288769,18.108352693067467
4,1.0786934673366835,43.035556193592875,18.155405849786128
4,1.0795979899497488,43.22503602657348,18.202503055002705
4,1.080502512562814,43.41516316673556,18.249645453736882
4,1.0814070351758793,43.6059532075236,18.296834198083403
4,1.0823115577889446,43.797422131850055,18.344070447297398
4,1.0832160804020101,43.98958632336351,18.39135536788074
4,1.0841206030150754,44.1824625780662,18.438690133669102
4,1.0850251256281407,44.37606811629364,18.486075925919877
4,1.085929648241206,44.57042059506762,18.533513933401323
4,1.0868341708542713,44.76553812083555,18.58100535248199
4,1.0877386934673368,44.96143926260956,18.628551387221663
4,1.088643216080402,45.15814306551809,18.676153249462825
4,1.0895477386934673,45.355669064785275,18.723812158923344
4,1.0904522613065326,45.55403730015111,18.771529343289792
4,1.091356783919598,45.75326833074894,18.81930603831202
4,1.0922613065326634,45.95338325045475,18.867143487898467
4,1.0931658291457287,46.154403703725194,18.915042944212615
4,1.094070351758794,46.35635190194099,18.963005667770318
4,1.0949748743718593,46.55925064027267,19.011032927538224
4,1.0958793969849245,46.763123315087256,19.05912600103314
4,1.0967839195979898,46.967993941914244,19.107286174422573
4,1.0976884422110553,47.17388717399034,19.15551474262598
4,1.0985929648241206,47.380828321402944,19.203813009417534
4,1.099497487437186,47.58884337085378,19.25218228752957
4,1.1004020100502512,47.79795900606321,19.30062389875731
4,1.1013065326633165,48.008202628838745,19.349139174064682
4,1.102211055276382,48.21960238083023,19.397729453691188
4,1.1031155778894473,48.432187165996154,19.44639608725975
4,1.1040201005025125,48.64598667380628,19.49514043388621
4,1.1049246231155778,48.861031403205814,19.54396386228925
4,1.105829145728643,49.077352687368936,19.592867750902112
4,1.1067336683417084,49.2949827192689,19.64185348798516
4,1.107638190954774,49.51395457809416,19.690922471739736
4,1.1085427135678392,49.734302256539934,19.74007611042316
4,1.1094472361809045,49.956060689007614,19.789315822465074
4,1.1103517587939697,50.179265780742995,19.838643036585005
4,1.111256281407035,50.40395443794769,19.888059191911008
4,1.1121608040201005,50.6301645988989,19.93756573809986
4,1.1130653266331658,50.85793526611267,19.987164135458272
4,1.113969849246231,51.08730653958976,20.036855855065685
4,1.1148743718592964,51.31831965118168,20.086642378898148
4,1.1157788944723617,51.55101700011836,20.136525199953592
4,1.1166834170854272,51.78544218973922,20.1865058223786
4,1.1175879396984925,52.02164006547129,20.236585761596352
4,1.1184924623115577,52.259656754100185,20.286766544436084
4,1.119396984924623,52.49953970438056,20.33704970926399
4,1.1203015075376883,52.741337729035045,20.387436806115304
4,1.1212060301507538,52.98510104819337,20.437929396828256
4,1.122110552763819,53.230881334323016,20.488529055178923
4,1.1230150753768844,53.47873175870831,20.539237367018238
4,1.1239195979899497,53.728707039532836,20.590055930409765
4,1.124824120603015,53.98086349162639,20.640986355769623
4,1.1257286432160805,54.23525907793678,20.692030266007627
4,1.1266331658291457,54.49195346279099,20.743189296669915
4,1.127537688442211,54.75100806701278,20.79446509608345
4,1.1284422110552763,55.012486124964866,20.845859325501824
4,1.1293467336683416,55.27645274358841,20.897373659252843
4,1.130251256281407,55.54297496351447,20.94900978488781
4,1.1311557788944724,55.8121218223246,21.00076940333205
4,1.1320603015075377,56.08396442004265,21.05265422903781
4,1.132964824120603,56.358575986940444,21.104665990138265
4,1.1338693467336682,56.63603195374567,21.156806428603435
4,1.1347738693467337,56.91641002434281,21.209077300397976
4,1.135678391959799,57.199790251060996,21.261480375640545
4,1.1365829145728643,57.48625511264869,21.314017438765063
4,1.1374874371859296,57.77588959503568,21.366690288683763
4,1.1383919597989949,58.068781274990286,21.41950073895205
4,1.1392964824120602,58.36502040678191,21.472450617935316
4,1.1402010050251257,58.664700011964605,21.525541768977458
4,1.141105527638191,58.967915972400846,21.57877605057142
4,1.1420100502512562,59.274767126652044,21.632155336531742
4,1.1429145728643215,59.58535536986358,21.685681516168813
4,1.1438190954773868,59.899785757281485,21.739356494465483
4,1.144723618090452,60.218166611540354,21.79318219225523
4,1.1456281407035176,60.54060963387006,21.847160546402684
4,1.1465326633165829,60.86723001937301,21.901293509986118
4,1.1474371859296482,61.198146576531855,21.95558305248209
4,1.1483417085427134,61.5334818511122,22.010031159951893
4,1.1492462311557787,61.873362254633314,22.06463983523061
4,1.1501507537688442,62.21791819758629,22.119411098117933
4,1.1510552763819095,62.56728422758606,22.174346985571404
4,1.1519597989949748,62.92159917265343,22.2294495519018
4,1.15286432160804,63.281006289828255,22.28472086897076
4,1.1537688442211054,63.64565341932669,22.340163026390734
4,1.1546733668341709,64.01569314446198,22.39577813172714
4,1.1555778894472362,64.39128295755816,22.451568310702957
4,1.1564824120603014,64.77258543209749,22.507535707405772
4,1.1573869346733667,65.15976840134837,22.563682484496827
4,1.158291457286432,65.553005143736,22.62001082342318
4,1.1591959798994975,65.95247457522515,22.67652292463154
4,1.1601005025125628,66.35836144899787,22.73322100778521
4,1.161005025125628,66.77085656272155,22.790107311983235
4,1.1619095477386934,67.19015697371229,22.847184095982293
4,1.1628140703517587,67.61646622231558,22.904453638420925
4,1.1637185929648242,68.04999456383716,22.96191823804671
4,1.1646231155778894,68.49095920937228,23.019580213945893
4,1.1655276381909547,68.9395845758972,23.07744190577558
4,1.16643216080402,69.39610254600082,23.135505673999162
4,1.1673366834170853,69.86075273765204,23.19377390012389
4,1.1682412060301508,70.33378278441545,23.252248986941616
4,1.169145728643216,70.81544862654471,23.310933358772402
4,1.1700502512562814,71.30601481340389,23.369829461710687
4,1.1709547738693467,71.80575481768369,23.428939763874787
4,1.171859296482412,72.31495136190252,23.48826675565898
4,1.1727638190954774,72.83389675770235,23.547812949988774
4,1.1736683417085427,73.3628932584719,23.607580882579104
4,1.174572864321608,73.90225342585443,23.667573112195726
4,1.1754773869346733,74.452300510719,23.727792220919696
4,1.1763819095477386,75.01336884920255,23.788240814414756
4,1.1772864321608039,75.58580427445605,23.848921522198232
4,1.1781909547738694,76.16996454475532,23.909836997914955
4,1.1790954773869347,76.76621978866669,23.970989919614674
4,1.18,77.37495296799077,24.03238299003245
5,1.0,24.44850430132096,21.09496883125072
5,1.0009045226130653,24.72891447908273,21.166968409392148
5,1.0018090452261306,25.0096480359204,21.238963500535473
5,1.002713567839196,25.290715758343985,21.310957022550063
5,1.0036180904522614,25.57212857981434,21.382951923184873
5,1.0045226130653266,25.853897585264725,21.4549511806722
5,1.005427135678392,26.136034015719414,21.5269578043421
5,1.0063316582914572,26.418549273013227,21.598974835247688
5,1.0072361809045227,26.701454924615362,21.671005346801852
5,1.008140703517588,26.984762708560183,21.74305244542524
5,1.0090452261306533,27.26848453848932,21.815119271206008
5,1.0099497487437186,27.552632508807957,21.88720899857161
5,1.0108542713567839,27.83721889995904,21.959324836972556
5,1.0117587939698491,28.122256183819445,22.03147003157875
5,1.0126633165829146,28.407757029222104,22.10364786398861
5,1.01356783919598,28.6937343076071,22.17586165295094
5,1.0144723618090452,28.980201098807512,22.248114755100257
5,1.0153768844221105,29.267170696972777,22.32041056570555
5,1.0162814070351758,29.554656616634464,22.39275251943287
5,1.0171859296482413,29.842672598919407,22.465144091122042
5,1.0180904522613066,30.13123261791392,22.53758879657768
5,1.0189949748743719,30.420350887185133,22.610090193375136
5,1.0198994974874371,30.71004186646303,22.682651881681224
5,1.0208040201005024,31.000320268489467,22.755277505090458
5,1.021708542713568,31.291201066038717,22.82797075147689
5,1.0226130653266332,31.582699499114966,22.900735353861908
5,1.0235175879396985,31.874831082333465,22.97357509129856
5,1.0244221105527638,32.16761161248923,23.046493789772317
5,1.025326633165829,32.46105717632106,23.119495323119104
5,1.0262311557788946,32.755184158476084,23.192583613960636
5,1.0271356783919598,33.05000924968103,23.26576263465756
5,1.0280402010050251,33.34554945512803,23.3390364082808
5,1.0289447236180904,33.64182210308019,23.412409009601454
5,1.0298492462311557,33.93884485370495,23.48588456609966
5,1.030753768844221,34.23663570814214,23.559467258992804
5,1.0316582914572865,34.535213017814385,23.63316132428356
5,1.0325628140703518,34.834595493987024,23.70697105382809
5,1.033467336683417,35.1348022175868,23.780900796424962
5,1.0343718592964823,35.435852649286,23.854954958925184
5,1.0352763819095476,35.737766639861654,23.92913800736372
5,1.0361809045226131,36.040564440838374,24.00345446811311
5,1.0370854271356784,36.34426671542337,24.077908929059475
5,1.0379899497487437,36.64889454974447,24.15250604080176
5,1.038894472361809,36.954469464399004,24.22725051787423
5,1.0397989949748743,37.2610134263252,24.30214713999308
5,1.0407035175879398,37.568548861005695,24.37720075332767
5,1.041608040201005,37.87709866501385,24.4524162717966
5,1.0425125628140703,38.18668621891507,24.527798678389736
5,1.0434170854271356,38.49733540053295,24.60335302651607
5,1.044321608040201,38.809070598593735,24.679084441378695
5,1.0452261306532664,39.12191672676046,24.75499812137682
5,1.0461306532663317,39.43589923806968,24.831099339535914
5,1.047035175879397,39.75104413978484,24.90739344496647
5,1.0479396984924623,40.06737800867853,24.983885864351812
5,1.0488442211055276,40.3849280067587,25.060582103465855
5,1.049748743718593,40.70372189745356,25.137487748721355
5,1.0506532663316583,41.0237880622694,25.21460846874934
5,1.0515577889447236,41.34515551793841,25.291950016010432
5,1.052462311557789,41.66785393407141,25.369518228438835
5,1.0533668341708542,41.99191365133299,25.447319031119477
5,1.0542713567839195,42.317365700156344,25.525358437999365
5,1.055175879396985,42.64424182001599,25.60364255363373
5,1.0560804020100503,42.972574479276375,25.682177574967618
5,1.0569849246231156,43.30239689563711,25.76096979315421
5,1.0578894472361808,43.633743057193136,25.840025595410047
5,1.0587939698492461,43.966647744132004,25.91935146690851
5,1.0596984924623116,44.30114655108894,25.99895399271208
5,1.060603015075377,44.63727591018228,26.078839859744434
5,1.0615075376884422,44.97507311475285,26.159015858803343
5,1.0624120603015075,45.31457634383009,26.239488886614943
5,1.0633165829145728,45.655824687351,26.32026594793085
5,1.0642211055276383,45.99885817215681,26.401354157668464
5,1.0651256281407036,46.343717788794194,26.482760743096076
5,1.0660301507537688,46.690445519149236,26.564493046063234
5,1.0669346733668341,47.03908436494218,26.646558525277946
5,1.0678391959798994,47.38967837711277,26.728964758631214
5,1.0687437185929647,47.74227268612754,26.811719445570464
5,1.0696482412060302,48.09691353324041,26.894830409522655
5,1.0705527638190955,48.45364830274012,26.97830560036848
5,1.0714572864321608,48.81252555521927,27.062153096968608
5,1.072361809045226,49.1735950618998,27.14638110974326
5,1.0732663316582913,49.53690784005282,27.230997983306395
5,1.0741708542713568,49.902516189550596,27.3160121991556
5,1.0750753768844221,50.27047373059121,27.401432378419166
5,1.0759798994974874,50.64083544263701,27.487267284661513
5,1.0768844221105527,51.0136577046098,27.573525826748565
5,1.077788944723618,51.38899833638743,27.66021706177394
5,1.0786934673366835,51.766916641648265,27.747350198048082
5,1.0795979899497488,52.14747345211146,27.83493459815117
5,1.080502512562814,52.53073117322343,27.922979782051698
5,1.0814070351758793,52.91675383134166,28.011495430292
5,1.0823115577889446,53.30560712247038,28.100491387242485
5,1.0832160804020101,53.69735846260399,28.189977664426085
5,1.0841206030150754,54.09207703973553,28.27996444391437
5,1.0850251256281407,54.48983386759254,28.370462081797605
5,1.085929648241206,54.89070184116065,28.461481111729793
5,1.0868341708542713,55.294755794061864,28.55303224855082
5,1.0877386934673368,55.70207255785455,28.64512639198757
5,1.088643216080402,56.11273102332541,28.737774630435688
5,1.0895477386934673,56.526812203847626,28.830988244823985
5,1.0904522613065326,56.94439930087981,28.92477871256363
5,1.091356783919598,57.365577771685864,29.019157711583638
5,1.0922613065326634,57.79043539935755,29.11413712445532
5,1.0931658291457287,58.21906236522507,29.209729042607172
5,1.094070351758794,58.651551323745906,29.30594577063328
5,1.0949748743718593,59.08799747996174,29.402799830696186
5,1.0958793969849245,59.52849866962228,29.50030396702767
5,1.0967839195979898,59.973155442074415,29.598471150529225
5,1.0976884422110553,60.42207114602111,29.6973145834745
5,1.0985929648241206,60.87535201825814,29.79684770431645
5,1.099497487437186,61.33310727550227,29.897084192601824
5,1.1004020100502512,61.7954492094261,29.998037973995082
5,1.1013065326633165,62.26249328502322,30.099723225414735
5,1.102211055276382,62.73435824243005,30.202154380284924
5,1.1031155778894473,63.211166202335534,30.30534613390455
5,1.1040201005025125,63.693042775118364,30.4093134489375
5,1.1049246231155778,64.18011717385232,30.514071561026313
5,1.105829145728643,64.67252233133019,30.61963598453229
5,1.1067336683417084,65.17039502126168,30.72602251840585
5,1.107638190954774,65.673875983806,30.833247252189395
5,1.1085427135678392,66.1831100556074,30.941326572156424
5,1.1094472361809045,66.69824630451038,31.05027716759009
5,1.1103517587939697,67.21943816913566,31.160116037204922
5,1.111256281407035,67.746843603507,31.270860495714558
5,1.1121608040201005,68.28062522692915,31.382528180549897
5,1.1130653266331658,68.8209504793198,31.495137058730336
5,1.113969849246231,69.36799178221558,31.608705433893505
5,1.1148743718592964,69.92192670567121,31.723251953485263
5,1.1157788944723617,70.4829381412897,31.83879561611601
5,1.1166834170854272,71.05121448162471,31.95535577908577
5,1.1175879396984925,71.62694980621008,32.072952166083454
5,1.1184924623115577,72.21034407448195,32.191604875063845
5,1.119396984924623,72.80160332586834,32.31133438630722
5,1.1203015075376883,73.40093988733469,32.4321615706658
5,1.1212060301507538,74.00857258868655,32.554107698001836
5,1.122110552763819,74.62472698594048,32.677194445822245
5,1.1230150753768844,75.24963559309387,32.80144390811475
5,1.1239195979899497,75.8835381226293,32.926878604390104
5,1.124824120603015,76.52668173511401,33.05352148893617
5,1.1257286432160805,77.17932129826268,33.18139596028907
5,1.1266331658291457,77.84171965585116,33.310525870926185
5,1.127537688442211,78.51414790688776,33.44093553718801
5,1.1284422110552763,79.19688569545995,33.572649749433175
5,1.1293467336683416,79.89022151170062,33.70569378243346
5,1.130251256281407,80.59445300433138,33.840093406014596
5,1.1311557788944724,81.30988730526383,33.97587489594902
5,1.1320603015075377,82.03684136676037,34.11306504510716
5,1.132964824120603,82.77564231167786,34.25169117487418
5,1.1338693467336682,83.52662779733944,34.391781146837644
5,1.1347738693467337,84.290146393609,34.5333633747552
5,1.135678391959799,85.06655797575974,34.676466836806846
5,1.1365829145728643,85.85623413276718,34.8211210881419
5,1.1374874371859296,86.65955859166989,34.96735627372549
5,1.1383919597989949,87.47692765868504,35.11520314149459
5,1.1392964824120602,88.30875067778618,35.264693055830016
5,1.1402010050251257,89.15545050748808,35.41585801135325
5,1.141105527638191,90.01746401661488,35.56873064705661
5,1.1420100502512562,90.89524259986544,35.723344260774724
5,1.1429145728643215,91.7892527140225,35.87973282400688
5,1.1438190954773868,92.6999764356966,36.03793099709934
5,1.144723618090452,93.62791204153051,36.19797414479608
5,1.1456281407035176,94.57357461183804,36.359898352168806
5,1.1465326633165829,95.53749665869063,36.52374044093526
5,1.1474371859296482,96.52022877951742,36.68953798617664
5,1.1483417085427134,97.52234033732664,36.857329333463824
5,1.1492462311557787,98.54442016871522,37.02715361640395
5,1.1501507537688442,99.58707732088124,37.19905077461777
5,1.1510552763819095,100.65094181891334,37.373061572159244
5,1.1519597989949748,101.73666546469364,37.54922761638981
5,1.15286432160804,102.84492266880356,37.727591377317694
5,1.1537688442211054,103.97641131689943,37.90819620741651
5,1.1546733668341709,105.13185367208442,38.09108636193449
5,1.1555778894472362,106.31199731487682,38.27630701970742
5,1.1564824120603014,107.51761612245868,38.46390430448999
5,1.1573869346733667,108.74951128895174,38.65392530681743
5,1.158291457286432,110.00851238856919,38.84641810641352
5,1.1591959798994975,111.29547848356503,39.041431795157614
5,1.1601005025125628,112.61129927900235,39.23901650062756
5,1.161005025125628,113.95689632645838,39.43922341023265
5,1.1619095477386934,115.33322427887825,39.642104795952775
5,1.1628140703517587,116.74127219890613,39.847714039700385
5,1.1637185929648242,118.18206492312598,40.056105659321666
5,1.1646231155778894,119.65666448476537,40.26733533525437
5,1.1655276381909547,121.16617159754068,40.48145993786011
5,1.16643216080402,122.71172720344677,40.698537555449136
5,1.1673366834170853,124.29451408743455,40.91862752301661
5,1.1682412060301508,125.91575856206421,41.14179045170961
5,1.169145728643216,127.57673222536579,41.36808825904449
5,1.1700502512562814,129.27875379530948,41.597584199895806
5,1.1709547738693467,131.02319102443846,41.830342898277024
5,1.171859296482412,132.8114626984069,42.066430379934744
5,1.1727638190954774,134.64504072234269,42.30591410577985
5,1.1736683417085427,136.52545229914568,42.548863006176475
5,1.174572864321608,138.45428220404818,42.79534751611453
5,1.1754773869346733,140.43317515996097,43.045439611288586
5,1.1763819095477386,142.46383831837014,43.299212845108926
5,1.1772864321608039,144.5480438507778,43.556742386669725
5,1.1781909547738694,146.68763165593433,43.818105059702035
5,1.1790954773869347,148.88451218836715,44.08337938253726
5,1.18,151.14066941400034,44.35264560911092
6,1.0,13.538860062067695,21.41433904708434
6,1.0009045226130653,13.810911237460271,21.475976426061212
6,1.0018090452261306,14.083333921925814,21.537578418300065
6,1.002713567839196,14.356140690050207,21.599147659139646
6,1.0036180904522614,14.62934430058229,21.660686812877785
6,1.0045226130653266,14.902957702306526,21.722198573479893
6,1.005427135678392,15.176994040047479,21.783685665301675
6,1.0063316582914572,15.451466660811029,21.845150843826342
6,1.0072361809045227,15.726389120067061,21.9065968964168
6,1.008140703517588,16.001775188177785,21.968026643083135
6,1.0090452261306533,16.27763885697712,22.02944293726572
6,1.0099497487437186,16.55399434650538,22.090848666634443
6,1.0108542713567839,16.83085611190493,22.152246753904258
6,1.0117587939698491,17.1082388504818,22.213640157667704
6,1.0126633165829146,17.3861575089388,22.275031873244636
6,1.01356783919598,17.664627290785397,22.336424933549587
6,1.0144723618090452,17.943663663931016,22.397822409977415
6,1.0153768844221105,18.223282368466506,22.459227413307364
6,1.0162814070351758,18.50349942464064,22.520643094626234
6,1.0171859296482413,18.78433114103816,22.582072646271115
6,1.0180904522613066,19.065794122964867,22.643519302791876
6,1.0189949748743719,19.34790528104817,22.704986341934504
6,1.0198994974874371,19.630681840058244,22.766477085645082
6,1.0208040201005024,19.914141347958292,22.827994901095543
6,1.021708542713568,20.19830168519068,22.88954320173133
6,1.0226130653266332,20.483181074206605,22.9511254483416
6,1.0235175879396985,20.768798089247944,23.012745150152863
6,1.0244221105527638,21.055171666388283,23.07440586594604
6,1.025326633165829,21.342321113842438,23.13611120519809
6,1.0262311557788946,21.63026612255286,23.19786482924841
6,1.0271356783919598,21.919026777061763,23.2596704524909
6,1.0280402010050251,22.208623566678973,23.321531843592282
6,1.0289447236180904,22.499077396954107,23.383452826737106
6,1.0298492462311557,22.790409601463775,23.445437282900514
6,1.030753768844221,23.082641953923744,23.50748915114906
6,1.0316582914572865,23.37579668063691,23.56961242997062
6,1.0325628140703518,23.66989647328745,23.631811178633818
6,1.033467336683417,23.96496450209367,23.694089518578007
6,1.0343718592964823,24.26102442933,23.75645163483447
6,1.0352763819095476,24.558100423231025,23.81890177747942
6,1.0361809045226131,24.856217172290023,23.881444263120034
6,1.0370854271356784,25.155399899964504,23.94408347641388
6,1.0379899497487437,25.45567437980322,24.006823871623023
6,1.038894472361809,25.75706695100743,24.069669974203443
6,1.0397989949748743,26.059604534441334,24.132626382430583
6,1.0407035175879398,26.36331464910659,24.1956977690623
6,1.041608040201005,26.66822542909605,24.258888883039745
6,1.0425125628140703,26.974365641043377,24.322204551227564
6,1.0434170854271356,27.281764702083812,24.385649680194096
6,1.044321608040201,27.590452698344322,24.449229258032673
6,1.0452261306532664,27.90046040398031,24.51294835622532
6,1.0461306532663317,28.211819300776988,24.576812131549474
6,1.047035175879397,28.524561598335353,24.640825828029456
6,1.0479396984924623,28.838720254861123,24.704994778933205
6,1.0488442211055276,29.154328998577835,24.769324408815894
6,1.049748743718593,29.471422349785144,24.833820235611505
6,1.0506532663316583,29.790035643583472,24.89848787277348
6,1.0515577889447236,30.110205053289192,24.96333303146607
6,1.052462311557789,30.43196761456158,25.028361522807227
6,1.0533668341708542,30.755361250267896,25.093579260164738
6,1.0542713567839195,31.080424796110677,25.158992261506974
6,1.055175879396985,31.40719802704369,25.22460665180944
6,1.0560804020100503,31.735721684503176,25.290428665518807
6,1.0569849246231156,32.0660375044836,25.35646464907589
6,1.0578894472361808,32.39818824648563,25.42272106349911
6,1.0587939698492461,32.73221772336708,25.48920448702992
6,1.0596984924623116,33.06817083212877,25.55592161784209
6,1.060603015075377,33.406093585666234,25.622879276816178
6,1.0615075376884422,33.746033145522915,25.690084410381317
6,1.0624120603015075,34.088037855677776,25.757544093425814
6,1.0633165829145728,34.43215727740501,25.825265532278365
6,1.0642211055276383,34.77844222524278,25.893256067762046
6,1.0651256281407036,35.126944804109876,25.961523178322686
6,1.0660301507537688,35.47771844761158,26.030074483233875
6,1.0669346733668341,35.8308179575756,26.09891774588047
6,1.0678391959798994,36.186299544862706,26.168060877122816
6,1.0687437185929647,36.54422087149641,26.237511938743673
6,1.0696482412060302,36.904641094159714,26.307279146980427
6,1.0705527638190955,37.267620909106355,26.37737087614433
6,1.0714572864321608,37.63322259853901,26.447795662329746
6,1.072361809045226,38.001510078505355,26.51856220721536
6,1.0732663316582913,38.37254894836731,26.58967938195989
6,1.0741708542713568,38.74640654190051,26.661156231195193
6,1.0750753768844221,39.12315198008234,26.73300197711893
6,1.0759798994974874,39.502856225630694,26.805226023690018
6,1.0768844221105527,39.885592139355566,26.87783796092907
6,1.077788944723618,40.2714345383913,26.95084756932726
6,1.0786934673366835,40.660460256377064,27.024264824366238
6,1.0795979899497488,41.05274820565687,27.098099901152032
6,1.080502512562814,41.44837944157479,27.17236317916662
6,1.0814070351758793,41.84743722894052,27.24706524713964
6,1.0823115577889446,42.25000711074699,27.322216908044197
6,1.0832160804020101,42.65617697922259,27.397829184219717
6,1.0841206030150754,43.066037149304904,27.473913322625656
6,1.0850251256281407,43.47968043462694,27.550480800229593
6,1.085929648241206,43.89720222610793,27.62754332953334
6,1.0868341708542713,44.31870057324773,27.705112864241002
6,1.0877386934673368,44.74427626822579,27.7832016050729
6,1.088643216080402,45.174032932909505,27.861822005729344
6,1.0895477386934673,45.60807710888385,27.94098677900871
6,1.0904522613065326,46.046518350613425,28.020708903083587
6,1.091356783919598,46.48946932185919,28.101001627940168
6,1.0922613065326634,46.9370458954707,28.18187848198464
6,1.0931658291457287,47.38936725668476,28.26335327882198
6,1.094070351758794,47.84655601006387,28.3454401242116
6,1.0949748743718593,48.308738290213554,28.428153423204833
6,1.0958793969849245,48.77604387642465,28.51150788746964
6,1.0967839195979898,49.24860631139181,28.59551854280761
6,1.0976884422110553,49.72656302416537,28.68020073686872
6,1.0985929648241206,50.210055457501014,28.765570147069553
6,1.099497487437186,50.699229199779126,28.851642788720884
6,1.1004020100502512,51.194234121670235,28.938435023370218
6,1.1013065326633165,51.69522451773299,29.025963567365615
6,1.102211055276382,52.20235925313915,29.114245500647463
6,1.1031155778894473,52.71580191572464,29.20329827577404
6,1.1040201005025125,53.23572097357945,29.293139727188205
6,1.1049246231155778,53.76228993839284,29.38378808073182
6,1.105829145728643,54.29568753478368,29.475261963415008
6,1.1067336683417084,54.836097875853014,29.567580413447853
6,1.107638190954774,55.38371064520706,29.660762890541914
6,1.1085427135678392,55.93872128570863,29.754829286489294
6,1.1094472361809045,56.50133119522866,29.849799936027743
6,1.1103517587939697,57.071747929676036,29.945695627999427
6,1.111256281407035,57.65018541360146,30.042537616812623
6,1.1121608040201005,58.236864158681186,30.140347634214727
6,1.1130653266331658,58.832011490397434,30.2391479013855
6,1.113969849246231,59.435861783253145,30.338961141360798
6,1.1148743718592964,60.04865670486411,30.43981059179538
6,1.1157788944723617,60.67064546929389,30.541720018075452
6,1.1166834170854272,61.302085100009634,30.644713726790997
6,1.1175879396984925,61.94324070285361,30.748816579578662
6,1.1184924623115577,62.59438574944409,30.85405400734586
6,1.119396984924623,63.255802371435436,30.960452024887722
6,1.1203015075376883,63.927781666087114,31.068037245908172
6,1.1212060301507538,64.61062401361332,31.176836898457474
6,1.122110552763819,65.30463940680059,31.286878840798344
6,1.1230150753768844,66.01014779341061,31.39819157771379
6,1.1239195979899497,66.72747943189802,31.510804277269173
6,1.124824120603015,67.45697526100818,31.624746788043048
6,1.1257286432160805,68.19898728383527,31.740049656839975
6,1.1266331658291457,68.95387896695327,31.856744146900077
6,1.127537688442211,69.7220256552593,31.974862256620494
6,1.1284422110552763,70.50381500319452,32.0944367388041
6,1.1293467336683416,71.29964742304091,32.21550112045078
6,1.130251256281407,72.1099365510245,32.33808972310881
6,1.1311557788944724,72.93510973198485,32.462237683802016
6,1.1320603015075377,73.77560852341233,32.58798097655158
6,1.132964824120603,74.63188921968279,32.71535643450929
6,1.1338693467336682,75.50442339736448,32.844401772721596
6,1.1347738693467337,76.3936984825104,32.97515561154385
6,1.135678391959799,77.30021834088652,33.10765750072363
6,1.1365829145728643,78.22450389214245,33.241947944175294
6,1.1374874371859296,79.16709374896065,33.3780684254651
6,1.1383919597989949,80.12854488228592,33.51606143403043
6,1.1392964824120602,81.10943331377514,33.655970492154495
6,1.1402010050251257,82.11035483666885,33.79784018272044
6,1.141105527638191,83.13192576633705,33.94171617776897
6,1.1420100502512562,84.17478372181714,34.08764526788421
6,1.1429145728643215,85.2395884397141,34.23567539243336
6,1.1438190954773868,86.32702262190944,34.38585567068718
6,1.144723618090452,87.43779281858477,34.538236433848326
6,1.1456281407035176,88.5726303481418,34.69286925801576
6,1.1465326633165829,89.7322922556762,34.84980699811528
6,1.1474371859296482,90.91756231173994,35.009103822825324
6,1.1483417085427134,92.12925205321054,35.170815250530254
6,1.1492462311557787,93.36820186817434,35.334998186332896
6,1.1501507537688442,94.63528212682046,35.50171096015985
6,1.1510552763819095,95.93139436043955,35.67101336599387
6,1.1519597989949748,97.25747249072673,35.84296670226958
6,1.15286432160804,98.61448411168482,36.017633813468535
6,1.1537688442211054,100.00343182654677,36.19507913295217
6,1.1546733668341709,101.4253546422489,36.37536872707204
6,1.1555778894472362,102.88132942410678,36.55857034059768
6,1.1564824120603014,104.37247241348827,36.744753443504756
6,1.1573869346733667,105.89994081139739,36.93398927916638
6,1.158291457286432,107.46493443104167,37.126350913992525
6,1.1591959798994975,109.06869742260257,37.321913288564815
6,1.1601005025125628,110.71252007358197,37.520753270313726
6,1.161005025125628,112.39774068827978,37.72294970778903
6,1.1619095477386934,114.12574755011384,37.92858348657323
6,1.1628140703517587,115.89798097070229,38.13773758689343
6,1.1637185929648242,117.71593542980393,38.35049714298425
6,1.1646231155778894,119.58116181043155,38.566949504260364
6,1.1655276381909547,121.49526973366602,38.78718429835706
6,1.16643216080402,123.4599299979215,39.01129349609856
6,1.1673366834170853,125.4768771276647,39.23937147845919
6,1.1682412060301508,127.54791203683364,39.471515105580735
6,1.169145728643216,129.67490481247023,39.70782378791359
6,1.1700502512562814,131.85979762437307,39.94839955955266
6,1.1709547738693467,134.10460776685267,40.193347153838594
6,1.171859296482412,136.41143083900482,40.44277408130017
6,1.1727638190954774,138.78244407023135,40.696790710014426
6,1.1736683417085427,141.2199097980913,40.9555103484645
6,1.174572864321608,143.72617910593516,41.219049330978706
6,1.1754773869346733,146.30369562814803,41.48752710583581
6,1.1763819095477386,148.9549995312433,41.761066326124705
6,1.1772864321608039,151.68273167948087,42.039792943452156
6,1.1781909547738694,154.48963799412158,42.323836304591076
6,1.1790954773869347,157.37857401591955,42.61332925116987
6,1.18,160.35250968095986,42.90840822250439
7,1.0,21.62162227312353,28.756516309868907
7,1.0009045226130653,21.957949116995643,28.85212533393947
7,1.0018090452261306,22.294704157837714,28.947774884668597
7,1.002713567839196,22.631898135315282,29.0434694442365
7,1.0036180904522614,22.969541942029757,29.139213543623065
7,1.0045226130653266,23.30764662739853,29.235011763584264
7,1.005427135678392,23.646223401615487,29.33086873564597
7,1.0063316582914572,23.98528363969512,29.42678914311587
7,1.0072361809045227,24.32483888560271,29.522777722113815
7,1.008140703517588,24.664900856472155,29.61883926262078
7,1.0090452261306533,25.00548144691537,29.71497860954721
7,1.0099497487437186,25.346592733424465,29.811200663820884
7,1.0108542713567839,25.688246978870033,29.90751038349461
7,1.0117587939698491,26.030456637098435,30.0039127848746
7,1.0126633165829146,26.37323435763055,30.100412943669504
7,1.01356783919598,26.716592990464697,30.19701599616083
7,1.0144723618090452,27.060545590987783,30.2937271403951
7,1.0153768844221105,27.405105424996293,30.390551637398183
7,1.0162814070351758,27.75028597383126,30.487494812412407
7,1.0171859296482413,28.096100939630198,30.58456205615674
7,1.0180904522613066,28.44256425069898,30.681758826110592
7,1.0189949748743719,28.789690067008273,30.779090647822066
7,1.0198994974874371,29.137492785816207,30.87656311624052
7,1.0208040201005024,29.48598704742271,30.974181897074654
7,1.021708542713568,29.8351877410583,31.0719527281762
7,1.0226130653266332,30.185110010911004,31.16988142094992
7,1.0235175879396985,30.53576926229671,31.267973861790644
7,1.0244221105527638,30.887181167975182,31.36623601354751
7,1.025326633165829,31.239361674617633,31.46467391701662
7,1.0262311557788946,31.592327009429034,31.563293692461897
7,1.0271356783919598,31.946093686930027,31.662101541165576
7,1.0280402010050251,32.30067851590398,31.761103747008576
7,1.0289447236180904,32.65609860651193,31.86030667808118
7,1.0298492462311557,33.01237137758243,31.95971678832531
7,1.030753768844221,33.3695145640798,32.05934061920834
7,1.0316582914572865,33.72754622475708,32.15918480142983
7,1.0325628140703518,34.086484749997894,32.25925605666119
7,1.033467336683417,34.446348869854624,32.3595611993199
7,1.0343718592964823,34.807157662286215,32.46010713837802
7,1.0352763819095476,35.16893056160352,32.56090087920653
7,1.0361809045226131,35.53168736712712,32.66194952545585
7,1.0370854271356784,35.895448252064156,32.763260280973505
7,1.0379899497487437,36.2602337726113,32.86484045175986
7,1.038894472361809,36.626064877289096,32.966697447962346
7,1.0397989949748743,36.992962916516255,33.068838785909634
7,1.0407035175879398,37.36094965242935,33.17127209018599
7,1.041608040201005,37.73004726895651,33.27400509574727
7,1.0425125628140703,38.100278382152275,33.377045650079026
7,1.0434170854271356,38.47166605080108,33.48040171539803
7,1.044321608040201,38.84423378729767,33.58408137089785
7,1.0452261306532664,39.21800556881301,33.688092815039695
7,1.0461306532663317,39.593005848753606,33.792444367889395
7,1.047035175879397,39.96925956852417,33.89714447350164
7,1.0479396984924623,40.346792169601585,34.002201702352515
7,1.0488442211055276,40.72562960593036,34.10762475382131
7,1.049748743718593,41.10579835664922,34.213422458722775
7,1.0506532663316583,41.487325439158404,34.31960378189095
7,1.0515577889447236,41.87023842253956,34.42617782481596
7,1.052462311557789,42.25456544133676,34.533153828334385
7,1.0533668341708542,42.64033520971164,34.640541175374985
7,1.0542713567839195,43.027577035983356,34.74834939376071
7,1.055175879396985,43.416320837565365,34.8565881590685
7,1.0560804020100503,43.80659715631086,34.965267297547754
7,1.0569849246231156,44.198437174280755,35.07439678909942
7,1.0578894472361808,44.59187272994593,35.183986770316565
7,1.0587939698492461,44.98693633483788,35.29404753758793
7,1.0596984924623116,45.38366119066225,35.4045895502662
7,1.060603015075377,45.78208120688846,35.5156234339018
7,1.0615075376884422,46.182231018832454,35.62715998354474
7,1.0624120603015075,46.58414600624562,35.739210167115004
7,1.0633165829145728,46.98786231242784,35.851785128843595
7,1.0642211055276383,47.39341686388033,35.96489619278583
7,1.0651256281407036,47.80084739051538,36.078554866408524
7,1.0660301507537688,48.210192446441596,36.19277284425259
7,1.0669346733668341,48.62149143134177,36.307562011673
7,1.0678391959798994,49.034784612463326,36.42293444865774
7,1.0687437185929647,49.45011314724053,36.53890243372774
7,1.0696482412060302,49.867519106568864,36.65547844791935
7,1.0705527638190955,50.287045498752775,36.772675178851685
7,1.0714572864321608,50.70873629414895,36.89050552488055
7,1.072361809045226,51.13263645052642,37.00898259934087
7,1.0732663316582913,51.55879193916839,37.12811973487988
7,1.0741708542713568,51.98724977173919,37.247930487883316
7,1.0750753768844221,52.418058027940944,37.36842864299603
7,1.0759798994974874,52.85126588398767,37.489628217740474
7,1.0768844221105527,53.28692364192129,37.611543467234064
7,1.077788944723618,53.725082759799506,37.734188889008685
7,1.0786934673366835,54.1657958827832,37.857579227934224
7,1.0795979899497488,54.60911687515305,37.981729481248536
7,1.080502512562814,55.05510085328818,38.106654903697
7,1.0814070351758793,55.50380421963622,38.23237101278321
7,1.0823115577889446,55.95528469771038,38.3588935941345
7,1.0832160804020101,56.40960136814668,38.48623870698411
7,1.0841206030150754,56.86681470585708,38.61442268977321
7,1.0850251256281407,57.32698661831737,38.743462165875904
7,1.085929648241206,57.790180485025274,38.87337404944937
7,1.0868341708542713,58.256461198170996,39.00417555141263
7,1.0877386934673368,58.725895204560686,39.135884185557146
7,1.088643216080402,59.19855054883499,39.26851777479165
7,1.0895477386934673,59.67449691802955,39.40209445752576
7,1.0904522613065326,60.15380568751934,39.536632694193784
7,1.091356783919598,60.63654996839959,39.67215127392407
7,1.0922613065326634,61.12280465634905,39.80866932135608
7,1.0931658291457287,61.61264648202826,39.94620630360875
7,1.094070351758794,62.106154063068374,40.08478203740508
7,1.0949748743718593,62.603407957702245,40.22441669635508
7,1.0958793969849245,63.104490720098,40.36513081840162
7,1.0967839195979898,63.609486957454365,40.506945313433604
7,1.0976884422110553,64.11848338891915,40.649881471069605
7,1.0985929648241206,64.63156890639524,40.79396096861644
7,1.099497487437186,65.14883463730311,40.939205879207705
7,1.1004020100502512,65.67037400936536,41.08563868012509
7,1.1013065326633165,66.1962828174895,41.23328226130852
7,1.102211055276382,66.72665929282104,41.38215993405851
7,1.1031155778894473,67.26160417404589,41.53229543993611
7,1.1040201005025125,67.8012207810239,41.68371295986552
7,1.1049246231155778,68.34561509083464,41.83643712344313
7,1.105829145728643,68.89489581632655,41.99049301845977
7,1.1067336683417084,69.44917448725646,42.145906200639594
7,1.107638190954774,70.00856553411688,42.302702703602634
7,1.1085427135678392,70.57318637474708,42.46090904905543
7,1.1094472361809045,71.14315750383084,42.62055225721559
7,1.1103517587939697,71.71860258538679,42.781659857476626
7,1.111256281407035,72.29964854836038,42.944259899318034
7,1.1121608040201005,72.88642568543413,43.108380963467745
7,1.1130653266331658,73.47906775517282,43.27405217332242
7,1.113969849246231,74.07771208763042,43.44130320663277
7,1.1148743718592964,74.68249969354473,43.610164307459684
7,1.1157788944723617,75.29357537725558,43.78066629840842
7,1.1166834170854272,75.91108785348635,43.95284059314804
7,1.1175879396984925,76.53518986813233,44.126719209222614
7,1.1184924623115577,77.16603832320925,44.30233478116202
7,1.119396984924623,77.80379440611756,44.47972057389993
7,1.1203015075376883,78.44862372338613,44.658910496505996
7,1.1212060301507538,79.10069643906766,44.839939116241254
7,1.122110552763819,79.7601874179599,45.02284167294384
7,1.1230150753768844,80.42727637384205,45.20765409375453
7,1.1239195979899497,81.1021480229135,45.3944130081895
7,1.124824120603015,81.78499224263895,45.58315576356989
7,1.1257286432160805,82.47600423620767,45.77392044081746
7,1.1266331658291457,83.17538470282248,45.966745870624536
7,1.127537688442211,83.88334001404844,46.16167165000931
7,1.1284422110552763,84.60008239645353,46.35873815926533
7,1.1293467336683416,85.3258301207891,46.55798657931529
7,1.130251256281407,86.06080769796617,46.75945890948016
7,1.1311557788944724,86.80524608209315,46.96319798567326
7,1.1320603015075377,87.55938288085683,47.16924749903201
7,1.132964824120603,88.32346257353169,47.37765201499616
7,1.1338693467336682,89.09773673692463,47.58845699284655
7,1.1347738693467337,89.88246427956726,47.80170880571401
7,1.135678391959799,90.67791168448633,48.01745476107246
7,1.1365829145728643,91.48435326089663,48.235743121728206
7,1.1374874371859296,92.30207140516939,48.45662312731692
7,1.1383919597989949,93.13135687145552,48.680145016324346
7,1.1392964824120602,93.97250905234786,48.90636004864128
7,1.1402010050251257,94.82583626999246,49.13532052866931
7,1.141105527638191,95.69165607806929,49.36707982898979
7,1.1420100502512562,96.57029557509033,49.601692414613055
7,1.1429145728643215,97.46209172946874,49.83921386781971
7,1.1438190954773868,98.36739171684982,50.07970091361377
7,1.144723618090452,99.28655327019987,50.32321144579973
7,1.1456281407035176,100.21994504318334,50.569804553703165
7,1.1465326633165829,101.1679469873732,50.81954054954961
7,1.1474371859296482,102.13095074387122,51.07248099652088
7,1.1483417085427134,103.10936004993263,51.328688737505246
7,1.1492462311557787,104.1035911612235,51.58822792456122
7,1.1501507537688442,105.11407329036209,51.85116404911311
7,1.1510552763819095,106.14124906242502,52.11756397289736
7,1.1519597989949748,107.18557498813718,52.38749595968188
7,1.15286432160804,108.24752195548133,52.661029707775924
7,1.1537688442211054,109.32757574051439,52.938236383354564
7,1.1546733668341709,110.4262375381984,53.21918865461711
7,1.1555778894472362,111.54402451409952,53.50396072680401
7,1.1564824120603014,112.6814703778461,53.79262837809386
7,1.1573869346733667,113.83912597927176,54.08526899640502
7,1.158291457286432,115.01755992821901,54.3819616171255
7,1.1591959798994975,116.21735923902106,54.68278696179705
7,1.1601005025125628,117.43913000072291,54.9878274777789
7,1.161005025125628,118.68349807415868,55.297167378917294
7,1.1619095477386934,119.95110981704585,55.61089268724895
7,1.1628140703517587,121.24263283831797,55.92909127576607
7,1.1637185929648242,122.5587567829689,56.25185291227183
7,1.1646231155778894,123.90019414874274,56.57926930435593
7,1.1655276381909547,125.26768113606934,56.9114341455214
7,1.16643216080402,126.66197853270499,57.24844316249447
7,1.1673366834170853,128.08387263460753,57.5903941637479
7,1.1682412060301508,129.53417620465365,57.93738708927383
7,1.169145728643216,131.01372947087043,58.289524061638076
7,1.1700502512562814,132.52340116594948,58.646909438354584
7,1.1709547738693467,134.06408960986943,59.009649865611095
7,1.171859296482412,135.63672383757202,59.37785433338938
7,1.1727638190954774,137.24226477370172,59.75163423201472
7,1.1736683417085427,138.88170645652826,60.131103410174674
7,1.174572864321608,140.55607731327714,60.516378234450116
7,1.1754773869346733,142.2664414891863,60.90757765039912
7,1.1763819095477386,144.0139002327282,61.30482324523564
7,1.1772864321608039,145.79959333955728,61.70823931215114
7,1.1781909547738694,147.62470065785467,62.1179529163209
7,1.1790954773869347,149.49044365788495,62.53409396264601
7,1.18,151.3980870687089,62.95679526527678
8,1.0,14.379770165614378,8.344930350068058
8,1.0009045226130653,14.539484395321072,8.389803559616693
8,1.0018090452261306,14.699296526992566,8.43462301023931
8,1.002713567839196,14.859211464478523,8.479389681302182
8,1.0036180904522614,15.019234170941761,8.5241045571958
8,1.0045226130653266,15.179369671030212,8.568768627438255
8,1.005427135678392,15.339623053096147,8.613382886779883
8,1.0063316582914572,15.49999947146463,8.657948335309305
8,1.0072361809045227,15.660504148752997,8.70246597856092
8,1.008140703517588,15.821142378242765,8.746936827623669
8,1.0090452261306533,15.981919526306267,8.791361899251392
8,1.0099497487437186,16.142841034889415,8.835742215974545
8,1.0108542713567839,16.303912424052832,8.880078806213431
8,1.0117587939698491,16.465139294573216,8.924372704392987
8,1.0126633165829146,16.626527330607054,8.968624951059002
8,1.01356783919598,16.788082302418637,9.012836592996049
8,1.0144723618090452,16.949810069174895,9.057008683346837
8,1.0153768844221105,17.11171658180902,9.101142281733408
8,1.0162814070351758,17.273807885955122,9.145238454379722
8,1.0171859296482413,17.436090124956717,9.189298274236128
8,1.0180904522613066,17.59856954295107,9.23332282110542
8,1.0189949748743719,17.761252488032405,9.277313181770703
8,1.0198994974874371,17.9241454154961,9.321270450124961
8,1.0208040201005024,18.087254891167095,9.365195727302467
8,1.021708542713568,18.250587594815027,9.409090121812
8,1.0226130653266332,18.414150323658923,9.4529547496719
8,1.0235175879396985,18.577949995964957,9.496790734547078
8,1.0244221105527638,18.7419936547397,9.540599207887887
8,1.025326633165829,18.906288471522537,9.584381309070952
8,1.0262311557788946,19.070841750280437,9.62813818554206
8,1.0271356783919598,19.235660931408255,9.671870992960935
8,1.0280402010050251,19.40075359583882,9.715580895348266
8,1.0289447236180904,19.56612746926544,9.759269065234642
8,1.0298492462311557,19.73179042648148,9.802936683811762
8,1.030753768844221,19.897750495840466,9.846584941085716
8,1.0316582914572865,20.064015863840986,9.890215036032558
8,1.0325628140703518,20.230594879840137,9.933828176755986
8,1.033467336683417,20.397496060900735,9.977425580647513
8,1.0343718592964823,20.564728096775717,10.021008474548804
8,1.0352763819095476,20.73229985503501,10.064578094916381
8,1.0361809045226131,20.90022038633954,10.108135687988849
8,1.0370854271356784,21.06849892986712,10.151682509956405
8,1.0379899497487437,21.23714491889578,10.195219827133034
8,1.038894472361809,21.406167986549313,10.23874891613104
8,1.0397989949748743,21.57557797171095,10.282271064038321
8,1.0407035175879398,21.745384925110606,10.32578756859816
8,1.041608040201005,21.91559911559157,10.369299738391675
8,1.0425125628140703,22.086231036563227,10.41280889302315
8,1.0434170854271356,22.257291412645213,10.456316363307874
8,1.044321608040201,22.428791206510372,10.49982349146305
8,1.0452261306532664,22.60074162593287,10.543331631301358
8,1.0461306532663317,22.77315413104842,10.586842148427547
8,1.047035175879397,22.946040441834313,10.63035642043795
8,1.0479396984924623,23.119412545816253,10.67387583712307
8,1.0488442211055276,23.29328270600994,10.717401800673102
8,1.049748743718593,23.467663469105837,10.76093572588674
8,1.0506532663316583,23.642567673904765,10.804479040383034
8,1.0515577889447236,23.818008460013925,10.848033184816556
8,1.052462311557789,23.993999276811337,10.891599613095819
8,1.0533668341708542,24.17055389268878,10.935179792605082
8,1.0542713567839195,24.347686404582493,10.978775204429503
8,1.055175879396985,24.525411247801735,11.022387343583814
8,1.0560804020100503,24.703743206165502,11.066017719244497
8,1.0569849246231156,24.88269742245845,11.109667854985565
8,1.0578894472361808,25.06228940921675,11.15333928901804
8,1.0587939698492461,25.242535059855648,11.197033574433028
8,1.0596984924623116,25.423450660150845,11.240752279448728
8,1.060603015075377,25.60505290008581,11.284496987661202
8,1.0615075376884422,25.7873588860784,11.328269298299125
8,1.0624120603015075,25.970386153599573,11.372070826482464
8,1.0633165829145728,26.154152680198656,11.415903203485268
8,1.0642211055276383,26.338676898949267,11.459768077002671
8,1.0651256281407036,26.52397771233058,11.503667111421848
8,1.0660301507537688,26.710074506560456,11.547601988097625
8,1.0669346733668341,26.8969871663951,11.591574405632137
8,1.0678391959798994,27.08473609041319,11.635586080159097
8,1.0687437185929647,27.27334220680119,11.679638745632579
8,1.0696482412060302,27.462826989657955,11.72373415412028
8,1.0705527638190955,27.653212475837407,11.767874076101643
8,1.0714572864321608,27.84452128234884,11.812060300770627
8,1.072361809045226,28.036776624334614,11.85629463634341
8,1.0732663316582913,28.23000233364649,11.900578910370946
8,1.0741708542713568,28.42422287804227,11.944914970056667
8,1.0750753768844221,28.6194633810252,11.98930468257919
8,1.0759798994974874,28.81574964235,12.0337499354204
8,1.0768844221105527,29.01310815921922,12.078252636698677
8,1.077788944723618,29.211566148195875,12.122814715507639
8,1.0786934673366835,29.41115156785824,12.167438122260368
8,1.0795979899497488,29.611893142224318,12.212124829039189
8,1.080502512562814,29.813820384974562,12.256876829951295
8,1.0814070351758793,30.01696362450191,12.301696141490055
8,1.0823115577889446,30.221354029820155,12.346584802902242
8,1.0832160804020101,30.42702363736263,12.391544876561449
8,1.0841206030150754,30.63400537870376,12.436578448347408
8,1.0850251256281407,30.842333109239075,12.481687628031752
8,1.085929648241206,31.05204163785817,12.526874549670072
8,1.0868341708542713,31.26316675764897,12.572141372000448
8,1.0877386934673368,31.47574527767148,12.617490278848585
8,1.088643216080402,31.689815055841276,12.662923479539659
8,1.0895477386934673,31.90541503296553,12.708443209317128
8,1.0904522613065326,32.12258526797363,12.754051729768278
8,1.091356783919598,32.341366974389395,12.799751329257148
8,1.0922613065326634,32.56180255809085,12.845544323364457
8,1.0931658291457287,32.78393565640731,12.891433055335048
8,1.094070351758794,33.00781117860493,12.937419896532749
8,1.0949748743718593,33.233475347813375,12.983507246902969
8,1.0958793969849245,33.460975744449435,13.029697535442944
8,1.0967839195979898,33.69036135119504,13.075993220680076
8,1.0976884422110553,33.92168259958963,13.122396791158206
8,1.0985929648241206,34.15499141829916,13.16891076593213
8,1.099497487437186,34.390341283127384,13.215537695070692
8,1.1004020100502512,34.62778726883606,13.262280160168089
8,1.1013065326633165,34.86738610284539,13.30914077486418
8,1.102211055276382,35.10919622088785,13.356122185373447
8,1.1031155778894473,35.35327782469165,13.403227071023096
8,1.1040201005025125,35.599692941773796,13.45045814480024
8,1.1049246231155778,35.84850548742541,13.497818153908694
8,1.105829145728643,36.099781328975865,13.545309880334948
8,1.1067336683417084,36.35358835242572,13.592936141424197
8,1.107638190954774,36.609996531542436,13.640699790466153
8,1.1085427135678392,36.86907799951598,13.688603717290807
8,1.1094472361809045,37.13090712327759,13.736650848874795
8,1.1103517587939697,37.395560580586235,13.784844149957939
8,1.111256281407035,37.66311743999457,13.833186623670652
8,1.1121608040201005,37.93365924380966,13.881681312172189
8,1.1130653266331658,38.207270094168024,13.93033129729988
8,1.113969849246231,38.48403674235182,13.979139701229816
8,1.1148743718592964,38.76404868147561,14.028109687149005
8,1.1157788944723617,39.047398242680806,14.077244459939138
8,1.1166834170854272,39.33418069498032,14.12654726687252
8,1.1175879396984925,39.62449434890088,14.176021398320035
8,1.1184924623115577,39.91844066407921,14.225670188471536
8,1.119396984924623,40.2161243609724,14.275497016069075
8,1.1203015075376883,40.517653536851206,14.32550530515272
8,1.1212060301507538,40.823139786253,14.375698525819807
8,1.122110552763819,41.13269832607648,14.42608019499745
8,1.1230150753768844,41.44644812551117,14.476653877228728
8,1.1239195979899497,41.76451204100019,14.527423185472866
8,1.124824120603015,42.08701695644608,14.578391781919464
8,1.1257286432160805,42.414093928876845,14.629563378817387
8,1.1266331658291457,42.74587833979967,14.680941739318135
8,1.127537688442211,43.0825100524809,14.732530678334593
8,1.1284422110552763,43.42413357539833,14.78433406341479
8,1.1293467336683416,43.770898232126626,14.836355815631427
8,1.130251256281407,44.12295833792538,14.88859991048733
8,1.1311557788944724,44.48047338331261,14.941070378837072
8,1.1320603015075377,44.84360822491949,14.993771307825272
8,1.132964824120603,45.21253328393368,15.046706841841582
8,1.1338693467336682,45.5874247524543,15.099881183493059
8,1.1347738693467337,45.96846480809544,15.15329859459398
8,1.135678391959799,46.355841837188976,15.206963397173531
8,1.1365829145728643,46.74975066695683,15.260879974501826
8,1.1374874371859296,47.150392807034564,15.315052772134443
8,1.1383919597989949,47.55797670075012,15.369486298975923
8,1.1392964824120602,47.972717986577265,15.424185128362588
8,1.1402010050251257,48.3948397702037,15.479153899165208
8,1.141105527638191,48.82457290767209,15.534397316911532
8,1.1420100502512562,49.262156300077066,15.589920154929583
8,1.1429145728643215,49.70783720031794,15.645727255511684
8,1.1438190954773868,50.16187153243513,15.701823531099842
8,1.144723618090452,50.62452422407938,15.758213965492917
8,1.1456281407035176,51.09606955268973,15.814903615076016
8,1.1465326633165829,51.57679150598166,15.871897610072281
8,1.1474371859296482,52.06698415737711,15.929201155818085
8,1.1483417085427134,52.566952057034015,15.986819534061446
8,1.1492462311557787,53.0770106391671,16.044758104284675
8,1.1501507537688442,53.59748664638181,16.103022305051397
8,1.1510552763819095,54.12871857177748,16.161617655378414
8,1.1519597989949748,54.67105711961387,16.220549756133423
8,1.15286432160804,55.22486568536708,16.279824291458333
8,1.1537688442211054,55.79052085604613,16.33944703021919
8,1.1546733668341709,56.368412931678876,16.399423827483368
8,1.1555778894472362,56.95894646891864,16.459760626023957
8,1.1564824120603014,57.56254084777309,16.52046345785267
8,1.1573869346733667,58.17963086249674,16.581538445781234
8,1.158291457286432,58.810667337745414,16.642991805012105
8,1.1591959798994975,59.45611777114043,16.704829844759214
8,1.1601005025125628,60.11646700344346,16.767058969898923
8,1.161005025125628,60.79221791760689,16.82968568265245
8,1.1619095477386934,61.483892168017015,16.892716584299755
8,1.1628140703517587,62.19203094131906,16.956158376925984
8,1.1637185929648242,62.917195750274914,17.020017865200874
8,1.1646231155778894,63.659969262177086,17.08430195819188
8,1.1655276381909547,64.42095616341757,17.149017671211862
8,1.16643216080402,65.2007840618848,17.21417212770177
8,1.1673366834170853,66.0001044289468,17.279772561149166
8,1.1682412060301508,66.8195935828647,17.34582631704348
8,1.169145728643216,67.65995371556761,17.41234085486831
8,1.1700502512562814,68.52191396482212,17.479323750132163
8,1.1709547738693467,69.40623153392073,17.54678269643795
8,1.171859296482412,70.31369286112671,17.61472550759196
8,1.1727638190954774,71.2451148412196,17.683160119753776
8,1.1736683417085427,72.20134610160135,17.752094593627092
8,1.174572864321608,73.18326833555136,17.821537116693122
8,1.1754773869346733,74.19179769533852,17.89149600548694
8,1.1763819095477386,75.22788624804186,17.961979707917507
8,1.1772864321608039,76.29252349707224,18.032996805633317
8,1.1781909547738694,77.38673797253483,18.104556016433058
8,1.1790954773869347,78.51159889373363,18.176666196723552
8,1.18,79.66821790728767,18.249336344025487
9,1.0,16.232834287155004,21.593322330021916
9,1.0009045226130653,16.534966080588745,21.662497654632816
9,1.0018090452261306,16.83759520760409,21.731652398437337
9,1.002713567839196,17.14073912023987,21.800789888832302
9,1.0036180904522614,17.444415523043986,21.869913489863517
9,1.0045226130653266,17.748642381113026,21.939026603125505
9,1.005427135678392,18.05343792831185,22.00813266867901
9,1.0063316582914572,18.35882067567925,22.077235165986608
9,1.0072361809045227,18.664809420026103,22.14633761486712
9,1.008140703517588,18.971423252731554,22.2154435764689
9,1.0090452261306533,19.278681568745014,22.284556654262964
9,1.0099497487437186,19.586604075799148,22.353680495056018
9,1.0108542713567839,19.895210803841827,22.422818790024024
9,1.0117587939698491,20.20452211469371,22.491975275766904
9,1.0126633165829146,20.514558711938975,22.561153735384792
9,1.01356783919598,20.8253416510563,22.630357999576354
9,1.0144723618090452,21.136892349798735,22.699591947759814
9,1.0153768844221105,21.44923259882956,22.768859509217137
9,1.0162814070351758,21.762384572622928,22.838164664262067
9,1.0171859296482413,22.076370840637775,22.907511445432476
9,1.0180904522613066,22.391214378773505,22.976903938707636
9,1.0189949748743719,22.7069385811173,23.0463462847513
9,1.0198994974874371,23.02356727199129,23.11584268018072
9,1.0208040201005024,23.341124718310336,23.18539737886274
9,1.021708542713568,23.659635642259794,23.255014693237385
9,1.0226130653266332,23.97912523430351,23.32469899566963
9,1.0235175879396985,24.29961916653347,23.39445471983015
9,1.0244221105527638,24.62114360637107,23.464286362105707
9,1.025326633165829,24.943725230632026,23.53419848303992
9,1.0262311557788946,25.26739123996656,23.604195708805165
9,1.0271356783919598,25.59216937368629,23.674282732706374
9,1.0280402010050251,25.91808792499203,23.744464316717657
9,1.0289447236180904,26.245175756613172,23.814745293052326
9,1.0298492462311557,26.57346231687384,23.88513056576744
9,1.030753768844221,26.90297765619861,23.95562511240341
9,1.0316582914572865,27.233752444072625,24.02623398565993
9,1.0325628140703518,27.565817986469977,24.096962315108712
9,1.033467336683417,27.89920624376729,24.167815308944448
9,1.0343718592964823,28.23394984915614,24.23879825577449
9,1.0352763819095476,28.570082127572128,24.309916526448482
9,1.0361809045226131,28.907637115156994,24.38117557592896
9,1.0370854271356784,29.24664957927064,24.45258094520376
9,1.0379899497487437,29.587155039072528,24.524138263241632
9,1.038894472361809,29.929189786689264,24.59585324899178
9,1.0397989949748743,30.272790908988956,24.66773171342869
9,1.0407035175879398,30.61799630998184,24.73977956164331
9,1.041608040201005,30.964844733867434,24.812002794981737
9,1.0425125628140703,31.313375788750832,24.884407513232755
9,1.0434170854271356,31.663629971048465,24.956999916865293
9,1.044321608040201,32.01564869060759,25.029786309317185
9,1.0452261306532664,32.3694742965626,25.102773099336538
9,1.0461306532663317,32.72515010395247,25.175966803376973
9,1.047035175879397,33.08272042112566,25.249374048048352
9,1.0479396984924623,33.44223057795728,25.323001572624023
9,1.0488442211055276,33.8037269549071,25.396856231606513
9,1.049748743718593,34.167257012945605,25.470944997352746
9,1.0506532663316583,34.5328693243776,25.54527496276056
9,1.0515577889447236,34.900613604594184,25.619853344018175
9,1.052462311557789,35.27054074478309,25.694687483417965
9,1.0533668341708542,35.64270284563089,25.769784852236437
9,1.0542713567839195,36.01715325205043,25.84515305368211
9,1.055175879396985,36.39394658896795,25.92079982591291
9,1.0560804020100503,36.773138798206105,25.996733045125048
9,1.0569849246231156,37.15478717650097,26.072960728715266
9,1.0578894472361808,37.53895041469046,26.149491038518207
9,1.0587939698492461,37.92568863811549,26.226332284121014
9,1.0596984924623116,38.31506344827485,26.30349292625706
9,1.060603015075377,38.70713796577714,26.38098158028111
9,1.0615075376884422,39.10197687463513,26.45880701972781
9,1.0624120603015075,39.49964646794752,26.5369781799558
9,1.0633165829145728,39.90021469501784,26.615504161879812
9,1.0642211055276383,40.30375120995943,26.69439423579285
9,1.0651256281407036,40.71032742183813,26.77365784528097
9,1.0660301507537688,41.12001654640795,26.85330461123335
9,1.0669346733668341,41.53289365949302,26.933344335949577
9,1.0678391959798994,41.949035752075844,27.01378700734743
9,1.0687437185929647,42.36852178715063,27.09464280327334
9,1.0696482412060302,42.791432758404284,27.175922095918473
9,1.0705527638190955,43.21785175078962,27.257635456343237
9,1.0714572864321608,43.6478640030585,27.33979365911317
9,1.072361809045226,44.08155697232327,27.42240768704903
9,1.0732663316582913,44.51902040072005,27.505488736094364
9,1.0741708542713568,44.96034638424803,27.589048220303596
9,1.0750753768844221,45.40562944386306,27.67309777695378
9,1.0759798994974874,45.85496659890707,27.757649271783787
9,1.0768844221105527,46.30845744295581,27.842714804363716
9,1.077788944723618,46.76620422217398,27.928306713598726
9,1.0786934673366835,47.228311916267046,28.014437583370416
9,1.0795979899497488,47.69488832212459,28.101120248319774
9,1.080502512562814,48.16604414025353,28.188367799775627
9,1.0814070351758793,48.64189306410156,28.276193591832143
9,1.0823115577889446,49.12255187237781,28.36461124758006
9,1.0832160804020101,49.60814052447995,28.453634665495294
9,1.0841206030150754,50.098782259141245,28.54327802598948
9,1.0850251256281407,50.594603696418424,28.63355579812716
9,1.085929648241206,51.09573494314074,28.724482746513715
9,1.0868341708542713,51.60230970195049,28.81607393835889
9,1.0877386934673368,52.114465384068126,28.908344750721277
9,1.088643216080402,52.63234322591903,29.001310877937726
9,1.0895477386934673,53.15608840976931,29.094988339244086
9,1.0904522613065326,53.68585018851658,29.189393486591392
9,1.091356783919598,54.22178201479533,29.284543012663818
9,1.0922613065326634,54.76404167455662,29.380453959103455
9,1.0931658291457287,55.31279142529199,29.477143724947958
9,1.094070351758794,55.86819813907838,29.57463007528719
9,1.0949748743718593,56.43043345062399,29.672931150144425
9,1.0958793969849245,56.999673910508015,29.77206547358894
9,1.0967839195979898,57.57610114381109,29.872051963086427
9,1.0976884422110553,58.159902014342336,29.972909939093547
9,1.0985929648241206,58.75126879467813,30.07465913490403
9,1.099497487437186,59.350399342236074,30.17731970675309
9,1.1004020100502512,59.957497281615865,30.280912244187597
9,1.1013065326633165,60.572772193450106,30.385457780709523
9,1.102211055276382,61.196439810017026,30.49097780470038
9,1.1031155778894473,61.82872221787723,30.597494270634677
9,1.1040201005025125,62.46984806780998,30.70502961059089
9,1.1049246231155778,63.120052792330846,30.81360674606772
9,1.105829145728643,63.779578831091825,30.92324910011556
9,1.1067336683417084,64.44867586446917,31.033980609790753
9,1.107638190954774,65.12760105566515,31.145825738943415
9,1.1085427135678392,65.81661930165643,31.258809491347
9,1.1094472361809045,66.5160034933433,31.3729574241808
9,1.1103517587939697,67.22603478526071,31.488295661874382
9,1.111256281407035,67.9470028752347,31.604850910325347
9,1.1121608040201005,68.67920629438049,31.722650471500664
9,1.1130653266331658,69.42295270785469,31.841722258432895
9,1.113969849246231,70.17855922679595,31.96209481062305
9,1.1148743718592964,70.94635273190133,32.08379730986135
9,1.1157788944723617,71.72667020910983,32.20685959647886
9,1.1166834170854272,72.51985909788212,32.33131218604174
9,1.1175879396984925,73.32627765258664,32.45718628650179
9,1.1184924623115577,74.14629531752777,32.58451381581635
9,1.119396984924623,74.98029311616983,32.71332742005162
9,1.1203015075376883,75.82866405513747,32.84366049198292
9,1.1212060301507538,76.69181354360198,32.975547190207855
9,1.122110552763819,77.57015982867973,33.10902245878596
9,1.1230150753768844,78.46413444751111,33.24412204742195
9,1.1239195979899497,79.37418269670182,33.38088253220773
9,1.124824120603015,80.30076411985175,33.51934133694001
9,1.1257286432160805,81.24435301391962,33.659536755030615
9,1.1266331658291457,82.20543895521149,33.80150797202775
9,1.127537688442211,83.18452734581199,33.94529508876557
9,1.1284422110552763,84.18213998131382,34.09093914516157
9,1.1293467336683416,85.19881564074268,34.238482144680816
9,1.130251256281407,86.23511069961141,34.38796707948748
9,1.1311557788944724,87.29159976708078,34.5394379563039
9,1.1320603015075377,88.36887634824966,34.692939822999016
9,1.132964824120603,89.46755353263981,34.84851879592778
9,1.1338693467336682,90.5882647099924,35.00622208804458
9,1.1347738693467337,91.73166431454325,35.166098037813946
9,1.135678391959799,92.89842859899471,35.3281961389431
9,1.1365829145728643,94.08925643946299,35.492567070960966
9,1.1374874371859296,95.30487017273049,35.65926273066993
9,1.1383919597989949,96.54601646720101,35.8283362644964
9,1.1392964824120602,97.81346722901617,35.99984210176835
9,1.1402010050251257,99.10802054486055,36.17383598894807
9,1.141105527638191,100.43050166304883,36.350375024848844
9,1.1420100502512562,101.78176401457425,36.529517696867345
9,1.1429145728643215,103.16269027585751,36.71132391826139
9,1.1438190954773868,104.57419347503301,36.89585506650626
9,1.144723618090452,106.01721814368783,37.08317402276347
9,1.1456281407035176,107.49274151605513,37.27334521249483
9,1.1465326633165829,109.00177477776705,37.46643464725952
9,1.1474371859296482,110.54536436636302,37.662509967729136
9,1.1483417085427134,112.12459332585618,37.86164048796006
9,1.1492462311557787,113.74058271777098,38.06389724096181
9,1.1501507537688442,115.39449309117532,38.26935302560166
9,1.1510552763819095,117.0875260143551,38.47808245488808
9,1.1519597989949748,118.82092567090717,38.690162005676584
9,1.15286432160804,120.59598052314621,38.90567006984131
9,1.1537688442211054,122.41402504588041,39.12468700696043
9,1.1546733668341709,124.27644153373866,39.3472951985617
9,1.1555778894472362,126.18466198539562,39.57357910397867
9,1.1564824120603014,128.140170068205,39.80362531786778
9,1.1573869346733667,130.14450316690866,40.03752262944001
9,1.158291457286432,132.1992545202798,40.275362083460486
9,1.1591959798994975,134.30607544974396,40.51723704307396
9,1.1601005025125628,136.46667768420926,40.763243254513014
9,1.161005025125628,138.6828357855631,41.013478913750596
9,1.1619095477386934,140.9563896794852,41.2680447351578
9,1.1628140703517587,143.28924729648494,41.5270440222333
9,1.1637185929648242,145.68338732828704,41.790582740469155
9,1.1646231155778894,148.1408621049565,42.058769592422564
9,1.1655276381909547,150.66380059842544,42.33171609506649
9,1.16643216080402,153.2544115583465,42.60953665948996
9,1.1673366834170853,155.9149867865118,42.8923486730266
9,1.1682412060301508,158.64790455638158,43.180272583889725
9,1.169145728643216,161.45563318458534,43.47343198839499
9,1.1700502512562814,164.34073476162237,43.77195372085575
9,1.1709547738693467,167.30586904932886,44.07596794623869
9,1.171859296482412,170.35379755307724,44.38560825566867
9,1.1727638190954774,173.48738777707078,44.70101176487816
9,1.1736683417085427,176.70961767151684,45.022319215696925
9,1.174572864321608,180.023580280919,45.34967508068213
9,1.1754773869346733,183.43248860318195,45.68322767099296
9,1.1763819095477386,186.93968066973633,46.02312924761674
9,1.1772864321608039,190.54862485740034,46.3695361360572
9,1.1781909547738694,194.26292544325315,46.722608844600714
9,1.1790954773869347,198.08632841436616,47.082512186278215
9,1.18,202.0227275448682,47.449415404647624
10,1.0,22.668256724731933,33.697034289662156
10,1.0009045226130653,23.07962567034722,33.798336780381845
10,1.0018090452261306,23.492204183163157,33.89980250940454
10,1.002713567839196,23.906034911144165,34.00143846351092
10,1.0036180904522614,24.321161098931203,34.10325171518828
10,1.0045226130653266,24.7376266073966,34.205249424454905
10,1.005427135678392,25.15547593363133,34.307438840719385
10,1.0063316582914572,25.574754231380496,34.40982730467572
10,1.0072361809045227,25.995507331941788,34.51242225023512
10,1.008140703517588,26.41778176554169,34.61523120649494
10,1.0090452261306533,26.841624783206417,34.71826179974617
10,1.0099497487437186,27.26708437914329,34.82152175551995
10,1.0108542713567839,27.694209313649438,34.92501890067419
10,1.0117587939698491,28.123049136565292,35.02876116552086
10,1.0126633165829146,28.55365421129126,35.132756585995566
10,1.01356783919598,28.986075739385065,35.237013305869546
10,1.0144723618090452,29.420365785760378,35.34153957900578
10,1.0153768844221105,29.856577304505066,35.44634377165986
10,1.0162814070351758,30.294764165339345,35.551434364826434
10,1.0171859296482413,30.734981180736405,35.65681995663296
10,1.0180904522613066,31.17728413372454,35.76250926478097
10,1.0189949748743719,31.621729806396026,35.86851112903686
10,1.0198994974874371,32.06837600914298,35.97483451377247
10,1.0208040201005024,32.51728161064587,36.081488510557236
10,1.021708542713568,32.9685065686386,36.18848234080292
10,1.0226130653266332,33.422111961474585,36.295825358461755
10,1.0235175879396985,33.87816002052209,36.403527052780056
10,1.0244221105527638,34.33671416341362,36.51159705110774
10,1.025326633165829,34.79783902817833,36.62004512176551
10,1.0262311557788946,35.26160050828649,36.728881176971015
10,1.0271356783919598,35.7280657886343,36.83811527582503
10,1.0280402010050251,36.197303382502696,36.947757627359735
10,1.0289447236180904,36.669383169518085,37.05781859364956
10,1.0298492462311557,37.144376434651456,37.168308692987196
10,1.030753768844221,37.62235590828696,37.27923860312505
10,1.0316582914572865,38.103395807397376,37.39061916458493
10,1.0325628140703518,38.587571877860185,37.50246138403641
10,1.033467336683417,39.07496143795513,37.614776437746485
10,1.0343718592964823,39.56564342307819,37.72757567510136
10,1.0352763819095476,40.05969843171527,37.84087062220273
10,1.0361809045226131,40.557208772715015,37.95467298553973
10,1.0370854271356784,41.05825851390428,38.06899465573869
10,1.0379899497487437,41.56293353209166,38.18384771139263
10,1.038894472361809,42.07132156450316,38.29924442297205
10,1.0397989949748743,42.58351226169861,38.41519725681907
10,1.0407035175879398,43.0995972420177,38.53171887922695
10,1.041608040201005,43.619670147606485,38.64882216060701
10,1.0425125628140703,44.14382670207746,38.76652017974491
10,1.0434170854271356,44.67216476985682,38.88482622814876
10,1.044321608040201,45.20478441727566,39.003753814490565
10,1.0452261306532664,45.74178797546399,39.123316669143996
10,1.0461306532663317,46.283280105107146,39.24352874882034
10,1.047035175879397,46.82936786312837,39.364404241305145
10,1.0479396984924623,47.38016077136105,39.4859575702978
10,1.0488442211055276,47.93577088727848,39.608203400356736
10,1.049748743718593,48.49631287685115,39.73115664195269
10,1.0506532663316583,49.06190408960208,39.85483245663257
10,1.0515577889447236,49.6326646359369,39.97924626229662
10,1.052462311557789,50.20871746682457,40.104413738591994
10,1.0533668341708542,50.79018845590845,40.23035083242458
10,1.0542713567839195,51.3772064841327,40.35707376359313
10,1.055175879396985,51.969903526968544,40.484599030548
10,1.0560804020100503,52.56841474432868,40.61294341627716
10,1.0569849246231156,53.172878573266,40.74212399432383
10,1.0578894472361808,53.78343682354769,40.87215813493749
10,1.0587939698492461,54.400234776207554,41.00306351136244
10,1.0596984924623116,55.02342128517863,41.13485810626722
10,1.060603015075377,55.65314888211145,41.267560218317584
10,1.0615075376884422,56.28957388449202,41.40118846889784
10,1.0624120603015075,56.93285650717053,41.535761808982755
10,1.0633165829145728,57.58316097742321,41.6712995261649
10,1.0642211055276383,58.240655653669656,41.807821251840764
10,1.0651256281407036,58.90551314797241,41.94534696855912
10,1.0660301507537688,59.57791045245594,42.08389701753687
10,1.0669346733668341,60.25802906977867,42.22349210634509
10,1.0678391959798994,60.9460551478042,42.36415331677063
10,1.0687437185929647,61.64217961861934,42.50590211285683
10,1.0696482412060302,62.34659834205408,42.64876034912858
10,1.0705527638190955,63.05951225386192,42.792750279005105
10,1.0714572864321608,63.781127518730514,42.93789456340687
10,1.072361809045226,64.51165568829147,43.08421627956
10,1.0732663316582913,65.25131386431073,43.23173893000354
10,1.0741708542713568,66.00032486724564,43.38048645180526
10,1.0750753768844221,66.75891741036116,43.53048322599016
10,1.0759798994974874,67.5273262796084,43.681754087188345
10,1.0768844221105527,68.30579251947044,43.834324333506316
10,1.077788944723618,69.09456362499583,43.98821973662861
10,1.0786934673366835,69.893893740243,44.14346655215496
10,1.0795979899497488,70.7040438633691,44.30009153017869
10,1.080502512562814,71.52528205860911,44.45812192611345
10,1.0814070351758793,72.35788367539445,44.61758551177343
10,1.0823115577889446,73.2021315748757,44.778510586714326
10,1.0832160804020101,74.05831636412233,44.94092598984123
10,1.0841206030150754,74.92673663828164,45.104861111290575
10,1.0850251256281407,75.80769923099477,45.270345904592986
10,1.085929648241206,76.70151947337298,45.437410899124366
10,1.0868341708542713,77.6085214618552,45.60608721285205
10,1.0877386934673368,78.52903833527847,45.776406565384704
10,1.088643216080402,79.46341256150372,45.94840129133242
10,1.0895477386934673,80.41199623396072,46.12210435398646
10,1.0904522613065326,81.37515137847821,46.29754935932553
10,1.091356783919598,82.35325027079392,46.47477057035806
10,1.0922613065326634,83.34667576514383,46.653802921808705
10,1.0931658291457287,84.355821634352,46.83468203515764
10,1.094070351758794,85.38109292186071,47.017444234043
10,1.0949748743718593,86.42290630615175,47.20212656003484
10,1.0958793969849245,87.4816904780348,47.38876678879035
10,1.0967839195979898,88.55788653129603,47.57740344660115
10,1.0976884422110553,89.6519483672188,47.76807582734193
10,1.0985929648241206,90.76434311351075,47.96082400983129
10,1.099497487437186,91.89555155819667,48.155688875616406
10,1.1004020100502512,93.0460685990503,48.35271212719101
10,1.1013065326633165,94.21640370917365,48.55193630665961
10,1.102211055276382,95.4070814193505,48.75340481485925
10,1.1031155778894473,96.61864181782586,48.95716193095005
10,1.1040201005025125,97.85164106819838,49.16325283248878
10,1.1049246231155778,99.10665194613003,49.37172361599633
10,1.105829145728643,100.38426439561715,49.58262131803335
10,1.1067336683417084,101.68508610559233,49.79599393679737
10,1.107638190954774,103.00974310766094,50.01189045425532
10,1.1085427135678392,104.35888039580797,50.23036085882502
10,1.1094472361809045,105.73316256895369,50.45145616862196
10,1.1103517587939697,107.13327449725979,50.675228455284326
10,1.111256281407035,108.55992201314248,50.90173086839438
10,1.1121608040201005,110.01383262797648,51.1310176605091
10,1.1130653266331658,111.49575627552359,51.36314421281985
10,1.113969849246231,113.00646608316242,51.59816706145523
10,1.1148743718592964,114.54675917203902,51.83614392444653
10,1.1157788944723617,116.11745748730853,52.0771337293718
10,1.1166834170854272,117.71940865969252,52.321196641699146
10,1.1175879396984925,119.35348689961863,52.56839409384601
10,1.1184924623115577,121.0205939252806,52.81878881497586
10,1.119396984924623,122.72165992599695,53.07244486155116
10,1.1203015075376883,124.45764456231836,53.329427648663184
10,1.1212060301507538,126.2295380043981,53.58980398216094
10,1.122110552763819,128.0383620101943,53.85364209160039
10,1.1230150753768844,129.8851710451597,54.12101166403634
10,1.1239195979899497,131.7710534451266,54.391983878680435
10,1.124824120603015,133.69713262419188,54.66663144244969
10,1.1257286432160805,135.6645683294657,54.9450286264283
10,1.1266331658291457,137.6745579446483,55.227251303270194
10,1.127537688442211,139.728337844478,55.5133769855673
10,1.1284422110552763,141.82718480217835,55.80348486520933
10,1.1293467336683416,143.9724174521454,56.09765585376531
10,1.130251256281407,146.16539781019605,56.395972623911845
10,1.1311557788944724,148.40753285381683,56.69851965193975
10,1.1320603015075377,150.70027616496193,57.005383261369474
10,1.132964824120603,153.04512963805078,57.31665166770377
10,1.1338693467336682,155.44364525594946,57.63241502435092
10,1.1347738693467337,157.89742693684886,57.9527654697536
10,1.135678391959799,160.4081324550606,58.27779717575203
10,1.1365829145728643,162.97747543893087,58.607606397222035
10,1.1374874371859296,165.60722744917047,58.94229152301949
10,1.1383919597989949,168.29922014109093,59.28195312827017
10,1.1392964824120602,171.0553475143736,59.62669402804295
10,1.1402010050251257,173.8775682541762,59.97661933244549
10,1.141105527638191,176.76790816754334,60.33183650318114
10,1.1420100502512562,179.72846271930095,60.692455411612585
10,1.1429145728643215,182.76139967176462,61.05858839837105
10,1.1438190954773868,185.86896183283153,61.43035033455671
10,1.144723618090452,189.0534699172216,61.80785868457732
10,1.1456281407035176,192.31732552585459,62.1912335706694
10,1.1465326633165829,195.66301424858912,62.58059783915184
10,1.1474371859296482,199.09310889579783,62.97607712846241
10,1.1483417085427134,202.6102728644957,63.377799939025806
10,1.1492462311557787,206.21726364502732,63.78589770500935
10,1.1501507537688442,209.9169364745904,64.20050486801895
10,1.1510552763819095,213.71224814416803,64.62175895279074
10,1.1519597989949748,217.60626096577886,65.04980064493967
10,1.15286432160804,221.60214690724075,65.4847738708211
10,1.1537688442211054,225.70319190202807,65.92682587956843
10,1.1546733668341709,229.9128003421459,66.37610732737055
10,1.1555778894472362,234.2344997623194,66.8327723640542
10,1.1564824120603014,238.67194572422466,67.29697872203909
10,1.1573869346733667,243.2289269098598,67.7688878077336
10,1.158291457286432,247.90937043364536,68.24866479544525
10,1.1591959798994975,252.71734738327854,68.73647872387805
10,1.1601005025125628,257.6570785998514,69.2325025952938
10,1.161005025125628,262.7329407082835,69.73691347741581
10,1.1619095477386934,267.94947240961324,70.24989260815603
10,1.1628140703517587,273.31138104730246,70.77162550324817
10,1.1637185929648242,278.823549460279,71.30230206687696
10,1.1646231155778894,284.4910431360686,71.84211670538666
10,1.1655276381909547,290.31911767804206,72.39126844416505
10,1.16643216080402,296.31322660147714,72.94996104779624
10,1.1673366834170853,302.47902947387473,73.51840314358014
10,1.1682412060301508,308.8224004157361,74.09680834851889
10,1.169145728643216,315.34943697879703,74.68539539987336
10,1.1700502512562814,322.0664694196067,75.28438828940034
10,1.1709547738693467,328.98007038716815,75.8940164013778
10,1.171859296482412,336.0970650443611,76.51451465453343
10,1.1727638190954774,343.424541643812,77.14612364799395
10,1.1736683417085427,350.96986257994297,77.78908981137891
10,1.174572864321608,358.74067594003566,78.4436655591629
10,1.1754773869346733,366.74492757825635,79.11010944943372
10,1.1763819095477386,374.9908737378659,79.78868634718458
10,1.1772864321608039,383.487094248086,80.47966759227688
10,1.1781909547738694,392.2425063234366,81.18333117221182
10,1.1790954773869347,401.26637899480914,81.89996189986628
10,1.18,410.56834820303436,82.62985159633749
11,1.0,22.159552361146915,34.32167270980781
11,1.0009045226130653,22.558816811930598,34.421565204064294
11,1.0018090452261306,22.959483775100622,34.52166711620589
11,1.002713567839196,23.361602769292716,34.621986136787314
11,1.0036180904522614,23.765224006656144,34.722530053337124
11,1.0045226130653266,24.170398415591517,34.82330675243721
11,1.005427135678392,24.577177663992565,34.92432422184237
11,1.0063316582914572,24.985614183009844,35.025590552641276
11,1.0072361809045227,25.395761191352896,35.127113941459484
11,1.008140703517588,25.80767272014927,35.22890269270557
11,1.0090452261306533,26.22140363837925,35.33096522086159
11,1.0099497487437186,26.637009678904203,35.433310052818484
11,1.0108542713567839,27.05454746510916,35.535945830257646
11,1.0117587939698491,27.474074538179508,35.63888131207994
11,1.0126633165829146,27.89564938503285,35.74212537688294
11,1.01356783919598,28.319331466926386,35.84568702548745
11,1.0144723618090452,28.745181248764474,35.949575383515025
11,1.0153768844221105,29.173260229126228,36.05379970401685
11,1.0162814070351758,29.603630971038758,36.158369370155874
11,1.0171859296482413,30.036357133519747,36.263293897942916
11,1.0180904522613066,30.47150350391417,36.36858293902844
11,1.0189949748743719,30.909136031051702,36.474246283550876
11,1.0198994974874371,31.349321859250942,36.58029386304322
11,1.0208040201005024,31.792129363197912,36.68673575339872
11,1.021708542713568,32.23762818372843,36.79358217789785
11,1.0226130653266332,32.68588926454154,36.90084351029685
11,1.0235175879396985,33.13698488987731,37.00853027798062
11,1.0244221105527638,33.590988723187685,37.11665316518039
11,1.025326633165829,34.04797584683383,37.22522301625801
11,1.0262311557788946,34.50802280284382,37.33425083905885
11,1.0271356783919598,34.97120763476396,37.44374780833414
11,1.0280402010050251,35.437609930641244,37.553725269235215
11,1.0289447236180904,35.907310867171475,37.66419474088053
11,1.0298492462311557,36.380393255053434,37.77516791999807
11,1.030753768844221,36.856941585586796,37.88665668464397
11,1.0316582914572865,37.3370420785552,37.99867309799994
11,1.0325628140703518,37.82078273143598,38.11122941225081
11,1.033467336683417,38.3082533699816,38.22433807254451
11,1.0343718592964823,38.79954570021552,38.33801172103638
11,1.0352763819095476,39.29475336189032,38.45226320101922
11,1.0361809045226131,39.79397198345601,38.56710556114204
11,1.0370854271356784,40.29729923858782,38.68255205971898
11,1.0379899497487437,40.804834904325766,38.79861616913081
11,1.038894472361809,41.31668092087799,38.915311580321145
11,1.0397989949748743,41.83294145314395,39.03265220738972
11,1.0407035175879398,42.353722954013314,39.150652192284745
11,1.041608040201005,42.87913422950085,39.26932590959733
11,1.0425125628140703,43.409286505777516,39.388687971459746
11,1.0434170854271356,43.94429349816049,39.5087532325506
11,1.044321608040201,44.48427148212842,39.629536795209134
11,1.0452261306532664,45.029339366428346,39.75105401466118
11,1.0461306532663317,45.579618768345384,39.87332050436001
11,1.047035175879397,46.13523409120775,39.99635214144452
11,1.0479396984924623,46.696312604200685,40.12016507231726
11,1.0488442211055276,47.262984524568594,40.24477571834602
11,1.049748743718593,47.835383102285434,40.370200781691096
11,1.0506532663316583,48.41364470727581,40.496457251262086
11,1.0515577889447236,48.99790891927532,40.62356240880672
11,1.052462311557789,49.58831862041748,40.7515338351357
11,1.0533668341708542,50.18502009064045,40.880389416485684
11,1.0542713567839195,50.78816310601057,41.01014735102521
11,1.055175879396985,51.397901040061996,41.14082615550622
11,1.0560804020100503,52.01439096825354,41.27244467206456
11,1.0569849246231156,52.63779377565389,41.40502207517417
11,1.0578894472361808,53.26827426796136,41.53857787875749
11,1.0587939698492461,53.9060012859765,41.67313194345682
11,1.0596984924623116,54.55114782364522,41.80870448407046
11,1.060603015075377,55.20389114979533,41.94531607715695
11,1.0615075376884422,55.86441293369744,42.08298766881322
11,1.0624120603015075,56.53289937457883,42.221740582628954
11,1.0633165829145728,57.209541335232075,42.36159652782337
11,1.0642211055276383,57.89453447985858,42.50257760756755
11,1.0651256281407036,58.58807941629587,42.644706327497815
11,1.0660301507537688,59.2903818427846,42.78800560442489
11,1.0669346733668341,60.00165269943101,42.93249877524313
11,1.0678391959798994,60.72210832453342,43.0782096060455
11,1.0687437185929647,61.451970615943125,43.225162301449004
11,1.0696482412060302,62.191467197638914,43.37338151413647
11,1.0705527638190955,62.94083159169868,43.522892354619174
11,1.0714572864321608,63.70030339586272,43.67372040122699
11,1.072361809045226,64.47012846688524,43.82589171033088
11,1.0732663316582913,65.25055910988394,43.97943282680447
11,1.0741708542713568,66.04185427389923,44.13437079472965
11,1.0750753768844221,66.84427975388994,44.290733168353654
11,1.0759798994974874,67.65810839939542,44.44854802330332
11,1.0768844221105527,68.48362033010368,44.60784396806294
11,1.077788944723618,69.32110315857854,44.768650155723094
11,1.0786934673366835,70.17085222040207,44.93099629600644
11,1.0795979899497488,71.03317081200534,45.09491266757887
11,1.080502512562814,71.90837043646596,45.260430130651926
11,1.0814070351758793,72.79677105756403,45.42758013988512
11,1.0823115577889446,73.69870136239885,45.596394757594965
11,1.0832160804020101,74.61449903288313,45.766906667279684
11,1.0841206030150754,75.5445110264368,45.939149187466214
11,1.0850251256281407,76.48909386622776,46.113156285889886
11,1.085929648241206,77.44861394130503,46.288962594013434
11,1.0868341708542713,78.42344781699677,46.46660342189527
11,1.0877386934673368,79.41398255595368,46.646114773416
11,1.088643216080402,80.42061605023336,46.82753336187196
11,1.0895477386934673,81.44375736484305,47.01089662594643
11,1.0904522613065326,82.48382709316354,47.196242746066744
11,1.091356783919598,83.54125772470805,47.38361066115922
11,1.0922613065326634,84.61649402567599,47.57304008581113
11,1.0931658291457287,85.7099934327866,47.76457152785062
11,1.094070351758794,86.8222264608982,47.95824630635623
11,1.0949748743718593,87.95367712493079,48.15410657010618
11,1.0958793969849245,89.10484337664288,48.35219531648015
11,1.0967839195979898,90.27623755682535,48.55255641082502
11,1.0976884422110553,91.4683868635046,48.755234606296625
11,1.0985929648241206,92.68183383676777,48.960275564190624
11,1.099497487437186,93.91713686085279,49.16772587477564
11,1.1004020100502512,95.17487068416358,49.377633078640834
11,1.1013065326633165,96.4556269579092,49.5900456885735
11,1.102211055276382,97.7600147940864,49.80501321197916
11,1.1031155778894473,99.08866134355586,50.02258617385948
11,1.1040201005025125,100.44221239500116,50.242816140363544
11,1.1049246231155778,101.82133299557745,50.46575574292578
11,1.105829145728643,103.2267080941092,50.691458703009445
11,1.1067336683417084,104.65904320771443,50.91997985746879
11,1.107638190954774,106.11906511278423,51.151375184549224
11,1.1085427135678392,107.60752256127337,51.385701830540704
11,1.1094472361809045,109.12518702331074,51.623018137103664
11,1.1103517587939697,110.67285345716792,51.86338366928479
11,1.111256281407035,112.2513411076763,52.10685924424131
11,1.1121608040201005,113.86149433423097,52.35350696069388
11,1.1130653266331658,115.50418346955871,52.60339022912709
11,1.113969849246231,117.18030571048988,52.85657380275844
11,1.1148743718592964,118.89078604201775,53.11312380929754
11,1.1157788944723617,120.63657819598521,53.37310778351502
11,1.1166834170854272,122.4186656458032,53.63659470064569
11,1.1175879396984925,124.23806263865609,53.903655010648194
11,1.1184924623115577,126.09581526672238,54.17436067334418
11,1.119396984924623,127.99300257899236,54.448785194461266
11,1.1203015075376883,129.9307377353482,54.72700366260656
11,1.1212060301507538,131.91016920463295,55.00909278719357
11,1.122110552763819,133.93248200851087,55.29513093735127
11,1.1230150753768844,135.9988990130171,55.58519818184273
11,1.1239195979899497,138.11068226974336,55.87937633001852
11,1.124824120603015,140.269134408735,56.17774897383798
11,1.1257286432160805,142.47560008522956,56.480401530985084
11,1.1266331658291457,144.73146748248033,56.787421289110014
11,1.127537688442211,147.0381698730098,57.0988974512297
11,1.1284422110552763,149.39718724072318,57.414921182317556
11,1.1293467336683416,151.81004796644564,57.73558565711788
11,1.130251256281407,154.2783305795397,58.060986109218106
11,1.1311557788944724,156.80366557838974,58.39121988141449
11,1.1320603015075377,159.38773732266878,58.72638647740982
11,1.132964824120603,162.03228600041487,59.06658761487679
11,1.1338693467336682,164.73910967310718,59.411927279930914
11,1.1347738693467337,167.51006640205617,59.76251178304895
11,1.135678391959799,170.34707645957266,60.118449816474936
11,1.1365829145728643,173.25212462856504,60.47985251315919
11,1.1374874371859296,176.22726259433148,60.84683350726945
11,1.1383919597989949,179.27461143253439,61.21950899632262
11,1.1392964824120602,182.39636419749732,61.59799780498264
11,1.1402010050251257,185.5947886151641,61.9824214505717
11,1.141105527638191,188.87222988525252,62.37290421034393
11,1.1420100502512562,192.23111359737027,62.76957319057607
11,1.1429145728643215,195.67394876602648,63.17255839752053
11,1.1438190954773868,199.20333098976698,63.58199281028246
11,1.144723618090452,202.8219457398492,63.99801245567035
11,1.1456281407035176,206.5325717841597,64.42075648508168
11,1.1465326633165829,210.33808475232314,64.85036725348118
11,1.1474371859296482,214.24146084824352,65.28699040053182
11,1.1483417085427134,218.24578071659747,65.73077493394344
11,1.1492462311557787,222.35423347011934,66.18187331510245
11,1.1501507537688442,226.57012088482733,66.64044154704898
11,1.1510552763819095,230.89686177068742,67.10663926487234
11,1.1519597989949748,235.33799652556795,67.58062982859364
11,1.15286432160804,239.8971918806946,68.0625804186119
11,1.1537688442211054,244.57824584622105,68.55266213378377
11,1.1546733668341709,249.38509286594586,69.05105009222248
11,1.1555778894472362,254.32180919060727,69.5579235348884
11,1.1564824120603014,259.39261847969516,70.07346593206086
11,1.1573869346733667,264.6018976421254,70.59786509277208
11,1.158291457286432,269.9541829266846,71.13131327729451
11,1.1591959798994975,275.4541762736425,71.67400731276943
11,1.1601005025125628,281.1067519394876,72.22614871207574
11,1.161005025125628,286.9169634073381,72.78794379602897
11,1.1619095477386934,292.8900505961589,73.35960381901697
11,1.1628140703517587,299.03144738259186,73.94134509817215
11,1.1637185929648242,305.34678944984677,74.53338914618516
11,1.1646231155778894,311.8419224788364,75.13596280787436
11,1.1655276381909547,318.52291069747355,75.74929840062089
11,1.16643216080402,325.39604580481955,76.37363385878723
11,1.1673366834170853,332.46785628761126,77.00921288223864
11,1.1682412060301508,339.745117147575,77.65628508909741
11,1.169145728643216,347.23486005879374,78.31510617284916
11,1.1700502512562814,354.94438397543774,78.98593806394383
11,1.1709547738693467,362.8812662110849,79.66904909602175
11,1.171859296482412,371.05337401199495,80.36471417690873
11,1.1727638190954774,379.46887664777654,81.07321496452575
11,1.1736683417085427,388.13625804407314,81.79484004786387
11,1.174572864321608,397.0643299831637,82.52988513318208
11,1.1754773869346733,406.2622458996102,83.27865323558534
11,1.1763819095477386,415.7395152995242,84.04145487615013
11,1.1772864321608039,425.50601883345166,84.8186082847723
11,1.1781909547738694,435.57202405437357,85.61043960890845
11,1.1790954773869347,445.9482018939501,86.4172831283975
11,1.18,456.64564389185114,87.23948147655257
12,1.0,13.783070085972534,15.978638486736099
12,1.0009045226130653,14.046882710477185,16.039316915662997
12,1.0018090452261306,14.311017360206126,16.099910222366123
12,1.002713567839196,14.575487134761842,16.160420588172478
12,1.0036180904522614,14.840305323167629,16.220850213820356
12,1.0045226130653266,15.105485410417542,16.281201320056145
12,1.005427135678392,15.371041084176857,16.341476148242776
12,1.0063316582914572,15.63698624163866,16.40167696098021
12,1.0072361809045227,15.903334996542261,16.461806042738424
12,1.008140703517588,16.170101686358425,16.52186570050294
12,1.0090452261306533,16.43730087964809,16.5818582644336
12,1.0099497487437186,16.704947383599688,16.64178608853664
12,1.0108542713567839,16.97305625175171,16.70165155135057
12,1.0117587939698491,17.241642791906877,16.76145705664628
12,1.0126633165829146,17.510722574244344,16.8212050341416
12,1.01356783919598,17.78031143963658,16.880897940230835
12,1.0144723618090452,18.050425508178613,16.940538258729745
12,1.0153768844221105,18.32108118793585,17.000128501636098
12,1.0162814070351758,18.59229518391874,17.05967120990661
12,1.0171859296482413,18.864084507291544,17.119168954250345
12,1.0180904522613066,19.136466484823394,17.17862433593933
12,1.0189949748743719,19.409458768589996,17.238039987636654
12,1.0198994974874371,19.68307934593391,17.29741857424258
12,1.0208040201005024,19.957346549692886,17.356762793759234
12,1.021708542713568,20.232279068704848,17.416075378174178
12,1.0226130653266332,20.50789595859896,17.475359094363643
12,1.0235175879396985,20.784216652883053,17.53461674501575
12,1.0244221105527638,21.06126097433652,17.593851169574382
12,1.025326633165829,21.3390491467196,17.653065245204086
12,1.0262311557788946,21.617601806810043,17.712261887776968
12,1.0271356783919598,21.896940016777208,17.77144405288158
12,1.0280402010050251,22.177085276906766,17.83061473685503
12,1.0289447236180904,22.45805953868606,17.889776977838544
12,1.0298492462311557,22.739885218263666,17.948933856857128
12,1.030753768844221,23.022585210295432,18.008088498924288
12,1.0316582914572865,23.306182902190237,18.067244074172134
12,1.0325628140703518,23.590702188768724,18.126403799007694
12,1.033467336683417,23.876167487350358,18.185570937296404
12,1.0343718592964823,24.16260375328161,18.244748801572992
12,1.0352763819095476,24.450036495921868,18.30394075428103
12,1.0361809045226131,24.738491795102167,18.363150209041553
12,1.0370854271356784,25.027996318072763,18.422380631951803
12,1.0379899497487437,25.318577336957166,18.481635542914802
12,1.038894472361809,25.610262746729184,18.540918517000584
12,1.0397989949748743,25.903081083731426,18.600233185840054
12,1.0407035175879398,26.19706154475398,18.659583239052175
12,1.041608040201005,26.492234006692602,18.718972425705747
12,1.0425125628140703,26.788629046806758,18.778404555816323
12,1.0434170854271356,27.086277963597873,18.837883501879595
12,1.044321608040201,27.38521279832967,18.897413200441935
12,1.0452261306532664,27.685466357213233,18.95699765370946
12,1.0461306532663317,27.987072234279232,19.016640931196303
12,1.047035175879397,28.29006483496265,19.076347171413566
12,1.0479396984924623,28.5944794004237,19.136120583599855
12,1.0488442211055276,28.900352032631552,19.195965449494523
12,1.049748743718593,29.207719720237847,19.25588612515502
12,1.0506532663316583,29.51662036526685,19.315887042819263
12,1.0515577889447236,29.827092810653205,19.37597271281479
12,1.052462311557789,30.139176868655042,19.436147725515365
12,1.0533668341708542,30.452913350174853,19.49641675334686
12,1.0542713567839195,30.768344095020623,19.556784552843666
12,1.055175879396985,31.08551200313989,19.617255966756858
12,1.0560804020100503,31.404461066862257,19.67783592621588
12,1.0569849246231156,31.725236404186795,19.738529452945066
12,1.0578894472361808,32.047884293150865,19.799341661536598
12,1.0587939698492461,32.37245220732024,19.860277761781422
12,1.0596984924623116,32.698988852441,19.92134306105992
12,1.060603015075377,33.02754420429461,19.982542966793936
12,1.0615075376884422,33.358169547800884,20.043882988961798
12,1.0624120603015075,33.690917517413496,20.10536874267848
12,1.0633165829145728,34.025842138855225,20.167005950842228
12,1.0642211055276383,34.362998872242756,20.228800446850094
12,1.0651256281407036,34.70244465665064,20.29075817738394
12,1.0660301507537688,35.04423795616904,20.35288520526914
12,1.0669346733668341,35.38843880750885,20.41518771240811
12,1.0678391959798994,35.735108869212034,20.477672002790538
12,1.0687437185929647,36.084311472526835,20.540344505582897
12,1.0696482412060302,36.436111674009254,20.603211778299233
12,1.0705527638190955,36.79057630991526,20.66628051005564
12,1.0714572864321608,37.14777405245132,20.72955752491113
12,1.072361809045226,37.507775467951355,20.793049785296844
12,1.0732663316582913,37.87065307705379,20.85676439553675
12,1.0741708542713568,38.23648141695348,20.92070860546209
12,1.0750753768844221,38.605337105806456,20.984889814122475
12,1.0759798994974874,38.977298909370084,21.04931557359652
12,1.0768844221105527,39.352447809961916,21.11399359290467
12,1.077788944723618,39.7308670778268,21.178931742027576
12,1.0786934673366835,40.11264234500338,21.24413805603275
12,1.0795979899497488,40.497861681785494,21.309620739312944
12,1.080502512562814,40.88661567587899,21.37538816993947
12,1.0814070351758793,41.2789975143564,21.44144890413387
12,1.0823115577889446,41.675103068517615,21.507811680861277
12,1.0832160804020101,42.07503098177012,21.57448542654936
12,1.0841206030150754,42.47888276064357,21.641479259936336
12,1.0850251256281407,42.886762869063325,21.708802497052012
12,1.085929648241206,43.29877882600774,21.776464656335857
12,1.0868341708542713,43.71504130668217,21.84447546389588
12,1.0877386934673368,44.13566424734849,21.91284485891313
12,1.088643216080402,44.5607649539518,21.98158299919544
12,1.0895477386934673,44.99046421469683,22.050700266885663
12,1.0904522613065326,45.42488641672654,22.120207274328255
12,1.091356783919598,45.86415966706923,22.190114870099713
12,1.0922613065326634,46.308415918020614,22.260434145207263
12,1.0931658291457287,46.75779109713946,22.33117643946113
12,1.094070351758794,47.212425242041355,22.4023533480258
12,1.0949748743718593,47.67246264018097,22.47397672815526
12,1.0958793969849245,48.13805197382525,22.54605870611822
12,1.0967839195979898,48.60934647042571,22.618611684318964
12,1.0976884422110553,49.08650405860821,22.691648348619715
12,1.0985929648241206,49.56968753000753,22.76518167587085
12,1.099497487437186,50.05906470718568,22.839224941655257
12,1.1004020100502512,50.55480861787878,22.91379172825318
12,1.1013065326633165,51.057097675834854,22.98889593283492
12,1.102211055276382,51.56611586850954,23.064551775887637
12,1.1031155778894473,52.08205295190291,23.140773809884152
12,1.1040201005025125,52.60510465283216,23.217576928200913
12,1.1049246231155778,53.13547287894566,23.29497637429285
12,1.105829145728643,53.67336593680093,23.372987751133188
12,1.1067336683417084,54.21899875834033,23.45162703092638
12,1.107638190954774,54.772593136115404,23.53091056510283
12,1.1085427135678392,55.3343779676239,23.610855094603778
12,1.1094472361809045,55.90458950914439,23.691477760466327
12,1.1103517587939697,56.483471639463446,23.772796114716787
12,1.111256281407035,57.07127613391531,23.85482813158307
12,1.1121608040201005,57.66826294916945,23.937592219035697
12,1.1130653266331658,58.27470051921941,24.02110723066775
12,1.113969849246231,58.89086606305263,24.105392477924845
12,1.1148743718592964,59.517045904495035,24.1904677426956
12,1.1157788944723617,60.15353580475352,24.276353290274688
12,1.1166834170854272,60.80064130820023,24.363069882709954
12,1.1175879396984925,61.458678101965106,24.45063879254564
12,1.1184924623115577,62.12797238993709,24.539081816975052
12,1.119396984924623,62.808861281790975,24.62842129241493
12,1.1203015075376883,63.501693197694735,24.718680109515514
12,1.1212060301507538,64.20682828937913,24.80988172862037
12,1.122110552763819,64.92463887827928,24.90205019568985
12,1.1230150753768844,65.6555099115005,24.99521015870405
12,1.1239195979899497,66.39983943638306,25.089386884559808
12,1.124824120603015,67.15803909448894,25.184606276478306
12,1.1257286432160805,67.93053463586378,25.280894891939692
12,1.1266331658291457,68.71776645447076,25.37827996116161
12,1.127537688442211,69.52019014573825,25.47678940613986
12,1.1284422110552763,70.3382770871989,25.576451860268897
12,1.1293467336683416,71.17251504325507,25.677296688561487
12,1.130251256281407,72.0234087951464,25.779354008487125
12,1.1311557788944724,72.89148079725021,25.882654711449224
12,1.1320603015075377,73.77727186090067,25.987230484922552
12,1.132964824120603,74.68134186696514,26.093113835272142
12,1.1338693467336682,75.60427050847944,26.200338111276423
12,1.1347738693467337,76.54665806470672,26.308937528377925
12,1.135678391959799,77.50912620804544,26.418947193685398
12,1.1365829145728643,78.49231884529064,26.530403131752617
12,1.1374874371859296,79.49690299481296,26.64334231115926
12,1.1383919597989949,80.52356970130904,26.75780267192122
12,1.1392964824120602,81.5730349898468,26.873823153757094
12,1.1402010050251257,82.64604086102345,26.99144372524077
12,1.141105527638191,83.7433563291311,27.110705413868313
12,1.1420100502512562,84.8657785053349,27.23165033707137
12,1.1429145728643215,86.01413372794813,27.3543217342078
12,1.1438190954773868,87.18927874200845,27.478763999563036
12,1.144723618090452,88.39210193045821,27.605022716395993
12,1.1456281407035176,89.62352459935366,27.73314469206554
12,1.1465326633165829,90.88450231964089,27.863177994273105
12,1.1474371859296482,92.17602632817378,27.995171988460633
12,1.1483417085427134,93.49912499077132,28.12917737640214
12,1.1492462311557787,94.8548653302623,28.26524623603011
12,1.1501507537688442,96.24435462261008,28.40343206253924
12,1.1510552763819095,97.66874206436263,28.543789810810253
12,1.1519597989949748,99.1292205148499,28.686375939200676
12,1.15286432160804,100.62702831670595,28.831248454748007
12,1.1537688442211054,102.16345119849328,28.97846695983495
12,1.1546733668341709,103.73982426339086,29.128092700367205
12,1.1555778894472362,105.3575340681061,29.280188615515158
12,1.1564824120603014,107.01802079640257,29.43481938907525
12,1.1573869346733667,108.72278053183588,29.59205150250606
12,1.158291457286432,110.47336763454953,29.751953289697788
12,1.1591959798994975,112.27139722722325,29.914594993535953
12,1.1601005025125628,114.11854779552763,30.080048824321082
12,1.161005025125628,116.01656390873418,30.24838902011111
12,1.1619095477386934,117.9672590663983,30.419691909051835
12,1.1628140703517587,119.97251867736826,30.5940359737669
12,1.1637185929648242,122.03430317768685,30.77150191787961
12,1.1646231155778894,124.15465129429722,30.952172734740756
12,1.1655276381909547,126.3356834618435,31.136133778442527
12,1.16643216080402,128.57960540022003,31.323472837197542
12,1.1673366834170853,130.88871186094832,31.51428020916806
12,1.1682412060301508,133.26539055088313,31.708648780832654
12,1.169145728643216,135.71212624219572,31.90667410798015
12,1.1700502512562814,138.2315050780791,32.108454499425505
12,1.1709547738693467,140.8262190841007,32.31409110354463
12,1.171859296482412,143.49907089568575,32.523687997729304
12,1.1727638190954774,146.2529787127641,32.73735228086775
12,1.1736683417085427,149.0909814932099,32.95519416895832
12,1.174572864321608,152.01624439735238,33.17732709397212
12,1.1754773869346733,155.03206449646754,33.403867806078935
12,1.1763819095477386,158.14187675889983,33.63493647936104
12,1.1772864321608039,161.34926032818558,33.87065682113967
12,1.1781909547738694,164.65794510834297,34.111156185046625
12,1.1790954773869347,168.07181867232873,34.356565687977806
12,1.18,171.59493351054,34.60702033106928
13,1.0,14.391450719174717,19.432060311694343
13,1.0009045226130653,14.689963795341079,19.505032624114722
13,1.0018090452261306,14.988945334452168,19.57799107011713
13,1.002713567839196,15.288411004452342,19.6509390647161
13,1.0036180904522614,15.58837669441957,19.72388005884379
13,1.0045226130653266,15.888858521343463,19.79681754018542
13,1.005427135678392,16.189872837051656,19.869755034030376
13,1.0063316582914572,16.491436235289733,19.94269610413943
13,1.0072361809045227,16.79356555896009,20.015644353628648
13,1.008140703517588,17.096277907523874,20.088603425869934
13,1.0090452261306533,17.399590644572086,20.16157700540907
13,1.0099497487437186,17.703521405570523,20.23456881890141
13,1.0108542713567839,18.008088105784438,20.307582636065526
13,1.0117587939698491,18.31330894838839,20.38062227065563
13,1.0126633165829146,18.619202432767487,20.45369158145275
13,1.01356783919598,18.92578736301524,20.526794473275338
13,1.0144723618090452,19.23308285663565,20.599934898009927
13,1.0153768844221105,19.541108353454298,20.67311685566179
13,1.0162814070351758,19.849883624746194,20.746344395426753
13,1.0171859296482413,20.159428782586588,20.819621616783905
13,1.0180904522613066,20.46976428943213,20.892952670610494
13,1.0189949748743719,20.78091096793946,20.966341760318823
13,1.0198994974874371,21.09289001102841,21.03979314301606
13,1.0208040201005024,21.405722992198086,21.113311130687524
13,1.021708542713568,21.71943187610315,21.18690009140366
13,1.0226130653266332,22.034039029398787,21.260564450551666
13,1.0235175879396985,22.349567231863016,21.334308692092076
13,1.0244221105527638,22.6660396878046,21.408137359841085
13,1.025326633165829,22.98348003776575,21.482055058778943
13,1.0262311557788946,23.30191237052907,21.55606645638547
13,1.0271356783919598,23.62136123543766,21.630176284002804
13,1.0280402010050251,23.941851655039564,21.704389338226502
13,1.0289447236180904,24.263409138065285,21.778710482325494
13,1.0298492462311557,24.58605969274976,21.853144647691302
13,1.030753768844221,24.909829840509612,21.92769683531779
13,1.0316582914572865,25.23474662998665,22.002372117311644
13,1.0325628140703518,25.56083765146919,22.07717563843453
13,1.033467336683417,25.888131051703986,22.152112617677858
13,1.0343718592964823,26.216655549109845,22.227188349870538
13,1.0352763819095476,26.54644044940676,22.302408207320894
13,1.0361809045226131,26.87751566167339,22.377777641493303
13,1.0370854271356784,27.209911714846307,22.45330218472048
13,1.0379899497487437,27.543659774676115,22.528987451952418
13,1.038894472361809,27.878791661153514,22.604839142542495
13,1.0397989949748743,28.215339866421978,22.680863042072133
13,1.0407035175879398,28.553337573191108,22.75706502421434
13,1.041608040201005,28.89281867366809,22.8334510526377
13,1.0425125628140703,29.23381778902364,22.910027182951428
13,1.0434170854271356,29.57637028940872,22.986799564692447
13,1.044321608040201,29.920512314541263,23.06377444335572
13,1.0452261306532664,30.26628079488028,23.140958162468777
13,1.0461306532663317,30.613713473406726,23.218357165711364
13,1.047035175879397,30.962848928031725,23.295977999081764
13,1.0479396984924623,31.31372659465085,23.37382731311034
13,1.0488442211055276,31.66638679086718,23.45191186512192
13,1.049748743718593,32.02087074040418,23.53023852154799
13,1.0506532663316583,32.377220598230835,23.60881426028984
13,1.0515577889447236,32.73547947642374,23.687646173134326
13,1.052462311557789,33.095691470788694,23.766741468223053
13,1.0533668341708542,33.45790168826782,23.846107472576456
13,1.0542713567839195,33.82215627515832,23.925751634674363
13,1.055175879396985,34.18850244616921,24.005681527094012
13,1.0560804020100503,34.5569885143441,24.085904849207395
13,1.0569849246231156,34.92766392187934,24.166429429939015
13,1.0578894472361808,35.30057927186647,24.247263230585823
13,1.0587939698492461,35.675786360990664,24.32841434770068
13,1.0596984924623116,36.05333821321678,24.409891016040994
13,1.060603015075377,36.433289114496446,24.491701611584332
13,1.0615075376884422,36.81569464853068,24.573854654612333
13,1.0624120603015075,37.200611733623134,24.65635881286494
13,1.0633165829145728,37.588098660661515,24.73922290476651
13,1.0642211055276383,37.978215132265134,24.82245590272573
13,1.0651256281407036,38.37102230313775,24.90606693651103
13,1.0660301507537688,38.766582821668344,24.990065296703655
13,1.0669346733668341,39.164960872820444,25.074460438230087
13,1.0678391959798994,39.566222222355705,25.159261983975956
13,1.0687437185929647,39.97043426243658,25.244479728483398
13,1.0696482412060302,40.37766605865642,25.33012364173425
13,1.0705527638190955,40.787988398544954,25.416203873020628
13,1.0714572864321608,41.20147384160208,25.50273075490602
13,1.072361809045226,41.618196770911155,25.589714807278362
13,1.0732663316582913,42.03823344638761,25.677166741497874
13,1.0741708542713568,42.461662059719615,25.76509746464192
13,1.0750753768844221,42.888562791060025,25.853518083849444
13,1.0759798994974874,43.319017867531386,25.942439910767646
13,1.0768844221105527,43.75311162360636,26.031874466103027
13,1.077788944723618,44.19093056343124,26.121833484280288
13,1.0786934673366835,44.6325634251596,26.212328918210876
13,1.0795979899497488,45.07810124736845,26.303372944174953
13,1.080502512562814,45.527637437630375,26.394977966819077
13,1.0814070351758793,45.981267843317696,26.48715662427282
13,1.0823115577889446,46.43909082471916,26.579921793387328
13,1.0832160804020101,46.90120733055147,26.673286595099043
13,1.0841206030150754,47.36772097595089,26.767264399921807
13,1.0850251256281407,47.83873812303575,26.861868833570732
13,1.085929648241206,48.31436796413035,26.95711378272116
13,1.0868341708542713,48.79472260774778,27.053013400906316
13,1.0877386934673368,49.27991716743146,27.149582114557354
13,1.088643216080402,49.77006985355782,27.2468346291891
13,1.0895477386934673,50.26530206821114,27.344785935736205
13,1.0904522613065326,50.765738503238495,27.443451317042594
13,1.091356783919598,51.27150724160438,27.542846354508903
13,1.0922613065326634,51.78273986216488,27.64298693490207
13,1.0931658291457287,52.29957154798673,27.743889257330842
13,1.094070351758794,52.822141198343786,27.84556984039236
13,1.0949748743718593,53.35059154452439,27.948045529493612
13,1.0958793969849245,53.88506926959316,28.05133350435282
13,1.0967839195979898,54.425725132252836,28.15545128668543
13,1.0976884422110553,54.972714094959855,28.260416748079592
13,1.0985929648241206,55.52619545645182,28.36624811806631
13,1.099497487437186,56.08633298885366,28.472963992389204
13,1.1004020100502512,56.65329507953216,28.580583341479482
13,1.1013065326633165,57.22725487788021,28.689125519141555
13,1.102211055276382,57.80839044721538,28.798610271454727
13,1.1031155778894473,58.396884921986924,28.909057745897176
13,1.1040201005025125,58.992926670493446,29.02048850069788
13,1.1049246231155778,59.5967094633199,29.132923514422757
13,1.105829145728643,60.20843264771311,29.246384195801355
13,1.1067336683417084,60.82830132812268,29.360892393800512
13,1.107638190954774,61.45652655314483,29.476470407952096
13,1.1085427135678392,62.09332550911287,29.593140998940655
13,1.1094472361809045,62.73892172059563,29.710927399459777
13,1.1103517587939697,63.39354525806594,29.829853325342768
13,1.111256281407035,64.05743295301967,29.949942986975977
13,1.1121608040201005,64.73082862083659,30.071221101002756
13,1.1130653266331658,65.41398329168071,30.193712902325032
13,1.113969849246231,66.1071554497602,30.317444156412126
13,1.1148743718592964,66.81061128126879,30.442441171923498
13,1.1157788944723617,67.524624931354,30.568730813655677
13,1.1166834170854272,68.24947877046681,30.696340515821348
13,1.1175879396984925,68.98546367046181,30.825298295669985
13,1.1184924623115577,69.73287929083816,30.955632767459782
13,1.119396984924623,70.49203437552015,31.087373156790363
13,1.1203015075376883,71.26324706059862,31.220549315305973
13,1.1212060301507538,72.04684519347379,31.355191735780522
13,1.122110552763819,72.84316666385047,31.491331567593715
13,1.1230150753768844,73.65255974706832,31.629000632610353
13,1.1239195979899497,74.47538346025785,31.768231441473567
13,1.124824120603015,75.31200793184411,31.909057210323418
13,1.1257286432160805,76.16281478493661,32.051511877953494
13,1.1266331658291457,77.02819753516867,32.19563012341686
13,1.127537688442211,77.90856200357686,32.34144738409497
13,1.1284422110552763,78.80432674513042,32.48899987424188
13,1.1293467336683416,79.71592349355501,32.63832460401775
13,1.130251256281407,80.6437976231159,32.78945939902509
13,1.1311557788944724,81.58840862805974,32.94244292036182
13,1.1320603015075377,82.55023062044557,33.09731468520715
13,1.132964824120603,83.52975284712045,33.25411508795346
13,1.1338693467336682,84.52748022663769,33.412885421901166
13,1.1347738693467337,85.54393390694676,33.57366790153263
13,1.135678391959799,86.57965184471645,33.73650568538047
13,1.1365829145728643,87.63518940720346,33.90144289950905
13,1.1374874371859296,88.71111999760305,34.0685246616254
13,1.1383919597989949,89.8080357048743,34.23779710583831
13,1.1392964824120602,90.92654797906826,34.40930740808402
13,1.1402010050251257,92.06728833323884,34.58310381223798
13,1.141105527638191,93.23090907305863,34.75923565693219
13,1.1420100502512562,94.4180840553241,34.9377534030995
13,1.1429145728643215,95.62950947656998,35.11870866226416
13,1.1438190954773868,96.86590469308807,35.30215422560242
13,1.144723618090452,98.12801307368989,35.48814409379415
13,1.1456281407035176,99.41660288662052,35.67673350768909
13,1.1465326633165829,100.7324682220929,35.86797897981154
13,1.1474371859296482,102.07642995198279,36.06193832672811
13,1.1483417085427134,103.44933672828793,36.25867070230355
13,1.1492462311557787,104.8520660220383,36.45823663187143
13,1.1501507537688442,106.28552520441329,36.66069804734548
13,1.1510552763819095,107.75065267190838,36.86611832330021
13,1.1519597989949748,109.2484190174827,37.074562314049956
13,1.15286432160804,110.77982824969473,37.28609639175432
13,1.1537688442211054,112.34591906194406,37.50078848558154
13,1.1546733668341709,113.94776615402648,37.71870812196147
13,1.1555778894472362,115.58648160831106,37.93992646595957
13,1.1564824120603014,117.26321632296859,38.16451636380615
13,1.1573869346733667,118.97916150477852,38.39255238661548
13,1.158291457286432,120.73555022417277,38.62411087532915
13,1.1591959798994975,122.53365903530036,38.8592699869224
13,1.1601005025125628,124.37480966401719,39.09810974190887
13,1.161005025125628,126.260370766864,39.34071207318544
13,1.1619095477386934,128.19175976421752,39.58716087625563
13,1.1628140703517587,130.1704447509722,39.83754206087364
13,1.1637185929648242,132.1979464882593,40.091943604152526
13,1.1646231155778894,134.27584047988302,40.35045560518053
13,1.1655276381909547,136.4057591373316,40.61317034119129
13,1.16643216080402,138.58939403740072,40.880182325334886
13,1.1673366834170853,140.82849827667292,41.1515883660996
13,1.1682412060301508,143.12488892729203,41.42748762843313
13,1.169145728643216,145.48044959869324,41.70798169661661
13,1.1700502512562814,147.897133110181,41.99317463894462
13,1.1709547738693467,150.3769642794715,42.28317307426673
13,1.171859296482412,152.9220428325833,42.57808624044662
13,1.1727638190954774,155.53454644071613,42.87802606480025
13,1.1736683417085427,158.21673389003456,43.183107236571885
13,1.174572864321608,160.97094839057385,43.493447281512076
13,1.1754773869346733,163.7996210307784,43.80916663862229
13,1.1763819095477386,166.7052743845219,44.13038873913388
13,1.1772864321608039,169.69052627778836,44.457240087789714
13,1.1781909547738694,172.75809372255665,44.789850346501595
13,1.1790954773869347,175.9107970258021,45.12835242045624
13,1.18,179.1515640819405,45.47288254674791
14,1.0,16.22211601496739,13.624716928192523
14,1.0009045226130653,16.459667770858523,13.67947817683569
14,1.0018090452261306,16.697488535815864,13.734194060466443
14,1.002713567839196,16.935589971036784,13.788866300447463
14,1.0036180904522614,17.17398389051057,13.843496632813586
14,1.0045226130653266,17.412682266380017,13.898086808584177
14,1.005427135678392,17.651697234420432,13.952638594080877
14,1.0063316582914572,17.89104109964065,14.0071537712507
14,1.0072361809045227,18.13072634201015,14.06163413799477
14,1.008140703517588,18.370765622316284,14.116081508502653
14,1.0090452261306533,18.611171788156575,14.17049771359256
14,1.0099497487437186,18.85195788007003,14.224884601057418
14,1.0108542713567839,19.09313713781247,14.27924403601692
14,1.0117587939698491,19.33472300678075,14.333577901275824
14,1.0126633165829146,19.576729144590747,14.387888097688478
14,1.01356783919598,19.819169427814106,14.442176544529755
14,1.0144723618090452,20.062057958879624,14.496445179872595
14,1.0153768844221105,20.305409073143956,14.550695960972144
14,1.0162814070351758,20.549237346137787,14.604930864656815
14,1.0171859296482413,20.793557600993218,14.659151887726207
14,1.0180904522613066,21.038384916058124,14.713361047356232
14,1.0189949748743719,21.28373463270426,14.767560381511435
14,1.0198994974874371,21.52962236333476,14.821751949364813
14,1.0208040201005024,21.776063999598108,14.87593783172509
14,1.021708542713568,22.0230757208154,14.93012013147178
14,1.0226130653266332,22.270674002627572,14.984300973998172
14,1.0235175879396985,22.51887562587048,15.03848250766228
14,1.0244221105527638,22.767697685684723,15.092666904246139
14,1.025326633165829,23.017157600868217,15.14685635942335
14,1.0262311557788946,23.267273123479793,15.201053093235386
14,1.0271356783919598,23.5180623487013,15.25525935057643
14,1.0280402010050251,23.76954372496813,15.309477401687362
14,1.0289447236180904,24.021736064375435,15.363709542658784
14,1.0298492462311557,24.2746585533703,15.41795809594332
14,1.030753768844221,24.52833076373892,15.472225410877567
14,1.0316582914572865,24.78277266389854,15.52651386421368
14,1.0325628140703518,25.03800463050394,15.580825860660783
14,1.033467336683417,25.29404746038012,15.63516383343688
14,1.0343718592964823,25.550922382790127,15.689530244830676
14,1.0352763819095476,25.80865107205077,15.743927586774317
14,1.0361809045226131,26.067255660506962,15.798358381426734
14,1.0370854271356784,26.326758751876746,15.852825181768143
14,1.0379899497487437,26.587183434979742,15.90733057220575
14,1.038894472361809,26.848553297861255,15.961877169191006
14,1.0397989949748743,27.1108924423257,16.016467621848648
14,1.0407035175879398,27.37422549889255,16.071104612617614
14,1.041608040201005,27.63857764218961,16.12579085790443
14,1.0425125628140703,27.90397460679791,16.180529108748964
14,1.0434170854271356,28.17044270356341,16.23532215150317
14,1.044321608040201,28.438008836391028,16.290172808522644
14,1.0452261306532664,28.706700519537918,16.345083938871888
14,1.0461306532663317,28.97654589542193,16.4000584390429
14,1.047035175879397,29.247573752963678,16.45509924368792
14,1.0479396984924623,29.519813546479554,16.51020932636642
14,1.0488442211055276,29.79329541514443,16.565391700306563
14,1.049748743718593,30.068050203044137,16.62064941918165
14,1.0506532663316583,30.344109479836483,16.67598557790157
14,1.0515577889447236,30.621505562043545,16.731403313420174
14,1.052462311557789,30.9002715349946,16.78690580555811
14,1.0533668341708542,31.18044127544357,16.84249627784208
14,1.0542713567839195,31.462049474883713,16.89817799836078
14,1.055175879396985,31.745131663583166,16.953954280637472
14,1.0560804020100503,32.02972423536654,17.0098284845202
14,1.0569849246231156,32.315864473168666,17.065804017089523
14,1.0578894472361808,32.603590575386264,17.121884333584365
14,1.0587939698492461,32.892941683056144,17.1780729383464
14,1.0596984924623116,33.1839579078881,17.23437338578318
14,1.060603015075377,33.47668036118246,17.29078928135081
14,1.0615075376884422,33.77115118366339,17.347324282556148
14,1.0624120603015075,34.06741357625942,17.403982099979324
14,1.0633165829145728,34.36551183186485,17.46076649831678
14,1.0642211055276383,34.66549136811652,17.51768129744546
14,1.0651256281407036,34.96739876122098,17.574730373508537
14,1.0660301507537688,35.27128178087041,17.63191766002312
14,1.0669346733668341,35.577189426284576,17.68924714901063
14,1.0678391959798994,35.88517196341918,17.746722892150004
14,1.0687437185929647,36.19528096338215,17.804349001954595
14,1.0696482412060302,36.50756934210091,17.862129652973167
14,1.0705527638190955,36.822091401284474,17.920069083015232
14,1.0714572864321608,37.138902870728344,17.978171594401974
14,1.072361809045226,37.45806095200831,18.036441555242558
14,1.0732663316582913,37.779624363614616,18.09488340073693
14,1.0741708542713568,38.10365338757751,18.153501634505478
14,1.0750753768844221,38.4302099176381,18.212300829946134
14,1.0759798994974874,38.75935750902127,18.271285631619804
14,1.0768844221105527,39.091161429867185,18.330460756664394
14,1.077788944723618,39.42568871438302,18.389830996238338
14,1.0786934673366835,39.763008217777035,18.44940121699427
14,1.0795979899497488,40.10319067303971,18.509176362583382
14,1.080502512562814,40.446308749640664,18.56916145519133
14,1.0814070351758793,40.792437114210315,18.629361597106445
14,1.0823115577889446,41.141652493280084,18.689781972320716
14,1.0832160804020101,41.494033738156816,18.750427848164534
14,1.0841206030150754,41.849661892009976,18.811304576976003
14,1.0850251256281407,42.20862025925457,18.872417597805402
14,1.085929648241206,42.57099447731346,18.93377243815583
14,1.0868341708542713,42.936872590848935,18.99537471576062
14,1.0877386934673368,43.30634512855512,19.057230140398712
14,1.088643216080402,43.67950518260656,19.119344515748438
14,1.0895477386934673,44.05644849086411,19.181723741281086
14,1.0904522613065326,44.4372735219392,19.244373814194702
14,1.091356783919598,44.822081563226675,19.30730083138938
14,1.0922613065326634,45.21097681201656,19.370510991484927
14,1.0931658291457287,45.604066469801744,19.43401059688172
14,1.094070351758794,46.00146083990378,19.497806055866178
14,1.0949748743718593,46.40327342854125,19.561903884761378
14,1.0958793969849245,46.80962104947318,19.62631071012418
14,1.0967839195979898,47.22062393235377,19.691033270989976
14,1.0976884422110553,47.63640583494069,19.756078421165956
14,1.0985929648241206,48.0570941593044,19.82145313157431
14,1.099497487437186,48.48282007219384,19.88716449264633
14,1.1004020100502512,48.9137186297169,19.95321971676861
14,1.1013065326633165,49.34992890650436,20.01962614078286
14,1.102211055276382,49.79159412953034,20.08639122854011
14,1.1031155778894473,50.2388618167698,20.153522573511086
14,1.1040201005025125,50.69188392088324,20.221027901453837
14,1.1049246231155778,51.15081697812271,20.288915073139933
14,1.105829145728643,51.61582226266539,20.357192087140756
14,1.1067336683417084,52.08706594658709,20.42586708267533
14,1.107638190954774,52.56471926569745,20.494948342521
14,1.1085427135678392,53.04895869146801,20.564444295988544
14,1.1094472361809045,53.53996610929529,20.634363521963486
14,1.1103517587939697,54.03792900334799,20.704714752014645
14,1.111256281407035,54.54304064826143,20.775506873572247
14,1.1121608040201005,55.0555003079518,20.84674893317662
14,1.1130653266331658,55.57551344183347,20.918450139799575
14,1.113969849246231,56.10329191873768,20.990619868240145
14,1.1148743718592964,56.63905423883985,21.06326766259643
14,1.1157788944723617,57.183025763918096,21.136403239815245
14,1.1166834170854272,57.735438956280056,21.21003649332187
14,1.1175879396984925,58.296533626706605,21.28417749673147
14,1.1184924623115577,58.866557191779876,21.358836507644146
14,1.119396984924623,59.445764940975465,21.434023971526216
14,1.1203015075376883,60.034420313916165,21.509750525678854
14,1.1212060301507538,60.6327951882046,21.586027003297424
14,1.122110552763819,61.24117017826315,21.662864437622314
14,1.1230150753768844,61.859834945639335,21.740274066185172
14,1.1239195979899497,62.48908852124078,21.81826733515122
14,1.124824120603015,63.129239639998175,21.896855903761338
14,1.1257286432160805,63.78060708846516,21.97605164887542
14,1.1266331658291457,64.44352006589415,22.05586666962022
14,1.127537688442211,65.1183185593473,22.136313292143832
14,1.1284422110552763,65.80535373342526,22.217404074479457
14,1.1293467336683416,66.5049883352264,22.29915181152147
14,1.130251256281407,67.21759711517241,22.381569540116296
14,1.1311557788944724,67.94356726436546,22.464670544270877
14,1.1320603015075377,68.68329886917454,22.548468360482126
14,1.132964824120603,69.43720538377426,22.63297678318987
14,1.1338693467336682,70.20571412139624,22.718209870356407
14,1.1347738693467337,70.98926676508722,22.804181949176463
14,1.135678391959799,71.78831989879856,22.89090762191986
14,1.1365829145728643,72.60334555967844,22.978401771911088
14,1.1374874371859296,73.43483181246552,23.066679569648535
14,1.1383919597989949,74.28328334693485,23.155756479067712
14,1.1392964824120602,75.14922209938102,23.245648263950926
14,1.1402010050251257,76.03318789917522,23.336370994488277
14,1.141105527638191,76.93573914147389,23.427941053993212
14,1.1420100502512562,77.85745348721318,23.5203751457765
14,1.1429145728643215,78.79892859156615,23.61369030018295
14,1.1438190954773868,79.76078286210318,23.70790388179477
14,1.144723618090452,80.74365624794555,23.80303359680584
14,1.1456281407035176,81.74821106126709,23.89909750057147
14,1.1465326633165829,82.7751328325568,23.996114005337787
14,1.1474371859296482,83.82513120112618,24.094101888155677
14,1.1483417085427134,84.89894084240709,24.193080298983638
14,1.1492462311557787,85.99732243366475,24.29306876898487
14,1.1501507537688442,87.12106365982153,24.394087219023127
14,1.1510552763819095,88.27098026116789,24.496155968362686
14,1.1519597989949748,89.4479171248235,24.599295743577812
14,1.15286432160804,90.65274942189039,24.703527687676594
14,1.1537688442211054,91.88638379234257,24.808873369445713
14,1.1546733668341709,93.14975957978398,24.915354793020466
14,1.1555778894472362,94.44385011831096,25.022994407687236
14,1.1564824120603014,95.76966407382626,25.131815117923644
14,1.1573869346733667,97.12824684225097,25.24184029368278
14,1.158291457286432,98.52068200721065,25.35309378092793
14,1.1591959798994975,99.94809285988784,25.465599912424395
14,1.1601005025125628,101.4116439838597,25.579383518794614
14,1.161005025125628,102.91254290788655,25.694469939844616
14,1.1619095477386934,104.45204182974112,25.810885036167484
14,1.1628140703517587,106.03143941433709,25.92865520103237
14,1.1637185929648242,107.65208266955739,26.04780737256572
14,1.1646231155778894,109.3153689033562,26.16836904623284
14,1.1655276381909547,111.02274776588132,26.29036828762775
14,1.16643216080402,112.77572338053977,26.41383374557917
14,1.1673366834170853,114.57585656812861,26.53879466558121
14,1.1682412060301508,116.42476716835134,26.665280903557758
14,1.169145728643216,118.32413646324684,26.793322939968228
14,1.1700502512562814,120.27570970729539,26.922951894265665
14,1.1709547738693467,122.28129876917757,27.054199539714595
14,1.171859296482412,124.34278489043109,27.187098318579604
14,1.1727638190954774,126.46212156649426,27.321681357694118
14,1.1736683417085427,128.6413375559009,27.457982484419176
14,1.174572864321608,130.88254002368757,27.59603624300363
14,1.1754773869346733,133.18791782535615,27.735877911355647
14,1.1763819095477386,135.55974493807025,27.87754351823672
14,1.1772864321608039,138.00038404609077,28.021069860890332
14,1.1781909547738694,140.51229028780477,28.166494523115993
14,1.1790954773869347,143.0980151720739,28.313855893801215
14,1.18,145.76021067202683,28.463193185924226
15,1.0,9.560101920301161,13.487268045215608
15,1.0009045226130653,9.792498667311156,13.546067702377549
15,1.0018090452261306,10.025286637485772,13.604863707279861
15,1.002713567839196,10.258478999421257,13.663658831448513
15,1.0036180904522614,10.492089102691727,13.722455874374438
15,1.0045226130653266,10.726130483490088,13.781257664143897
15,1.005427135678392,10.960616870391558,13.84006705808017
15,1.0063316582914572,11.195562190244493,13.898886943397061
15,1.0072361809045227,11.430980574192285,13.957720237864322
15,1.008140703517588,11.666886363830283,14.016569890485227
15,1.0090452261306533,11.903294117502991,14.07543888218686
15,1.0099497487437186,12.140218616744782,14.134330226522964
15,1.0108542713567839,12.37767487286973,14.19324697039
15,1.0117587939698491,12.615678133714741,14.252192194756589
15,1.0126633165829146,12.854243890541248,14.311169015406517
15,1.01356783919598,13.093387885099972,14.370180583695834
15,1.0144723618090452,13.33312611686474,14.429230087324191
15,1.0153768844221105,13.573474850440011,14.488320751120824
15,1.0162814070351758,13.814450623147776,14.547455837845497
15,1.0171859296482413,14.056070252799785,14.606638649004664
15,1.0180904522613066,14.298350845660593,14.665872525683323
15,1.0189949748743719,14.541309804608058,14.725160849392925
15,1.0198994974874371,14.78496483749657,14.784507042935457
15,1.0208040201005024,15.029333965730483,14.843914571284408
15,1.021708542713568,15.27443553305372,14.903386942482815
15,1.0226130653266332,15.5202882145623,14.962927708558656
15,1.0235175879396985,15.766911025947792,15.022540466458345
15,1.0244221105527638,16.0143233329777,15.082228858998384
15,1.025326633165829,16.262544861221187,15.14199657583573
15,1.0262311557788946,16.51159570602777,15.201847354457431
15,1.0271356783919598,16.761496342766286,15.261784981189585
15,1.0280402010050251,17.012267637333974,15.321813292226668
15,1.0289447236180904,17.26393085694232,15.381936174681035
15,1.0298492462311557,17.5165076811899,15.442157567653574
15,1.030753768844221,17.77002021343062,15.50248146332565
15,1.0316582914572865,18.024490992447262,15.562911908073156
15,1.0325628140703518,18.279943004439247,15.623453003602744
15,1.033467336683417,18.536399695336033,15.684108908111304
15,1.0343718592964823,18.793884983444894,15.744883837468638
15,1.0352763819095476,19.052423272445033,15.80578206642432
15,1.0361809045226131,19.312039464738746,15.866807929839133
15,1.0370854271356784,19.572758975170586,15.92796582394148
15,1.0379899497487437,19.834607745127467,15.989260207609732
15,1.038894472361809,20.097612257030907,16.050695603680794
15,1.0397989949748743,20.36179954923446,16.11227660028554
15,1.0407035175879398,20.627197231339665,16.17400785221196
15,1.041608040201005,20.893833499943362,16.2358940822963
15,1.0425125628140703,21.1617371548316,16.297940082843294
15,1.0434170854271356,21.430937615632985,16.36015071707572
15,1.044321608040201,21.70146493894783,16.42253092061428
15,1.0452261306532664,21.97334983596787,16.485085702988417
15,1.0461306532663317,22.246623690602448,16.547820149178605
15,1.047035175879397,22.521318578128838,16.61073942119139
15,1.0479396984924623,22.797467284382133,16.673848759667152
15,1.0488442211055276,23.075103325503953,16.737153485522125
15,1.049748743718593,23.35426096826766,16.80065900162503
15,1.0506532663316583,23.63497525099883,16.864370794509185
15,1.0515577889447236,23.91728200511171,16.928294436121163
15,1.052462311557789,24.201217877280676,16.992435585606547
15,1.0533668341708542,24.486820352268957,17.05679999113396
15,1.0542713567839195,24.774127776435545,17.121393491757967
15,1.055175879396985,25.063179381943783,17.18622201932211
15,1.0560804020100503,25.354015311694027,17.25129160040272
15,1.0569849246231156,25.64667664500601,17.31660835829475
15,1.0578894472361808,25.941205424074354,17.382178515040327
15,1.0587939698492461,26.237644681224786,17.448008393501368
15,1.0596984924623116,26.53603846699714,17.5141044194771
15,1.060603015075377,26.83643187908309,17.580473123867563
15,1.0615075376884422,27.138871092148484,17.647121144884423
15,1.0624120603015075,27.443403388568726,17.71405523030984
15,1.0633165829145728,27.75007719010964,17.781282239804895
15,1.0642211055276383,28.058942090585795,17.848809147268774
15,1.0651256281407036,28.370048889528462,17.916643043249437
15,1.0660301507537688,28.683449626900085,17.98479113740781
15,1.0669346733668341,28.99919761888901,18.0532607610361
15,1.0678391959798994,29.317347494822876,18.12205936963191
15,1.0687437185929647,29.63795523523876,18.191194545529342
15,1.0696482412060302,29.96107821115075,18.260674000588743
15,1.0705527638190955,30.286775224555278,18.33050557894601
15,1.0714572864321608,30.615106550218755,18.400697259823534
15,1.072361809045226,30.946133978790826,18.471257160403752
15,1.0732663316582913,31.279920861290556,18.542193538767272
15,1.0741708542713568,31.616532155012806,18.613514796896716
15,1.0750753768844221,31.95603447090517,18.685229483748227
15,1.0759798994974874,32.29849612246767,18.757346298392335
15,1.0768844221105527,32.64398717622754,18.82987409322551
15,1.077788944723618,32.992579503846265,18.902821877254517
15,1.0786934673366835,33.34434683591603,18.976198819455327
15,1.0795979899497488,33.69936481750543,19.0500142522081
15,1.080502512562814,34.05771106551787,19.124277674810635
15,1.0814070351758793,34.419465227925976,19.198998757071802
15,1.0823115577889446,34.78470904495023,19.27418734298715
15,1.0832160804020101,35.153526412251544,19.34985345449872
15,1.0841206030150754,35.526003446209444,19.42600729534109
15,1.0850251256281407,35.90222855136285,19.50265925497593
15,1.085929648241206,36.28229249008971,19.579819912617086
15,1.0868341708542713,36.66628845460816,19.65750004134872
15,1.0877386934673368,37.054312141383235,19.735710612338597
15,1.088643216080402,37.446461828026194,19.81446279914895
15,1.0895477386934673,37.8428384527796,19.893767982147764
15,1.0904522613065326,38.24354569667976,19.973637753022228
15,1.091356783919598,38.64869006849823,20.05408391939771
15,1.0922613065326634,39.058380992562604,20.13511850956462
15,1.0931658291457287,39.47273089956333,20.216753777315603
15,1.094070351758794,39.891855320458674,20.299002206896517
15,1.0949748743718593,40.31587298359021,20.381876518073376
15,1.0958793969849245,40.744905915131106,20.465389671318874
15,1.0967839195979898,41.17907954298937,20.54955487312086
15,1.0976884422110553,41.61852280429708,20.634385581416574
15,1.0985929648241206,42.063368256618745,20.719895511155222
15,1.099497487437186,42.513752193020316,20.806098639992705
15,1.1004020100502512,42.96981476114272,20.89300921412163
15,1.1013065326633165,43.4317000864325,20.98064175423999
15,1.102211055276382,43.89955639968696,21.069011061662295
15,1.1031155778894473,44.37353616907737,21.15813222457674
15,1.1040201005025125,44.85379623682224,21.248020624452337
15,1.1049246231155778,45.34049796068613,21.3386919425994
15,1.105829145728643,45.83380736049121,21.43016216688806
15,1.1067336683417084,46.33389526983262,21.522447598628343
15,1.107638190954774,46.840937493198766,21.61556485961634
15,1.1085427135678392,47.35511496870454,21.709530899350597
15,1.1094472361809045,47.87661393665625,21.804363002423294
15,1.1103517587939697,48.40562611417307,21.90007879609086
15,1.111256281407035,48.94234887610096,21.99669625802833
15,1.1121608040201005,49.48698544246627,22.094233724272904
15,1.1130653266331658,50.03974507272179,22.192709897360814
15,1.113969849246231,50.60084326705588,22.292143854663816
15,1.1148743718592964,51.17050197503795,22.392555056929034
15,1.1157788944723617,51.74894981189323,22.493963357028978
15,1.1166834170854272,52.33642228270653,22.596389008926273
15,1.1175879396984925,52.9331620148691,22.69985267685916
15,1.1184924623115577,53.53941899909907,22.804375444754108
15,1.119396984924623,54.15545083937258,22.90997882587036
15,1.1203015075376883,54.78152301212509,23.016684772683888
15,1.1212060301507538,55.417909135094234,23.124515687016526
15,1.122110552763819,56.06489124618767,23.233494430416513
15,1.1230150753768844,56.72276009278569,23.343644334797936
15,1.1239195979899497,57.391815431894116,23.454989213345563
15,1.124824120603015,58.07236634159065,23.56755337169218
15,1.1257286432160805,58.76473154422044,23.68136161937569
15,1.1266331658291457,59.46923974182111,23.796439281584036
15,1.127537688442211,60.18622996427527,23.91281221119501
15,1.1284422110552763,60.91605193071065,24.03050680111953
15,1.1293467336683416,61.65906642469221,24.14954999695605
15,1.130251256281407,62.41564568377275,24.26996930996502
15,1.1311557788944724,63.18617380399397,24.391792830371752
15,1.1320603015075377,63.97104715995741,24.515049241006988
15,1.132964824120603,64.77067484110857,24.63976783129403
15,1.1338693467336682,65.5854791049089,24.765978511591968
15,1.1347738693467337,66.41589584760018,24.893711827904987
15,1.135678391959799,67.26237509329353,25.022998976967354
15,1.1365829145728643,68.12538150215568,25.153871821715157
15,1.1374874371859296,69.0053948984876,25.2863629071543
15,1.1383919597989949,69.90291081953902,25.42050547663682
15,1.1392964824120602,70.81844108593091,25.556333488556085
15,1.1402010050251257,71.75251439460169,25.693881633472536
15,1.141105527638191,72.7056769352317,25.833185351682253
15,1.1420100502512562,73.67849303114832,25.97428085124036
15,1.1429145728643215,74.67154580575048,26.117205126451566
15,1.1438190954773868,75.68543787554924,26.26199597684175
15,1.144723618090452,76.72079207096303,26.408692026623235
15,1.1456281407035176,77.77825218606081,26.557332744667494
15,1.1465326633165829,78.8584837585022,26.70795846500021
15,1.1474371859296482,79.96217488097949,26.86061040783261
15,1.1483417085427134,81.09003704552556,27.01533070114469
15,1.1492462311557787,82.2428060221157,27.172162402835035
15,1.1501507537688442,83.4212427730584,27.331149523454222
15,1.1510552763819095,84.62613440473612,27.49233704953765
15,1.1519597989949748,85.85829515833427,27.65577096755473
15,1.15286432160804,87.11856744126598,27.82149828849206
15,1.1537688442211054,88.40782290108822,27.9895670730889
15,1.1546733668341709,89.72696354378087,28.16002645774253
15,1.1555778894472362,91.07692289835208,28.33292668110358
15,1.1564824120603014,92.45866722982866,28.508319111380303
15,1.1573869346733667,93.87319680277808,28.686256274372845
15,1.158291457286432,95.32154719761738,28.866791882256997
15,1.1591959798994975,96.80479068207194,29.049980863140853
15,1.1601005025125628,98.3240376402488,29.235879391414393
15,1.161005025125628,99.88043806192333,29.424544918916745
15,1.1619095477386934,101.47518309474322,29.616036206943512
15,1.1628140703517587,103.10950666219787,29.810413359118957
15,1.1637185929648242,104.78468715032838,30.007737855157423
15,1.1646231155778894,106.50204916630065,30.208072585540485
15,1.1655276381909547,108.26296537211505,30.411481887136194
15,1.16643216080402,110.06885839687847,30.618031579787292
15,1.1673366834170853,111.92120283123627,30.82778900389748
15,1.1682412060301508,113.82152730773385,31.040823059043817
15,1.169145728643216,115.77141667105752,31.257204243646253
15,1.1700502512562814,117.77251424230671,31.477004695724627
15,1.1709547738693467,119.82652418163575,31.700298234775172
15,1.171859296482412,121.93521395383281,31.92716040479902
15,1.1727638190954774,124.10041690161803,32.15766851851782
15,1.1736683417085427,126.32403493167654,32.391901702809484
15,1.174572864321608,128.60804131870225,32.6299409454022
15,1.1754773869346733,130.95448363296956,32.871869142862565
15,1.1763819095477386,133.36548679723884,33.11777114991635
15,1.1772864321608039,135.8432562790854,33.36773383014173
15,1.1781909547738694,138.39008142504352,33.62184610807631
15,1.1790954773869347,141.00833894327124,33.88019902277806
15,1.18,143.70049654179644,34.14288578288674
16,1.0,2.302875882656899,25.176926304038922
16,1.0009045226130653,2.6546148550719995,25.250329177211626
16,1.0018090452261306,3.007471724262614,25.32384963257897
16,1.002713567839196,3.3614875613658253,25.397493062712293
16,1.0036180904522614,3.7167040128225057,25.47126492726386
16,1.0045226130653266,4.07316331979478,25.545170754467243
16,1.005427135678392,4.430908338016785,25.619216142667284
16,1.0063316582914572,4.789982558093498,25.693406761879984
16,1.0072361809045227,5.150430126263127,25.76774835538344
16,1.008140703517588,5.512295865638248,25.84224674134011
16,1.0090452261306533,5.875625297942174,25.91690781445157
16,1.0099497487437186,6.240464665756936,25.991737547646302
16,1.0108542713567839,6.606860955299826,26.06674199380117
16,1.0117587939698491,6.974861919746536,26.141927287497733
16,1.0126633165829146,7.344516103118853,26.217299646814013
16,1.01356783919598,7.7158728647551715,26.292865375152402
16,1.0144723618090452,8.088982404384492,26.368630863104954
16,1.0153768844221105,8.463895787822363,26.444602590356627
16,1.0162814070351758,8.840664973309858,26.520787127627457
16,1.0171859296482413,9.219342838517491,26.597191138654736
16,1.0180904522613066,9.599983208234658,26.673821382215834
16,1.0189949748743719,9.98264088276873,26.7506847141931
16,1.0198994974874371,10.367371667075714,26.82778808968135
16,1.0208040201005024,10.754232400647487,26.905138565139232
16,1.021708542713568,11.143280988180363,26.982743300585675
16,1.0226130653266332,11.534576431049594,27.060609561841847
16,1.0235175879396985,11.928178859618868,27.138744722820775
16,1.0244221105527638,12.324149566409048,27.21715626786462
16,1.025326633165829,12.72255104015667,27.29585179413158
16,1.0262311557788946,13.123447000790906,27.37483901403333
16,1.0271356783919598,13.526902435358187,27.454125757723993
16,1.0280402010050251,13.932983634927956,27.533719975642434
16,1.0289447236180904,14.341758232509145,27.613629741108596
16,1.0298492462311557,14.753295242012568,27.693863252975476
16,1.030753768844221,15.167665098293368,27.774428838338125
16,1.0316582914572865,15.584939698308357,27.855334955300876
16,1.0325628140703518,16.005192443425834,27.936590195804293
16,1.033467336683417,16.42849828292657,28.018203288513455
16,1.0343718592964823,16.85493375873345,28.100183101768682
16,1.0352763819095476,17.284577051412775,28.182538646600765
16,1.0361809045226131,17.717508027487618,28.26527907981165
16,1.0370854271356784,18.153808288107516,28.348413707122596
16,1.0379899497487437,18.593561219120634,28.431951986391613
16,1.038894472361809,19.03685204259292,28.515903530901202
16,1.0397989949748743,19.483767869824568,28.600278112718872
16,1.0407035175879398,19.934397755912535,28.685085666131656
16,1.041608040201005,20.388832755911412,28.770336291156884
16,1.0425125628140703,20.847165982646693,28.856040257130697
16,1.0434170854271356,21.30949266623451,28.942208006376593
16,1.044321608040201,21.77591021536672,29.028850157955677
16,1.0452261306532664,22.246518280419853,29.115977511500827
16,1.0461306532663317,22.72141881844954,29.203601051136587
16,1.047035175879397,23.200716160135514,29.291731949487577
16,1.0479396984924623,23.68451707874096,29.380381571776663
16,1.0488442211055276,24.172930861156217,29.469561480015855
16,1.049748743718593,24.666069381097767,29.559283437292038
16,1.0506532663316583,25.164047174534378,29.64955941214976
16,1.0515577889447236,25.666981517418737,29.740401583073613
16,1.052462311557789,26.174992505801495,29.831822343072975
16,1.0533668341708542,26.688203138409857,29.9238343043709
16,1.0542713567839195,27.206739401776343,30.01645030320079
16,1.055175879396985,27.7307303580043,30.10968340471278
16,1.0560804020100503,28.2603082352609,30.20354690799277
16,1.0569849246231156,28.79560852109437,30.29805435119752
16,1.0578894472361808,29.336770058669394,30.39321951680768
16,1.0587939698492461,29.88393514602526,30.489056437002727
16,1.0596984924623116,30.43724963846056,30.58557939916042
16,1.060603015075377,30.996863054152804,30.68280295148381
16,1.0615075376884422,31.562928683128167,30.780741908759612
16,1.0624120603015075,32.1356036996962,30.879411358250724
16,1.0633165829145728,32.71504927847245,30.978826665726412
16,1.0642211055276383,33.301430714115696,31.079003481634135
16,1.0651256281407036,33.89491754490871,31.179957747415806
16,1.0660301507537688,34.49568368032171,31.281705701973248
16,1.0669346733668341,35.103907532696155,31.384263888285602
16,1.0678391959798994,35.71977215319747,31.487649160183413
16,1.0687437185929647,36.34346537218766,31.591878689282947
16,1.0696482412060302,36.975179944175984,31.696969972085192
16,1.0705527638190955,37.61511369751076,31.80294083724344
16,1.0714572864321608,38.26346968898356,31.909809453004293
16,1.072361809045226,38.92045636352048,32.017594334826065
16,1.0732663316582913,39.58628771914568,32.12631435317974
16,1.0741708542713568,40.26118347740522,32.2359887415365
16,1.0750753768844221,40.945369259451596,32.34663710454765
16,1.0759798994974874,41.63907676799268,32.45827942642117
16,1.0768844221105527,42.34254397531737,32.57093607950007
16,1.077788944723618,43.05601531762294,32.684627833048765
16,1.0786934673366835,43.77974189587005,32.79937586225138
16,1.0795979899497488,44.51398168340807,32.9152017574291
16,1.080502512562814,45.25899974061793,33.0321275334812
16,1.0814070351758793,46.01506843683114,33.15017563955648
16,1.0823115577889446,46.78246767979261,33.26936896896032
16,1.0832160804020101,47.56148515294883,33.38973086930464
16,1.0841206030150754,48.35241656084791,33.51128515290602
16,1.0850251256281407,49.155565882958264,33.63405610743978
16,1.085929648241206,49.97124563621423,33.75806850685582
16,1.0868341708542713,50.79977714661945,33.88334762256387
16,1.0877386934673368,51.641490830243974,34.009919234894745
16,1.088643216080402,52.49672648396951,34.13780964484559
16,1.0895477386934673,53.36583358635216,34.26704568611663
16,1.0904522613065326,54.24917160897833,34.39765473744641
16,1.091356783919598,55.147110338718086,34.52966473525481
16,1.0922613065326634,56.060030211284534,34.66310418660123
16,1.0931658291457287,56.9883226565309,34.79800218246663
16,1.094070351758794,57.932390455934765,34.934388411368516
16,1.0949748743718593,58.89264811273132,35.07229317331736
16,1.0958793969849245,59.869522235184554,35.211747394124174
16,1.0967839195979898,60.863451933498425,35.35278264006834
16,1.0976884422110553,61.87488923089515,35.49543113293588
16,1.0985929648241206,62.90429948940622,35.63972576543788
16,1.099497487437186,63.95216185094945,35.7857001170202
16,1.1004020100502512,65.01896969427912,35.93338847007367
16,1.1013065326633165,66.10523110843366,36.08282582655768
16,1.102211055276382,67.2114693833207,36.23404792504684
16,1.1031155778894473,68.33822351811017,36.38709125821322
16,1.1040201005025125,69.4860487481364,36.54199309075604
16,1.1049246231155778,70.65551709103296,36.69879147779075
16,1.105829145728643,71.84721791286312,36.857525283711
16,1.1067336683417084,73.0617585150319,37.01823420153557
16,1.107638190954774,74.2997647428059,37.18095877275445
16,1.1085427135678392,75.56188161629714,37.34574040768749
16,1.1094472361809045,76.84877398481039,37.512621406370585
16,1.1103517587939697,78.16112720547963,37.68164497998297
16,1.111256281407035,79.4996478471711,37.85285527283156
16,1.1121608040201005,80.86506442066789,38.02629738490807
16,1.1130653266331658,82.25812813618788,38.20201739503399
16,1.113969849246231,83.67961368934476,38.3800623846107
16,1.1148743718592964,85.13032007669855,38.560480461992114
16,1.1157788944723617,86.611071442095,38.74332078749591
16,1.1166834170854272,88.12271795504856,38.92863359907271
16,1.1175879396984925,89.66613672247227,39.11647023865159
16,1.1184924623115577,91.24223273512095,39.30688317918046
16,1.119396984924623,92.85193985016585,39.499926052381696
16,1.1203015075376883,94.49622181138584,39.695653677242554
16,1.1212060301507538,96.17607330852964,39.89412208926248
16,1.122110552763819,97.89252107745662,40.095388570477645
16,1.1230150753768844,99.64662504275698,40.29951168028582
16,1.1239195979899497,101.43947950460016,40.50655128709357
16,1.124824120603015,103.2722143716663,40.71656860081072
16,1.1257286432160805,105.14599644207163,40.92962620621496
16,1.1266331658291457,107.06203073430092,41.14578809721219
16,1.127537688442211,109.02156187024704,41.365119712019094
16,1.1284422110552763,111.02587551254062,41.587687969293626
16,1.1293467336683416,113.07629985846403,41.81356130524058
16,1.130251256281407,115.17420719284104,42.04280971172234
16,1.1311557788944724,117.32101550239697,42.27550477540123
16,1.1320603015075377,119.51819015420816,42.5117197179463
16,1.132964824120603,121.76724564096246,42.75152943733339
16,1.1338693467336682,124.06974739588733,42.99501055027095
16,1.1347738693467337,126.42731368033282,43.242241435785964
16,1.135678391959799,128.8416175471153,43.493302280001124
16,1.1365829145728643,131.3143888829018,43.74827512214105
16,1.1374874371859296,133.84741653302555,44.0072439018022
16,1.1383919597989949,136.4425505123109,44.270294507523126
16,1.1392964824120602,139.10170430563443,44.53751482669531
16,1.1402010050251257,141.82685726212668,44.808994796852794
16,1.141105527638191,144.6200570870864,45.08482645838068
16,1.1420100502512562,147.4834224359007,45.365104008687595
16,1.1429145728643215,150.4191456144137,45.64992385788174
16,1.1438190954773868,153.42949539044207,45.939384685998434
16,1.144723618090452,156.51681992132202,46.23358750182328
16,1.1456281407035176,159.68354980261878,46.532635703360505
16,1.1465326633165829,162.93220124335542,46.836635139993234
16,1.1474371859296482,166.2653793733898,47.14569417638935
16,1.1483417085427134,169.68578168880867,47.45992375820319
16,1.1492462311557787,173.19620164150462,47.77943747962718
16,1.1501507537688442,176.7995323793874,48.10435165285125
16,1.1510552763819095,180.49877064397765,48.43478537948437
16,1.1519597989949748,184.29702083247852,48.770860624001045
16,1.15286432160804,188.19749923171761,49.11270228927106
16,1.1537688442211054,192.20353843174888,49.46043829423804
16,1.1546733668341709,196.31859192724653,49.81419965381069
16,1.1555778894472362,200.5462389152191,50.17412056103443
16,1.1564824120603014,204.89018929800963,50.540338471614035
16,1.1573869346733667,209.3542889009277,50.91299419085793
16,1.158291457286432,213.94252491436424,51.292231963118624
16,1.1591959798994975,218.65903157068854,51.678199563806366
16,1.1601005025125628,223.50809606672533,52.07104839405415
16,1.161005025125628,228.49416474316874,52.470933578117716
16,1.1619095477386934,233.62184953279052,52.87801406359227
16,1.1628140703517587,238.8959346899357,53.29245272453531
16,1.1637185929648242,244.32138381437284,53.71441646758328
16,1.1646231155778894,249.90334718323172,54.14407634115813
16,1.1655276381909547,255.64716940543056,54.58160764785628
16,1.16643216080402,261.5583974137021,55.027190060121676
16,1.1673366834170853,267.642788810085,55.48100773930411
16,1.1682412060301508,273.9063205815373,55.94324945820877
16,1.169145728643216,280.35519820313897,56.4141087272463
16,1.1700502512562814,286.9958651472689,56.89378392429816
16,1.1709547738693467,293.8350128179865,57.3824784284097
16,1.171859296482412,300.8795909308976,57.88040075743615
16,1.1727638190954774,308.13681835973966,58.38776470976295
16,1.1736683417085427,315.61419447202337,58.904789510231424
16,1.174572864321608,323.3195109772024,59.43169996040071
16,1.1754773869346733,331.2608643119956,59.96872659328524
16,1.1763819095477386,339.44666858878026,60.51610583270932
16,1.1772864321608039,347.8856691342712,61.074080157425456
16,1.1781909547738694,356.58695664708864,61.64289827014784
16,1.1790954773869347,365.5599820042886,62.22281527166045
16,1.18,374.8145717484867,62.81409284015945
