subject,lambda_theta,sigma_theta_kPa,sigma_z_kPa,Pi_mmHg
1,1.1143824541253415,56.39731554871534,25.167325004382384,64.19992074109349
1,1.1147577039141408,56.68542037321398,25.1967584377957,64.52788505496163
1,1.1151329537029397,56.97572952068501,25.226320551930442,64.85835866131539
1,1.115508203491739,57.268270213403916,25.256012829031402,65.19137254864971
1,1.1158834532805382,57.56307004560008,25.285836767935226,65.52695812887353
1,1.1162587030693374,57.860156989044015,25.31579388427802,65.86514724366995
1,1.1166339528581364,58.159559398725094,25.34588571070571,66.20597217095951
1,1.1170092026469356,58.46130601862278,25.376113797087555,66.5494656314699
1,1.1173844524357348,58.765425987569714,25.40647971073208,66.89566079541014
1,1.117759702224534,59.07194884521175,25.43698503660616,67.24459128925527
1,1.118134952013333,59.380904538065124,25.46763137755709,67.59629120264144
1,1.1185102018021322,59.69232342567311,25.49842035453763,67.95079509537447
1,1.1188854515909314,60.00623628686155,25.529353606833972,68.30813800455068
1,1.1192607013797307,60.32267432609883,25.560432792296922,68.66835545179696
1,1.1196359511685297,60.641669179959294,25.59165958757619,69.03148345062819
1,1.1200112009573289,60.96325292369278,25.623035688357824,69.39755851392586
1,1.120386450746128,61.287458077901995,25.654562809604897,69.76661766153913
1,1.1207617005349273,61.61431761533005,25.686242685801414,70.13869842801151
1,1.1211369503237263,61.943864967759495,25.718077071199584,70.5138388704344
1,1.1215122001125255,62.27613403302627,25.750067740070506,70.89207757643128
1,1.1218874499013247,62.61115918214696,25.782216486958117,71.27345367227122
1,1.122262699690124,62.94897526656687,25.814525126936736,71.65800683111954
1,1.122637949478923,63.289617625525445,25.846995495872044,72.04577728142243
1,1.1230131992677221,63.63312209354643,25.879629450685783,72.43680581543323
1,1.1233884490565214,63.97952500804908,25.912428869623756,72.83113379787672
1,1.1237636988453206,64.32886321708875,25.945395652527917,73.22880317476063
1,1.1241389486341196,64.68117408722395,25.97853172111175,73.62985648233105
1,1.1245141984229188,65.03649551151673,26.01183901923985,74.03433685617978
1,1.124889448211718,65.39486591766342,26.045319513210977,74.44228804049986
1,1.1252646980005172,65.75632427626363,26.078975192045235,74.85375439749859
1,1.1256399477893162,66.12091010922582,26.112808067775013,75.2687809169662
1,1.1260151975781154,66.48866349831516,26.14682017574026,75.68741322600597
1,1.1263904473669146,66.85962509384171,26.1810135748873,76.1096975989248
1,1.1267656971557138,67.23383612349745,26.215390348072336,76.53568096729256
1,1.1271409469445128,67.61133840133886,26.249952602368687,76.96541093016758
1,1.127516196733312,67.99217433692353,26.28470246937865,77.39893576449727
1,1.1278914465221113,68.37638694459645,26.319642105549296,77.83630443568914
1,1.1282666963109105,68.76401985293617,26.354773692492877,78.27756660836391
1,1.1286419460997095,69.15511731435898,26.390099437311726,78.7227726572883
1,1.1290171958885087,69.54972421488532,26.42562157292746,79.17197367849289
1,1.129392445677308,69.94788608407076,26.46134235841487,79.62522150057674
1,1.1297676954661071,70.34964910510546,26.49726407934039,80.08256869620435
1,1.130142945254906,70.75506012508521,26.533389048105384,80.54406859379758
1,1.1305181950437053,71.16416666545635,26.56971960429412,81.00977528942573
1,1.1308934448325045,71.57701693263715,26.606258115026584,81.4797436588963
1,1.1312686946213037,71.99365982882125,26.643006975316233,81.95402937005314
1,1.1316439444101027,72.41414496296375,26.67996860843273,82.43268889528247
1,1.132019194198902,72.83852266195645,26.717145466269933,82.9157795242342
1,1.1323944439877012,73.26684398199053,26.754540029718612,83.40335937675673
1,1.1327696937765004,73.69916072011605,26.792154809044796,83.89548741605554
1,1.1331449435652994,74.13552542599855,26.829992344273172,84.39222346207654
1,1.1335201933540986,74.57599141387699,26.868055205576137,84.8936282051182
1,1.1338954431428978,75.0206127747249,26.906345993667806,85.39976321967535
1,1.134270692931697,75.46944438862322,26.944867340204148,85.91069097852372
1,1.134645942720496,75.92254193734306,26.98362190818829,86.42647486704357
1,1.1350211925092952,76.3799619171476,27.022612392381884,86.94717919779274
1,1.1353964422980944,76.84176165181088,27.061841519721888,87.47286922532662
1,1.1357716920868937,77.30799930586504,27.101312049743598,88.00361116127807
1,1.1361469418756927,77.77873389807303,27.141026775009387,88.53947218969421
1,1.1365221916644919,78.2540253151368,27.18098852154369,89.08052048264103
1,1.136897441453291,78.73393432563982,27.22120014927392,89.62682521607498
1,1.1372726912420903,79.21852259423395,27.26166455247787,90.17845658599245
1,1.1376479410308893,79.7078526960704,27.302384660237244,90.73548582485749
1,1.1380231908196885,80.20198813148309,27.34336343689784,91.29798521831636
1,1.1383984406084877,80.70099334092478,27.384603882536005,91.86602812220025
1,1.138773690397287,81.20493372016578,27.42610903343193,92.43968897982677
1,1.139148940186086,81.71387563575547,27.467881962549527,93.01904333960042
1,1.1395241899748851,82.22788644075568,27.509925780023337,93.60416787292283
1,1.1398994397636844,82.74703449074666,27.552243633652147,94.19514039241314
1,1.1402746895524836,83.27138916011374,27.59483870939968,94.79203987044788
1,1.1406499393412826,83.80102085862033,27.637714231902635,95.39494645802691
1,1.1410251891300818,84.33600104827111,27.680873464985904,96.00394150396963
1,1.141400438918881,84.87640226046796,27.72431971218481,96.61910757444437
1,1.1417756887076802,85.42229811347252,27.76805631727538,97.2405284728471
1,1.1421509384964792,85.9737633301722,27.81208666481189,97.86828926002514
1,1.1425261882852784,86.53087375616082,27.856414180672175,98.50247627485939
1,1.1429014380740776,87.09370637813653,27.90104233261064,99.1431771552077
1,1.1432766878628768,87.66233934262647,27.945974630819556,99.79048085921987
1,1.1436519376516758,88.23685197504084,27.991214628498092,100.4444776870281
1,1.144027187440475,88.81732479906523,28.036765922429694,101.1052593028221
1,1.1444024372292743,89.40383955639547,28.082632153567776,101.77291875731437
1,1.1447776870180735,89.99647922682286,28.128817007629756,102.44755051060413
1,1.1451529368068725,90.59532804867688,28.175324215699895,103.12925045544843
1,1.1455281865956717,91.20047153963107,28.222157554840628,103.81811594094638
1,1.145903436384471,91.81199651787742,28.26932084871273,104.51424579664321
1,1.1462786861732701,92.42999112368032,28.316817968204596,105.217740357066
1,1.146653935962069,93.05454484131513,28.364652832070675,105.92870148669772
1,1.1470291857508683,93.6857485213977,28.412829407579007,106.64723260539579
1,1.1474044355396675,94.32369440361191,28.46135171116814,107.37343871426425
1,1.1477796853284667,94.96847613984731,28.51022380911374,108.1074264219923
1,1.1481549351172657,95.62018881774931,28.55944981820493,108.84930397166279
1,1.148530184906065,96.27892898469327,28.609033906430234,109.59918126804308
1,1.1489054346948642,96.94479467218738,28.65898029367372,110.35716990536413
1,1.1492806844836634,97.61788542071724,28.709293252421276,111.12338319560229
1,1.1496559342724624,98.29830230503583,28.759977108477052,111.89793619726817
1,1.1500311840612616,98.98614795991138,28.811036241690637,112.68094574471675
1,1.1504064338500608,99.68152660633791,28.862475086694545,113.47253047798425
1,1.15078168363886,100.38454407822103,28.914298133652768,114.27281087316572
1,1.151156933427659,101.09530784954643,28.96650992902014,115.08190927334252
1,1.1515321832164582,101.81392706204167,29.019115076313042,115.89994992007101
2,1.132489456276983,62.54211563048902,16.852877399425005,64.19994475176743
2,1.1328824896909973,62.82025715155446,16.88189558987017,64.48545908247979
2,1.1332755231050118,63.1011228826044,16.911004358231796,64.77376983491106
2,1.133668556519026,63.384752061395126,16.94020435166818,65.06491728690864
2,1.1340615899330406,63.67118455386323,16.969496221733454,65.35894236115155
2,1.134454623347055,63.96046086509017,16.99888062441175,65.65588663640582
2,1.1348476567610695,64.25262215047522,17.028358220151972,65.95579235899352
2,1.1352406901750838,64.54771022711466,17.057929673902432,66.2587024544736
2,1.1356337235890983,64.84576758539868,17.087595655146437,66.56466053954617
2,1.1360267570031126,65.14683740082224,17.117356837937457,66.87371093417649
2,1.1364197904171272,65.4509635460215,17.14721390093511,67.18589867395039
2,1.1368128238311415,65.75819060303479,17.177167527441142,67.50126952266031
2,1.137205857245156,66.0685638757968,17.207218405435963,67.81986998513064
2,1.1375988906591703,66.38212940286692,17.237367227615266,68.14174732028346
2,1.1379919240731848,66.69893397040013,17.267614691427056,68.46694955445322
2,1.1383849574871991,67.0190251253617,17.297961499108997,68.79552549495185
2,1.1387779909012137,67.3424511889942,17.32840835772609,69.12752474389261
2,1.139171024315228,67.66926127053799,17.358955979208538,69.46299771227432
2,1.1395640577292425,67.99950528121505,17.389605080390268,69.80199563433588
2,1.1399570911432568,68.33323394847558,17.42035638304718,70.14457058218048
2,1.1403501245572714,68.67049883051949,17.45121061393645,70.49077548068212
2,1.1407431579712857,69.01135233109122,17.482168504835563,70.84066412267241
2,1.1411361913853,69.35584771456016,17.513230792582043,71.1942911844209
2,1.1415292247993145,69.70403912128718,17.544398219113372,71.55171224140891
2,1.1419222582133288,70.05598158328515,17.575671531507137,71.91298378440506
2,1.1423152916273434,70.41173104018165,17.60705148202183,72.27816323585125
2,1.1427083250413577,70.77134435548469,17.638538828137765,72.64730896655948
2,1.1431013584553722,71.13487933316395,17.67013433259838,73.02048031273259
2,1.1434943918693865,71.50239473454735,17.701838763451804,73.39773759330873
2,1.143887425283401,71.87395029554656,17.733652894093087,73.77914212764357
2,1.1442804586974153,72.24960674421062,17.7655775033064,74.16475625352902
2,1.1446734921114299,72.62942581862161,17.797613375307904,74.55464334556346
2,1.1450665255254442,73.01347028513298,17.82976129978873,74.94886783387341
2,1.1454595589394587,73.40180395696324,17.862022071958606,75.34749522320016
2,1.145852592353473,73.7944917131469,17.894396492589582,75.75059211235299
2,1.1462456257674876,74.19159951785538,17.926885368060304,76.15822621404224
2,1.1466386591815019,74.5931944400902,17.95948951040065,76.57046637509458
2,1.1470316925955164,74.99934467376124,17.9922097373366,76.98738259706336
2,1.1474247260095307,75.41011955815291,18.025046872335746,77.40904605723742
2,1.1478177594235452,75.82558959879168,18.058001744653005,77.83552913006172
2,1.1482107928375596,76.24582648871743,18.091075189376674,78.26690540897249
2,1.1486038262515739,76.67090313017259,18.124268047475134,78.70324972866138
2,1.1489968596655884,77.1008936567135,18.157581165843737,79.14463818777278
2,1.1493898930796027,77.53587345575363,18.191015397352054,79.59114817204484
2,1.1497829264936172,77.97591919155181,18.224571600891824,80.04285837790687
2,1.1501759599076316,78.421108828646,18.258250641424958,80.49984883653428
2,1.150568993321646,78.87152165575239,18.29205339003229,80.96220093838133
2,1.1509620267356604,79.32723831012942,18.325980723962374,81.42999745819083
2,1.151355060149675,79.7883408024257,18.36003352668114,81.90332258050074
2,1.1517480935636892,80.25491254201299,18.39421268792158,82.3822619256488
2,1.1521411269777038,80.72703836282315,18.42851910373412,82.86690257629414
2,1.152534160391718,81.20480454969098,18.462953676537303,83.35733310445849
2,1.1529271938057326,81.68829886522205,18.497517315168924,83.85364359910629
2,1.153320227219747,82.17761057718829,18.5322109349378,84.35592569426638
2,1.1537132606337615,82.67283048646979,18.567035457675594,84.86427259771439
2,1.1541062940477758,83.17405095554801,18.60199181178935,85.37877912022145
2,1.1544993274617903,83.68136593756827,18.637080932314717,85.89954170538681
2,1.1548923608758046,84.1948710059754,18.672303760968976,86.42665846005922
2,1.1552853942898191,84.71466338474485,18.707661246205248,86.96022918536934
2,1.1556784277038334,85.24084197921127,18.743154343266546,87.50035540837543
2,1.1560714611178478,85.77350740751612,18.77878401424092,88.0471404143447
2,1.1564644945318623,86.31276203268152,18.81455122811652,88.60068927967724
2,1.1568575279458766,86.8587099953243,18.85045696083744,89.16110890548727
2,1.1572505613598911,87.4114572470298,18.886502195360055,89.72850805186161
2,1.1576435947739054,87.97111158438796,18.92268792170959,90.30299737279793
2,1.15803662818792,88.53778268371998,18.95901513703761,90.884689451852
2,1.1584296616019343,89.11158213649533,18.995484845679684,91.47369883849343
2,1.1588226950159488,89.69262348546769,19.032098059213524,92.07014208519955
2,1.1592157284299631,90.2810222615338,19.068855796517887,92.67413778529124
2,1.1596087618439777,90.87689602133933,19.10575908383195,93.28580661153563
2,1.160001795257992,91.48036438563969,19.142808954814676,93.90527135552385
2,1.1603948286720065,92.09154907844156,19.18000645060576,94.53265696784997
2,1.1607878620860208,92.71057396693024,19.217352619885936,95.16809059909683
2,1.1611808955000353,93.33756510221197,19.25484851893875,95.81170164165825
2,1.1615739289140496,93.97265076087679,19.29249521171222,96.46362177240361
2,1.1619669623280642,94.61596148741042,19.330293769881468,97.1239849962141
2,1.1623599957420785,95.26763013746373,19.36824527291153,97.79292769039898
2,1.162753029156093,95.92779192200807,19.406350808121353,98.47058865002143
2,1.1631460625701073,96.59658445238321,19.44461147074739,99.15710913414057
2,1.1635390959841219,97.27414778627296,19.483028364008725,99.85263291300582
2,1.1639321293981362,97.96062447461047,19.521602599172013,100.5573063162055
2,1.1643251628121505,98.65615960945102,19.560335295617655,101.27127828180859
2,1.164718196226165,99.3609008728196,19.599227580906007,101.99470040650719
2,1.1651112296401793,100.07499858655942,19.638280590844268,102.72772699678632
2,1.1655042630541939,100.79860576320831,19.677495469554433,103.47051512114894
2,1.1658972964682082,101.53187815791246,19.716873369541165,104.22322466340583
2,1.1662903298822227,102.27497432141699,19.756415451760933,104.98601837707074
2,1.166683363296237,103.02805565413766,19.79612288569095,105.75906194086545
2,1.1670763967102515,103.7912864613565,19.835996849399677,106.54252401537849
2,1.1674694301242659,104.56483400954943,19.876038529617198,107.33657630088577
2,1.1678624635382804,105.34886858388298,19.916249121806587,108.14139359637154
2,1.1682554969522947,106.14356354689501,19.95662983023566,108.9571538597645
2,1.1686485303663092,106.94909539839766,19.997181868049857,109.78403826942858
2,1.1690415637803235,107.7656438366142,20.037906457345095,110.62223128692044
2,1.169434597194338,108.59339182059325,20.07880482924179,111.47192072105808
2,1.1698276306083524,109.43252563391198,20.119878223959148,112.33329779331274
2,1.170220664022367,110.28323494971306,20.16112789089076,113.20655720456966
2,1.1706136974363812,111.14571289708773,20.202555088679865,114.09189720327093
2,1.1710067308503957,112.02015612885229,20.244161085296305,114.98951965498847
2,1.17139976426441,112.90676489073005,20.28594715811348,115.89963011343987
3,1.1219751145961065,57.02623466725041,22.65152703679245,64.19997256013238
3,1.1225817234893514,57.28729160714134,22.709738637289455,64.49386971949113
3,1.1231883323825964,57.550376741967,22.768267245760264,64.79005021493046
3,1.1237949412758412,57.81552594472801,22.82711678175997,65.08855443217232
3,1.124401550169086,58.08277581355976,22.88629121160873,65.38942357329327
3,1.125008159062331,58.35216368822937,22.94579454902757,65.69269967529678
3,1.125614767955576,58.62372766704489,23.005630855784002,65.99842562914954
3,1.126221376848821,58.89750662418666,23.06580424234665,66.30664519929306
3,1.1268279857420658,59.173540227471676,23.126318868549674,66.61740304364272
3,1.1274345946353106,59.451868956564596,23.187178944267117,66.93074473408969
3,1.1280412035285556,59.7325341216449,23.248388730096856,67.24671677751637
3,1.1286478124218005,60.015577882544214,23.30995253805463,67.56536663734113
3,1.1292544213150453,60.30104326836718,23.371874732278798,67.88674275560739
3,1.1298610302082903,60.58897419760686,23.434159729744845,68.21089457562955
3,1.1304676391015351,60.87941549876929,23.496812000990673,68.53787256521206
3,1.13107424799478,61.17241293152273,23.55983607085294,68.86772824045907
3,1.131680856888025,61.46801320838235,23.62323651921374,69.2005141901871
3,1.1322874657812698,61.766264016948156,23.68701798175875,69.53628410096046
3,1.1328940746745149,62.06721404271045,23.75118515074661,69.87509278276539
3,1.1335006835677597,62.3709129924368,23.815742775789325,70.21699619533928
3,1.1341072924610045,62.67741161815982,23.88069566464489,70.56205147517589
3,1.1347139013542495,62.986761741778935,23.94604868402126,70.91031696322199
3,1.1353205102474944,63.2990162802946,24.011806760392236,71.26185223328595
3,1.1359271191407392,63.61422927169377,24.07797488082612,71.61671812117957
3,1.1365337280339842,63.932455901502,24.144558093825957,71.97497675461034
3,1.137140336927229,64.25375253002233,24.211561510182925,72.33669158384689
3,1.1377469458204739,64.57817672028033,24.278990303842292,72.70192741317946
3,1.138353554713719,64.90578726669415,24.346849712782323,73.07075043319652
3,1.1389601636069637,65.236644224489,24.415145039906232,73.44322825389958
3,1.1395667725002088,65.57080893988041,24.48388165394801,73.81942993868333
3,1.1401733813934536,65.90834408104244,24.553064990391277,74.19942603919964
3,1.1407799902866984,66.24931366988824,24.622700552402375,74.58328863113596
3,1.1413865991799435,66.59378311468213,24.692793911777535,74.97109135092998
3,1.1419932080731883,66.94181924350707,24.76335070990369,75.36290943344714
3,1.142599816966433,67.29349033861467,24.83437665873484,75.75881975065182
3,1.1432064258596781,67.64886617167832,24.905877541782406,76.15890085129519
3,1.143813034752923,68.0080180399773,24.97785921512054,76.56323300165117
3,1.1444196436461678,68.37101880353984,25.050327608407425,76.97189822733205
3,1.1450262525394128,68.73794292326806,25.123288725921086,77.38498035620933
3,1.1456328614326576,69.10886650007689,25.19674864761169,77.80256506247625
3,1.1462394703259027,69.48386731507394,25.270713530169374,78.22473991188225
3,1.1468460792191475,69.86302487080962,25.345189608108633,78.65159440817214
3,1.1474526881123923,70.24642043362975,25.420183194868947,79.08322004076655
3,1.1480592970056374,70.63413707716076,25.495700683932522,79.51971033371747
3,1.1486659058988822,71.02625972695989,25.571748549958663,79.96116089597541
3,1.149272514792127,71.42287520636646,25.648333349936067,80.40766947300844
3,1.149879123685372,71.82407228358451,25.72546172435213,80.85933599980784
3,1.1504857325786169,72.22994172003578,25.803140398380492,81.31626265532367
3,1.1510923414718617,72.64057632001905,25.88137618308687,81.77855391837117
3,1.1516989503651067,73.05607098171257,25.960175976653378,82.24631662504913
3,1.1523055592583515,73.47652274955828,26.03954676562112,82.71966002771387
3,1.1529121681515966,73.90203086807135,26.119495626152926,83.19869585555787
3,1.1535187770448414,74.33269683711114,26.200029725314643,83.68353837683372
3,1.1541253859380862,74.76862446866078,26.28115632237644,84.17430446277629
3,1.1547319948313313,75.20991994515745,26.36288277013459,84.671113653271
3,1.155338603724576,75.65669187941751,26.44521651625303,85.17408822431707
3,1.155945212617821,76.1090513762069,26.528165104626254,85.68335325734358
3,1.156551821511066,76.56711209550073,26.61173617676285,86.19903671042674
3,1.1571584304043108,77.03099031748431,26.69593747319089,86.72126949146798
3,1.1577650392975556,77.50080500934729,26.780776834884886,87.25018553339056
3,1.1583716481908006,77.97667789392159,26.86626220471505,87.78592187141194
3,1.1589782570840454,78.45873352021863,26.952401628918743,88.32861872245445
3,1.1595848659772905,78.94709933592446,27.039203258595734,88.87841956676
3,1.1601914748705353,79.44190576190508,27.126675351225444,89.43547123176806
3,1.1607980837637801,79.94328626878894,27.2148262722092,89.999923978332
3,1.1614046926570252,80.45137745568215,27.303664496435804,90.57193158933639
3,1.16201130155027,80.96631913108261,27.39319860987149,91.15165146078994
3,1.1626179104435148,81.48825439606034,27.483437311175607,91.73924469546968
3,1.1632245193367599,82.01732972976802,27.57438941334071,92.33487619918849
3,1.1638311282300047,82.55369507735384,27.666063845358927,92.9387147797671
3,1.1644377371232495,83.09750394034924,27.75846965391414,93.5509332487924
3,1.1650443460164945,83.6489134696049,27.851616005101533,94.17170852624447
3,1.1656509549097394,84.20808456084984,27.945512186173033,94.80122174807674
3,1.1662575638029844,84.77518195295804,28.040167607311503,95.43965837684433
3,1.1668641726962292,85.35037432899759,28.135591803431865,96.08720831546485
3,1.167470781589474,85.93383442015298,28.231794436011686,96.74406602421377
3,1.168077390482719,86.52573911260228,28.328785294949718,97.41043064104655
3,1.168683999375964,87.12626955744204,28.42657430045466,98.08650610535172
3,1.1692906082692087,87.73561128375266,28.525171504963442,98.77250128523953
3,1.1698972171624538,88.35395431489829,28.624587095090376,99.46863010847213
3,1.1705038260556986,88.98149328815873,28.724831393606166,100.17511169714469
3,1.1711104349489434,89.61842757780198,28.82591486145022,100.89217050624028
3,1.1717170438421884,90.26496142169296,28.92784809977322,101.62003646616547
3,1.1723236527354333,90.9213040515538,29.030641852013368,102.35894512939711
3,1.1729302616286783,91.58766982698717,29.13430700600523,103.10913782136528
3,1.1735368705219231,92.2642783733746,29.23885459612265,103.87086179569897
3,1.174143479415168,92.95135472377368,29.344295805455392,104.64437039397347
3,1.174750088308413,93.64912946493546,29.450641968021433,105.42992321009629
3,1.1753566972016578,94.35783888756814,29.557904571013744,106.22778625947372
3,1.1759633060949026,95.07772514098272,29.666095257084024,107.03823215311037
3,1.1765699149881477,95.80903639225292,29.775225826662684,107.86154027679096
3,1.1771765238813925,96.55202699002865,29.885308240315744,108.6979969755011
3,1.1777831327746373,97.3069576331547,29.99635462114068,109.54789574325771
3,1.1783897416678824,98.07409554423717,30.10837725720031,110.41153741850961
3,1.1789963505611272,98.85371464831272,30.221388603995187,111.28923038528282
3,1.1796029594543722,99.64609575678895,30.335401286977824,112.18129078026024
3,1.180209568347617,100.45152675680778,30.45042810410545,113.08804270596619
3,1.1808161772408619,101.27030280621504,30.56648202843585,114.00981845026284
3,1.181422786134107,102.1027265343027,30.68357621076409,114.94695871234508
3,1.1820293950273517,102.94910824851075,30.801723982302494,115.89981283544503
4,1.1502881521276698,62.27067420861698,22.127745288174697,64.19997337475894
4,1.1509179287264883,62.51391938160258,22.165994538114507,64.45075488351371
4,1.151547705325307,62.75955318430398,22.204324436556544,64.70399902762784
4,1.1521774819241255,63.00762350627956,22.242735680987728,64.95975518039639
4,1.1528072585229443,63.25817929735166,22.28122897304503,65.21807380822803
4,1.1534370351217629,63.51127059319125,22.319805018548045,65.47900649702227
4,1.1540668117205815,63.76694854156602,22.358464527532384,65.7426059792309
4,1.1546965883194,64.02526542926888,22.397208214282944,66.00892616162069
4,1.1553263649182186,64.28627470974604,22.4360367973675,66.27802215375755
4,1.1559561415170372,64.55003103144473,22.47495099967074,66.54995029723246
4,1.1565859181158558,64.8165902668996,22.513951548428405,66.82476819564907
4,1.1572156947146746,65.08600954257864,22.553039175261844,67.1025347453944
4,1.1578454713134931,65.35834726950952,22.592214616212605,67.38331016721382
4,1.1584752479123117,65.63366317470891,22.63147861177761,67.66715603861444
4,1.1591050245111303,65.9120183334359,22.67083190694452,67.95413532711756
4,1.1597348011099489,66.19347520229313,22.710275251227173,68.24431242438556
4,1.1603645777087674,66.47809765319955,22.74980939870153,68.53775318124703
4,1.160994354307586,66.7659510082591,22.789435108042007,68.83452494364592
4,1.1616241309064048,67.05710207554986,22.829153142557686,69.13469658953944
4,1.1622539075052234,67.35161918586007,22.86896427022932,69.43833856677229
4,1.162883684104042,67.64957223039828,22.908869263746336,69.74552293195511
4,1.1635134607028605,67.95103269950312,22.948868900544127,70.0563233903737
4,1.1641432373016791,68.25607372238309,22.98896396284188,70.37081533695991
4,1.1647730139004977,68.564770107914,23.029155237680406,70.68907589835312
4,1.1654027904993163,68.87719838652464,23.06944351696054,71.01118397608371
4,1.166032567098135,69.19343685320138,23.109829597481728,71.33722029090993
4,1.1666623436969537,69.51356561164303,23.15031428098095,71.66726742834086
4,1.1672921202957722,69.83766661960006,23.190898374171894,72.00140988538037
4,1.1679218968945908,70.16582373542988,23.23158268878464,72.33973411852472
4,1.1685516734934094,70.49812276590436,23.27236804160549,72.68232859305135
4,1.169181450092228,70.83465151530484,23.313255254517134,73.02928383363492
4,1.1698112266910465,71.17549983584163,23.354245154539292,73.38069247632897
4,1.1704410032898653,71.52075967943567,23.395338573869555,73.73664932195186
4,1.171070779888684,71.87052515090109,23.43653634992455,74.09725139091714
4,1.1717005564875025,72.22489256257087,23.477839325381467,74.46259797955153
4,1.172330333086321,72.58396049040408,23.519248348220188,74.83279071794063
4,1.1729601096851396,72.94782983161997,23.560764271765237,75.20793362934847
4,1.1735898862839582,73.31660386390165,23.602387954728542,75.58813319125575
4,1.1742196628827768,73.69038830621537,23.644120261252347,75.97349839806314
4,1.1748494394815956,74.06929138129186,23.68596206095249,76.36414082550868
4,1.1754792160804142,74.45342387981754,23.72791422896198,76.76017469684768
4,1.1761089926792327,74.84289922638689,23.769977645975274,77.1617169508485
4,1.1767387692780513,75.23783354726507,23.81215319829223,77.56888731165454
4,1.17736854587687,75.63834574001497,23.854441777863425,77.98180836056862
4,1.1779983224756885,76.04455754504235,23.896844282334683,78.40060560981475
4,1.178628099074507,76.45659361911609,23.939361615093027,78.82540757833614
4,1.1792578756733259,76.87458161092044,23.981994685312305,79.25634586968829
4,1.1798876522721444,77.2986522386982,24.024744407999528,79.69355525208778
4,1.180517428870963,77.72893937004943,24.06761170404151,80.1371737406833
4,1.1811472054697816,78.1655801039445,24.110597500251963,80.58734268210966
4,1.1817769820686002,78.60871485502048,24.153702729418676,81.04420684139592
4,1.1824067586674187,79.05848744022614,24.196928330351735,81.50791449129485
4,1.1830365352662373,79.51504516788589,24.24027524793139,81.9786175041063
4,1.183666311865056,79.97853892925397,24.28374443315679,82.45647144606795
4,1.1842960884638747,80.449123292632,24.3273368431951,82.94163567438888
4,1.1849258650626933,80.92695660012836,24.371053441430856,83.43427343700675
4,1.1855556416615118,81.41220106713412,24.414895197515825,83.93455197514578
4,1.1861854182603304,81.90502288460007,24.458863087419253,84.44264262876257
4,1.186815194859149,82.40559232419622,24.502958093478647,84.95872094496367
4,1.1874449714579676,82.91408384644058,24.547181204450894,85.48296678948451
4,1.1880747480567861,83.43067621188592,24.59153341556366,86.01556446132096
4,1.188704524655605,83.95555259545655,24.636015728567628,86.55670281060851
4,1.1893343012544235,84.4889007040281,24.6806291517886,87.10657535984507
4,1.189964077853242,85.0309128973509,24.72537470018065,87.66538042856075
4,1.1905938544520607,85.581786312414,24.770253395379413,88.23332126153505
4,1.1912236310508793,86.14172299135512,24.81526626575556,88.81060616066976
4,1.1918534076496978,86.71093001302503,24.860414346469454,89.39744862062948
4,1.1924831842485166,87.2896196283146,24.90569867952545,89.99406746836146
4,1.1931129608473352,87.8780093993584,24.951120313827136,90.60068700661219
4,1.1937427374461538,88.47632234273598,24.996680305233227,91.2175371615652
4,1.1943725140449724,89.08478707678736,25.042379716613127,91.84485363472093
4,1.195002290643791,89.7036379731711,25.088219617903896,92.4828780591503
4,1.1956320672426095,90.33311531279395,25.134201086167174,93.13185816025556
4,1.196261843841428,90.97346544624415,25.18032520564659,93.79204792117415
4,1.1968916204402467,91.6249409588674,25.22659306782599,94.46370775296914
4,1.1975213970390655,92.28780084062728,25.27300577148765,95.14710466975234
4,1.198151173637884,92.96231066089562,25.319564422771478,95.84251246889013
4,1.1987809502367026,93.64874274832727,25.366270135234604,96.55021191645116
4,1.1994107268355212,94.34737637597209,25.413124029911174,97.27049093805364
4,1.2000405034343398,95.05849795178764,25.46012723537295,98.00364481528045
4,1.2006702800331583,95.7824012147188,25.5072808877904,98.74997638783393
4,1.201300056631977,96.51938743651627,25.554586130994323,99.5097962616071
4,1.2019298332307957,97.26976562947192,25.602044116537712,100.28342302285526
4,1.2025596098296143,98.03385276025249,25.649656003758608,101.07118345865476
4,1.2031893864284329,98.81197397002536,25.697422959843166,101.87341278384875
4,1.2038191630272514,99.60446280106702,25.74534615988945,102.69045487467659
4,1.20444893962607,100.41166143005907,25.79342678697146,103.52266250929797
4,1.2050787162248886,101.23392090827984,25.84166603220427,104.37039761542619
4,1.2057084928237072,102.07160140890667,25.890065094809042,105.23403152529247
4,1.206338269422526,102.92507248165248,25.93862518217925,106.11394523817185
4,1.2069680460213446,103.794713314963,25.987347509946872,107.01052969070399
4,1.2075978226201631,104.6809130060185,26.03623330204978,107.92418603525998
4,1.2082275992189817,105.58407083877842,26.08528379079919,108.85532592660176
4,1.2088573758178003,106.50459657032597,26.134500216947895,109.80437181709826
4,1.2094871524166189,107.44291072577387,26.18388382975914,110.77175726076796
4,1.2101169290154374,108.39944490200125,26.233435887075963,111.75792722642647
4,1.2107467056142562,109.37464208050135,26.283157655391328,112.76333842022696
4,1.2113764822130748,110.3689569496277,26.333050409918684,113.78845961789027
4,1.2120062588118934,111.38285623653923,26.383115434663146,114.83377200693454
4,1.212636035410712,112.41681904915029,26.433354022493376,115.89976953921973
5,1.0874425739233609,55.568362540261305,28.614916461661863,64.19998698185042
5,1.0880822813558366,55.85766549808048,28.68025346518047,64.53422836087873
5,1.0887219887883126,56.14865511967782,28.745869742249457,64.87041839895782
5,1.0893616962207884,56.44136023998843,28.81176929941377,65.2085904100522
5,1.0900014036532644,56.73581024276385,28.877956192459184,65.54877834219239
5,1.0906411110857401,57.032035072527734,28.94443452712508,65.89101679128765
5,1.0912808185182161,57.33006524681944,29.01120845982876,66.23534101527146
5,1.091920525950692,57.62993186872923,29.078282198400693,66.58178694858381
5,1.0925602333831679,57.93166663973618,29.145660002831395,66.93039121700332
5,1.0931999408156436,58.23530187285354,29.213346186029653,67.28119115283447
5,1.0938396482481196,58.54087050609284,29.28134511459286,67.63422481046314
5,1.0944793556805954,58.84840611625147,29.34966120958904,67.9895309822859
5,1.0951190631130714,59.157942933036125,29.418298947351353,68.34714921502724
5,1.0957587705455472,59.46951585352757,29.4872628602848,68.70711982645123
5,1.0963984779780231,59.78316045699833,29.556557537685645,69.0694839224809
5,1.097038185410499,60.098913020090535,29.626187626573653,69.43428341473367
5,1.097677892842975,60.4168105323656,29.69615783253741,69.8015610384865
5,1.0983176002754507,60.736890712233425,29.76647292059279,70.17136037107927
5,1.0989573077079267,61.0591920232732,29.837137716055064,70.54372585077097
5,1.0995970151404024,61.38375369095469,29.908157105424692,70.91870279605818
5,1.1002367225728782,61.710615719771965,29.979536037286977,71.2963374254703
5,1.1008764300053542,62.03981891079967,30.05127952322607,71.67667687785293
5,1.10151613743783,62.37140487968321,30.123392638753195,72.05976923315248
5,1.102155844870306,62.70541607507603,30.1958805242499,72.4456635337174
5,1.1027955523027817,63.041895797533016,30.26874838592575,72.83440980612632
5,1.1034352597352577,63.38088821887637,30.342001496791873,73.22605908356222
5,1.1040749671677335,63.722438402041945,30.415645197649127,73.62066342874138
5,1.1047146746002094,64.06659232142403,30.489684898092783,74.01827595741855
5,1.1053543820326852,64.41339688372764,30.5641260775326,74.41895086247818
5,1.1059940894651612,64.76289994934591,30.63897428622959,74.8227434386325
5,1.106633796897637,65.11515035427333,30.71423514634892,75.22971010773863
5,1.107273504330113,65.47019793257294,30.789914353030014,75.63990844475563
5,1.1079132117625887,65.82809353940921,30.866017675473394,76.05339720435516
5,1.1085529191950647,66.18888907466561,30.94255095804538,76.47023634820772
5,1.1091926266275405,66.5526375071588,31.019520121399886,76.89048707295801
5,1.1098323340600165,66.91939289947098,31.096931163619004,77.31421183891463
5,1.1104720414924922,67.28921043341111,31.174790161371043,77.74147439946631
5,1.1111117489249682,67.66214643612943,31.253103271088094,78.17233983125283
5,1.111751456357444,68.0382584068962,31.33187673016164,78.60687456510341
5,1.11239116378992,68.41760504456956,31.41111685815848,79.04514641777125
5,1.1130308712223957,68.80024627576596,31.490830058055227,79.48722462447978
5,1.1136705786548715,69.18624328375762,31.57102281749372,79.93317987230884
5,1.1143102860873475,69.5756585381132,31.651701710056017,80.38308433443959
5,1.1149499935198233,69.96855582510472,31.732873396560557,80.83701170528454
5,1.1155897009522993,70.36500027890227,31.814544626379124,81.29503723652795
5,1.116229408384775,70.7650584135765,31.896722238775197,81.7572377740993
5,1.116869115817251,71.1687981559344,31.979413164264294,82.22369179610962
5,1.1175088232497268,71.57628887920868,32.06262442599614,82.69447945177393
5,1.1181485306822028,71.98760143762826,32.146363141159775,83.16968260135164
5,1.1187882381146785,72.40280820189054,32.230636522411096,83.64938485712895
5,1.1194279455471545,72.82198309556608,32.31545187932444,84.1336716254783
5,1.1200676529796303,73.24520163245595,32.40081661986713,84.62263015001862
5,1.1207073604121063,73.67254095493519,32.48673825189883,85.11634955591477
5,1.121347067844582,74.10407987330493,32.573224384695266,85.61492089534241
5,1.121986775277058,74.53989890618561,32.66028273049689,86.11843719415563
5,1.1226264827095338,74.98008032197855,32.7479211060831,86.62699349978877
5,1.1232661901420098,75.42470818142851,32.83614743437252,87.1406869304306
5,1.1239058975744856,75.87386838131631,32.92496974604935,87.65961672550364
5,1.1245456050069615,76.32764869931724,33.01439618121712,88.18388429749069
5,1.1251853124394373,76.78613884005398,33.104434991078975,88.71359328514134
5,1.125825019871913,77.24943048238431,33.19509453964665,89.24884960810492
5,1.126464727304389,77.71761732795393,33.286383305477116,89.78976152302532
5,1.1271044347368648,78.19079515105311,33.378309883438185,90.33643968114195
5,1.1277441421693408,78.66906184981727,33.47088298650392,90.88899718744358
5,1.1283838496018166,79.1525174988046,33.56411144757905,91.44754966141294
5,1.1290235570342926,79.64126440299748,33.65800422135459,92.01221529941635
5,1.1296632644667683,80.13540715326312,33.752570386193725,92.58311493877939
5,1.1303029718992443,80.63505268332165,33.847819146049986,93.16037212360388
5,1.13094267933172,81.140310328259,33.94375983241631,93.74411317236984
5,1.131582386764196,81.65129188463808,34.04040190630816,94.3344672473839
5,1.1322220941966719,82.16811167224583,34.13775496027845,94.93156642611784
5,1.1328618016291478,82.69088659753328,34.235828720467424,95.5355457745029
5,1.1335015090616236,83.21973621879019,34.33463304868611,96.14654342222826
5,1.1341412164940996,83.75478281311317,34.434177944535584,96.76470064011158
5,1.1347809239265754,84.29615144521222,34.534473547561014,97.3901619195934
5,1.1354206313590514,84.84397003811857,34.63553013944298,98.02307505442838
5,1.1360603387915271,85.39836944584174,34.73735814622494,98.66359122462836
5,1.1367000462240031,85.95948352804167,34.839968140579,99.31186508273365
5,1.1373397536564789,86.52744922676823,34.94337084410941,99.96805484247263
5,1.1379794610889546,87.10240664533734,35.04757712969579,100.63232236989008
5,1.1386191685214306,87.68449912940085,35.152598023875385,101.30483327700982
5,1.1392588759539064,88.27387335027913,35.25844470926612,101.98575701811177
5,1.1398985833863824,88.8706793906257,35.365128527031004,102.67526698870302
5,1.1405382908188582,89.47507083248881,35.47266097938406,103.37354062725842
5,1.1411779982513341,90.08720484784875,35.58105373213954,104.08075951982129
5,1.14181770568381,90.70724229169805,35.690318617303824,104.79710950754216
5,1.142457413116286,91.33534779774934,35.800467635712586,105.52278079725318
5,1.1430971205487617,91.97168987684236,35.91151295971214,106.25796807516112
5,1.1437368279812377,92.61644101813957,36.023466935887555,107.00287062376191
5,1.1443765354137134,93.26977779318798,36.136342087836724,107.75769244206693
5,1.1450162428461894,93.93188096294014,36.25015111899269,108.52264236924775
5,1.1456559502786652,94.60293558782004,36.36490691549409,109.29793421179909
5,1.1462956577111412,95.28313114093156,36.48062254910558,110.08378687433225
5,1.146935365143617,95.97266162449861,36.597311280187455,110.88042449410231
5,1.147575072576093,96.67172568964587,36.714986560718124,111.68807657939483
5,1.1482147800085687,97.38052675961045,36.83366203736682,112.50697815187644
5,1.1488544874410447,98.09927315650359,36.95335155462167,113.33736989304677
5,1.1494941948735204,98.82817823171783,37.07406915796965,114.1794982949023
5,1.1501339023059964,99.56746050010533,37.19582909713374,115.03361581495703
5,1.1507736097384722,100.31734377803211,37.31864582936451,115.89998103574118
6,1.1019433901523592,52.05163894221238,29.088041718676166,64.19998578319549
6,1.1024255511606067,52.32353880129453,29.1352928362277,64.53534442784657
6,1.1029077121688542,52.59724218945661,29.182764172604756,64.87292752774329
6,1.1033898731771017,52.872774624592175,29.230458429222214,65.21276655640771
6,1.1038720341853492,53.150162028686836,29.278378338915957,65.55489348576504
6,1.1043541951935965,53.42943073498367,29.326526666357957,65.89934079498141
6,1.104836356201844,53.710607495288585,29.37490620847774,66.2461414794744
6,1.1053185172100914,53.993719487415724,29.42351979488926,66.59532906009589
6,1.105800678218339,54.278794322779575,29.472370288324413,66.94693759249627
6,1.1062828392265864,54.56586005413355,29.52146058507237,67.30100167666907
6,1.106765000234834,54.85494518346026,29.57079361542523,67.65755646668275
6,1.1072471612430814,55.146078670015456,29.62037234413021,68.01663768060199
6,1.107729322251329,55.43928993853001,29.670199770848132,68.37828161060399
6,1.1082114832595764,55.73460888757158,29.720278930618385,68.74252513329165
6,1.1086936442678237,56.03206589807145,29.770612894330846,69.10940572021043
6,1.1091758052760712,56.331691842019026,29.8212047692044,69.47896144857215
6,1.1096579662843187,56.63351809132606,29.87205769927214,69.851231012188
6,1.1101401272925662,56.937576526867716,29.92317486587392,70.22625373261965
6,1.1106222883008137,57.243899547700906,29.974559488155712,70.60406957054917
6,1.1111044493090612,57.552520080465314,30.02621482357623,70.98471913737403
6,1.1115866103173087,57.863471588970995,30.07814416842092,71.36824370703246
6,1.1120687713255561,58.17678808397583,30.13035085832321,71.7546852280628
6,1.1125509323338036,58.49250413315794,30.182838268793578,72.14408633590342
6,1.113033093342051,58.81065487128565,30.235609815755836,72.53649036543626
6,1.1135152543502984,59.131276010591904,30.288668956091676,72.93194136378246
6,1.113997415358546,59.454403851353874,30.34201918819266,73.33048410335122
6,1.1144795763667934,59.780075292685694,30.3956640525205,73.73216409515143
6,1.114961737375041,60.108327843547194,30.449607132175423,74.13702760236976
6,1.1154438983832884,60.439199633973004,30.503852053472684,74.54512165422047
6,1.1159260593915359,60.7727294265278,30.558402486527562,74.95649406007423
6,1.1164082203997834,61.10895662799234,30.61326214584893,75.37119342387163
6,1.1168903814080309,61.447921301284566,30.668434790941312,75.78926915882641
6,1.1173725424162781,61.789664177621816,30.72392422691588,76.21077150242634
6,1.1178547034245256,62.13422666892966,30.77973430511041,76.63575153173808
6,1.1183368644327731,62.48165088050034,30.835868923718046,77.06426117902005
6,1.1188190254410206,62.83197962391018,30.892332028425585,77.49635324765454
6,1.1193011864492681,63.18525643019818,30.949127613060973,77.93208142840217
6,1.1197833474575156,63.54152556331323,31.006259720250206,78.37150031598745
6,1.1202655084657631,63.90083203383577,31.063732442084177,78.81466542602303
6,1.1207476694740106,64.26322161297915,31.12154992079496,79.26163321227875
6,1.121229830482258,64.62874084687772,31.179716349442288,79.71246108430455
6,1.1217119914905054,64.99743707116738,31.23823597261016,80.16720742541386
6,1.1221941524987529,65.36935842586587,31.297113087113573,80.62593161103688
6,1.1226763135070004,65.74455387055762,31.356352042715763,81.08869402744939
6,1.1231584745152479,66.12307319989254,31.41595724285616,81.55555609088886
6,1.1236406355234954,66.50496705940323,31.475933145388836,82.02658026706311
6,1.1241227965317429,66.89028696164938,31.5362842633322,82.50183009106286
6,1.1246049575399903,67.27908530269607,31.597015165629674,82.98137018768576
6,1.1250871185482378,67.6714153789329,31.65813047792159,83.4652662921809
6,1.1255692795564853,68.06733140424225,31.719634883328688,83.95358527142415
6,1.1260514405647326,68.46688852752433,31.7815331232471,84.44639514553324
6,1.12653360157298,68.87014285058788,31.843829998155584,84.94376510993405
6,1.1270157625812276,69.27715144641107,31.906530368434073,85.44576555788338
6,1.127497923589475,69.68797237778685,31.96963915519518,85.95246810346596
6,1.1279800845977226,70.10266471635592,32.03316134112759,86.46394560506953
6,1.12846224560597,70.52128856203959,32.09710197135246,86.98027218935319
6,1.1289444066142176,70.94390506287947,32.161466154292285,87.50152327571736
6,1.129426567622465,71.37057643529428,32.22625906255309,88.02777560128847
6,1.1299087286307126,71.80136598476304,32.2914859338196,88.55910724642932
6,1.1303908896389598,72.23633812694362,32.35715207176402,89.09559766078655
6,1.1308730506472073,72.67555840923832,32.42326284696845,89.63732768988929
6,1.1313552116554548,73.11909353281337,32.48982369786112,90.18437960230803
6,1.1318373726637023,73.56701137508668,32.55684013166674,90.73683711739051
6,1.1323195336719498,74.01938101269134,32.624317725371256,91.29478543358496
6,1.1328016946801973,74.47627274492763,32.692262126701145,91.85831125736534
6,1.1332838556884448,74.937758117713,32.760679055117265,92.42750283277118
6,1.1337660166966923,75.40390994804363,32.82957430282427,93.00244997157812
6,1.1342481777049398,75.8748023489773,32.898953735794755,93.58324408411161
6,1.134730338713187,76.35051075514998,32.9688232948092,94.16997821071882
6,1.1352124997214346,76.83111194884073,33.039188996511854,94.76274705391678
6,1.135694660729682,77.31668408659192,33.11005693448211,95.36164701122556
6,1.1361768217379296,77.807306726405,33.181433280322835,95.9667762087112
6,1.136658982746177,78.30306085551867,33.25332428476476,96.57823453524712
6,1.1371411437544245,78.80402891878718,33.32573627878804,97.19612367751564
6,1.137623304762672,79.31029484766974,33.398675674760554,97.82054715576308
6,1.1381054657709195,79.82194408984766,33.47214896759416,98.45161036032947
6,1.138587626779167,80.33906363948118,33.546162735917754,99.08942058896689
6,1.1390697877874143,80.86174206812446,33.62072364326937,99.73408708496973
6,1.1395519487956618,81.39006955630998,33.69583843930559,100.38572107613066
6,1.1400341098039093,81.92413792582029,33.771513961029925,101.04443581454423
6,1.1405162708121568,82.46404067266357,33.84775713404003,101.71034661727857
6,1.1409984318204043,83.00987300076821,33.92457497379418,102.38357090793406
6,1.1414805928286518,83.5617318564133,34.00197458689677,103.06422825910947
6,1.1419627538368993,84.11971596341411,34.079963172404405,103.75244043579944
6,1.1424449148451468,84.6839258590767,34.15854802315121,104.44833143974056
6,1.1429270758533943,85.254463930944,34.237736527095265,105.15202755473355
6,1.1434092368616415,85.831434454349,34.31753616868559,105.86365739296106
6,1.143891397869889,86.41494363079573,34.39795453025023,106.58335194232643
6,1.1443735588781365,87.00509962718576,34.47899929340595,107.31124461483518
6,1.144855719886384,87.60201261591241,34.560678240489544,108.0474712960469
6,1.1453378808946315,88.20579481584265,34.64299925601179,108.79217039562188
6,1.145820041902879,88.81656053420541,34.72597032813326,109.54548289898578
6,1.1463022029111265,89.43442620941246,34.809599550163995,110.3075524201445
6,1.146784363919374,90.05951045482963,34.893895122085716,111.07852525567104
6,1.1472665249276215,90.69193410352254,34.97886535209804,111.85855043989467
6,1.1477486859358688,91.33182025400177,35.064518658188966,112.64777980132243
6,1.1482308469441163,91.97929431698964,35.15086356972969,113.44636802032082
6,1.1487130079523638,92.6344840632319,35.23790872909427,114.25447268808637
6,1.1491951689606112,93.29751967238245,35.32566289330482,115.07225436693948
6,1.1496773299688587,93.96853378298525,35.41413493570231,115.89987665197164
7,1.0703499567529657,50.19279494266178,36.74634332980183,64.19999422005665
7,1.0710090970019073,50.49951589267324,36.83204077466462,64.59231115001444
7,1.0716682372508488,50.80739815697986,36.91807818060676,64.98611347984132
7,1.0723273774997903,51.11645927568213,37.004460653078866,65.3814236445173
7,1.0729865177487319,51.42671707641179,37.09119335966213,65.7782644467943
7,1.0736456579976734,51.73818967986779,37.1782815309797,66.17665906427723
7,1.074304798246615,52.05089550547016,37.265730461621956,66.5766310566555
7,1.0749639384955565,52.364853277135765,37.353545511086935,66.97820437309065
7,1.075623078744498,52.680082029176816,37.441732104734626,67.38140335976094
7,1.0762822189934396,52.996601112327,37.530295734756805,67.78625276756922
7,1.076941359242381,53.31443019989736,37.619241961161805,68.1927777600167
7,1.0776004994913226,53.63358929406499,37.70857641277486,68.60100392124656
7,1.0782596397402642,53.95409873229802,37.79830478825401,69.01095726426203
7,1.0789187799892057,54.27597919392022,37.88843285712214,69.42266423932291
7,1.0795779202381472,54.59925170681834,37.97896646081531,69.83615174252473
7,1.0802370604870888,54.92393765429568,38.06991151374733,70.25144712456495
7,1.0808962007360303,55.25005878207577,38.1612740043916,70.66857819970109
7,1.0815553409849719,55.577637205459354,38.25305999637964,71.08757325490504
7,1.0822144812339134,55.9066954166389,38.345275629617426,71.50846105921883
7,1.082873621482855,56.23725629217367,38.43792712141891,71.9312708733157
7,1.0835327617317965,56.56934310063063,38.5310207676582,72.3560324592734
7,1.084191901980738,56.90297951039361,38.6245629439394,72.78277609056255
7,1.0848510422296795,57.23818959764628,38.71856010678555,73.21153256225755
7,1.085510182478621,57.57499785453251,38.813018794846386,73.64233320147409
7,1.0861693227275626,57.91342919749836,38.907945630125184,74.07520987803919
7,1.0868284629765042,58.25350897582081,39.00334731922561,74.51019501540004
7,1.0874876032254457,58.59526298032727,39.09923065461811,74.94732160177685
7,1.0881467434743872,58.93871745231094,39.195602515926936,75.38662320156608
7,1.0888058837233288,59.2838990926467,39.29246987123757,75.82813396700045
7,1.0894650239722703,59.63083507111282,39.3898397784254,76.27188865007197
7,1.0901241642212118,59.979553035923004,39.48771938650549,76.71792261472405
7,1.0907833044701534,60.33008112347507,39.586115937004365,77.16627184932071
7,1.091442444719095,60.682447968320645,39.68503676535377,77.61697297939861
7,1.0921015849680364,61.036682713362055,39.78448930230705,78.0700632807094
7,1.092760725216978,61.39281502028199,39.88448107537829,78.52558069256013
7,1.0934198654659195,61.75087508021171,39.985019710304854,78.98356383145847
7,1.094079005714861,62.11089362464412,40.086112932533744,79.44405200507138
7,1.0947381459638026,62.47290193659747,40.18776856873181,79.9070852265042
7,1.0953972862127441,62.83693186203651,40.289994548320806,80.37270422890907
7,1.0960564264616857,63.20301582155757,40.39279890503741,80.84095048043095
7,1.0967155667106272,63.57118682234387,40.49618977851831,81.31186619949928
7,1.0973747069595687,63.94147847039838,40.60017541591159,81.78549437047465
7,1.0980338472085103,64.31392498306181,40.704764173514434,82.26187875966014
7,1.0986929874574518,64.68856120182168,40.809964518437184,82.74106393168499
7,1.0993521277063933,65.06542260542139,40.91578503029521,83.223095266272
7,1.1000112679553349,65.44454532327617,41.02223440292809,83.70801897539748
7,1.1006704082042764,65.8259661492045,41.129321446147465,84.19588212085452
7,1.101329548453218,66.20972255548207,41.2370550875131,84.68673263222921
7,1.1019886887021593,66.59585270722839,41.34544437413889,85.1806193253018
7,1.1026478289511008,66.98439547713288,41.4544984745279,85.67759192088269
7,1.1033069692000423,67.37539046053037,41.56422668043827,86.17770106409468
7,1.1039661094489839,67.76887799083507,41.67463840877964,86.68099834411433
7,1.1046252496979254,68.16489915534213,41.78574320354121,87.18753631438314
7,1.105284389946867,68.5634958114064,41.89755073775154,87.69736851330119
7,1.1059435301958085,68.96471060300868,42.01007081547097,88.21054948541665
7,1.10660267044475,69.36858697771943,42.123313373817226,88.72713480312346
7,1.1072618106936916,69.77516920407027,42.237288485024564,89.24718108888061
7,1.107920950942633,70.18450238934443,42.35200635853741,89.7707460379674
7,1.1085800911915746,70.59663249779695,42.467477343138604,90.29788844178827
7,1.1092392314405162,71.01160636931681,42.58371192911379,90.82866821174298
7,1.1098983716894577,71.42947173854084,42.700720750451076,91.36314640367452
7,1.1105575119383992,71.8502772544347,42.818514587078646,91.90138524291461
7,1.1112166521873408,72.27407250034955,42.93710436713884,92.44344814993745
7,1.1118757924362823,72.70090801457091,43.05650116930123,92.9893997666432
7,1.1125349326852239,73.13083531136981,43.17671622511391,93.53930598328375
7,1.1131940729341654,73.56390690257207,43.297760921394925,94.09323396605134
7,1.113853213183107,74.00017631965856,43.419646802663706,94.65125218534628
7,1.1145123534320485,74.43969813641067,43.5423855736135,95.21343044474204
7,1.11517149368099,74.88252799211628,43.66598910162554,95.7798399106673
7,1.1158306339299315,75.32872261535194,43.79046941932626,96.3505531428249
7,1.116489774178873,75.77833984835524,43.91583872718695,96.92564412536579
7,1.1171489144278146,76.23143867200531,44.04210939616814,97.50518829884088
7,1.1178080546767561,76.6880792314273,44.16929397040894,98.0892625929507
7,1.1184671949256977,77.1483228622375,44.29740516996148,98.67794546011497
7,1.1191263351746392,77.61223211744746,44.426455893572474,99.27131690988445
7,1.1197854754235808,78.07987079504541,44.556459221512185,99.86945854421981
7,1.1204446156725223,78.5513039662722,44.68742841845129,100.47245359365823
7,1.1211037559214638,79.02659800461294,44.8193769363872,101.08038695439578
7,1.1217628961704054,79.50582061552237,44.95231841762032,101.69334522630814
7,1.122422036419347,79.98904086690602,45.08626669778147,102.31141675193815
7,1.1230811766682884,80.47632922037664,45.22123580891103,102.93469165647478
7,1.12374031691723,80.96775756330842,45.35723998259116,103.56326188875282
7,1.1243994571661715,81.46339924171106,45.49429365313161,104.19722126330088
7,1.125058597415113,81.96332909394707,45.63241146081086,104.8366655034682
7,1.1257177376640546,82.46762348531455,45.77160825517251,105.48169228565844
7,1.1263768779129961,82.97636034352182,45.91189909837913,106.13240128470396
7,1.1270360181619377,83.4896191950778,46.053299268623945,106.78889422041173
7,1.1276951584108792,84.00748120262338,46.1958242636012,107.45127490531269
7,1.1283542986598207,84.53002920323253,46.339489804037214,108.11964929365136
7,1.1290134389087623,85.05734774770818,46.48431183728227,108.79412553164804
7,1.1296725791577038,85.58952314090322,46.63030654096512,109.4748140090721
7,1.1303317194066453,86.12664348309444,46.777490326711074,110.16182741216198
7,1.1309908596555869,86.6687987124402,46.92587984392471,110.85528077793157
7,1.1316499999045284,87.21608064855216,47.07549198363857,111.55529154990127
7,1.13230914015347,87.76858303721417,47.22634388242923,112.26197963529657
7,1.1329682804024115,88.32640159628002,47.37845292640168,112.97546746375437
7,1.133627420651353,88.88963406278418,47.53183675524323,113.69588004758084
7,1.1342865609002946,89.45838024130174,47.68651326634907,114.42334504360703
7,1.134945701149236,90.0327420535929,47.84250061901994,115.15799281668755
7,1.1356048413981776,90.61282358956686,47.99981723873286,115.89995650488687
8,1.1660852294263928,64.89941123822103,17.18912968480821,64.19989499610706
8,1.166431090097286,65.19984956722354,17.21409474048533,64.49709506012563
8,1.1667769507681793,65.50313742770942,17.239124997988675,64.79711394204301
8,1.1671228114390724,65.80931218610976,17.26422086599804,65.0999886055374
8,1.1674686721099656,66.11841174810473,17.28938275560349,65.4057565477238
8,1.167814532780859,66.43047456703803,17.31461108032145,65.71445580747776
8,1.1681603934517522,66.74553965247372,17.339906256111348,66.02612497390001
8,1.1685062541226452,67.0636465788944,17.36526870139199,66.34080319492084
8,1.1688521147935385,67.38483549454611,17.390698837058398,66.65853018604966
8,1.1691979754644317,67.70914713042887,17.41619708649844,66.97934623926876
8,1.169543836135325,68.03662280943983,17.441763875609784,67.30329223207772
8,1.169889696806218,68.36730445566825,17.467399632817024,67.63040963668834
8,1.1702355574771113,68.70123460384744,17.49310478908869,67.96074052937468
8,1.1705814181480045,69.03845640896353,17.518879777954602,68.29432759997817
8,1.1709272788188978,69.37901365602758,17.544725035523275,68.63121416157458
8,1.171273139489791,69.7229507700107,17.570641000499496,68.97144416030184
8,1.171619000160684,70.07031282594696,17.59662811420187,69.31506218535424
8,1.1719648608315774,70.42114555920705,17.62268682058075,69.66211347914518
8,1.1723107215024706,70.77549537594312,17.648817566236065,70.01264394763959
8,1.1726565821733639,71.1334093637125,17.675020800435405,70.36670017086307
8,1.173002442844257,71.49493530227912,17.701296975132134,70.72432941358687
8,1.1733483035151502,71.86012167459894,17.727646544983905,71.08557963619498
8,1.1736941641860434,72.22901767798987,17.754069967370913,71.45049950573355
8,1.1740400248569367,72.60167323549183,17.780567702414512,71.8191384071486
8,1.1743858855278297,72.97813900741988,17.807140212996046,72.19154645471461
8,1.174731746198723,73.35846640311311,17.83378796477566,72.56777450365674
8,1.1750776068696163,73.74270759288248,17.86051142621124,72.94787416196988
8,1.1754234675405095,74.13091552016292,17.88731106857762,73.33189780243985
8,1.1757693282114026,74.52314391387173,17.914187365985825,73.71989857486857
8,1.1761151888822958,74.91944730097916,17.941140795402585,74.11193041850899
8,1.176461049553189,75.31988101929022,17.968171836669732,74.50804807470941
8,1.1768069102240823,75.72450123044806,17.995280972524093,74.90830709977647
8,1.1771527708949756,76.13336493315799,18.022468688617224,75.31276387805673
8,1.1774986315658686,76.54652997663783,18.0497354735354,75.72147563524207
8,1.177844492236762,76.96405507429999,18.077081818819952,76.13450045190426
8,1.1781903529076552,77.38599981766545,18.104508218987323,76.55189727725894
8,1.1785362135785484,77.8124246905191,18.13201517154961,76.97372594316847
8,1.1788820742494415,78.24339108330678,18.159603177035248,77.40004717838372
8,1.1792279349203347,78.67896130778166,18.187272739009657,77.83092262303258
8,1.179573795591228,79.11919861189891,18.215024364096177,78.26641484335417
8,1.1799196562621213,79.5641671949715,18.242858561997153,78.70658734669121
8,1.1802655169330143,80.01393222308414,18.270775845515086,79.1515045967378
8,1.1806113776039076,80.4685598447757,18.298776730574154,79.60123202905291
8,1.1809572382748008,80.92811720698975,18.32686173624154,80.05583606683892
8,1.181303098945694,81.39267247130311,18.355031384749235,80.51538413699525
8,1.1816489596165873,81.86229483043542,18.383286201516007,80.97994468645
8,1.1819948202874804,82.33705452504293,18.411626715169135,81.44958719877278
8,1.1823406809583736,82.8170228608065,18.440053457566883,81.92438221107838
8,1.182686541629267,83.30227222581229,18.468566963820592,82.40440133122028
8,1.1830324023001602,83.79287610823874,18.497167772317418,82.88971725528695
8,1.1833782629710532,84.28890911434779,18.525856424742834,83.38040378539911
8,1.1837241236419465,84.7904469867928,18.5546334661036,83.87653584782032
8,1.1840699843128397,85.2975666232411,18.583499444750665,84.37818951137885
8,1.184415844983733,85.81034609532608,18.612454912402484,84.88544200621546
8,1.184761705654626,86.3288646679265,18.641500424168257,85.39837174285493
8,1.1851075663255193,86.85320281878651,18.670636538571557,85.91705833161464
8,1.1854534269964125,87.38344225847455,18.699863817574023,86.44158260234822
8,1.1857992876673058,87.91966595069559,18.729182826599214,86.972026624539
8,1.186145148338199,88.46195813295776,18.758594134556695,87.50847372774382
8,1.186491009009092,89.01040433760141,18.788098313866286,88.05100852239538
8,1.1868368696799854,89.56509141320005,18.817695940482626,88.59971692097263
8,1.1871827303508786,90.12610754633263,18.847387593919475,89.15468615953826
8,1.1875285910217719,90.69354228374405,18.877173857274787,89.71600481966044
8,1.187874451692665,91.26748655489305,18.9070553172556,90.28376285071762
8,1.1882203123635582,91.84803269490017,18.937032564203278,90.8580515925992
8,1.1885661730344514,92.43527446789692,18.967106192118685,91.43896379880293
8,1.1889120337053447,93.02930709079155,18.997276798687956,92.02659365994468
8,1.1892578943762377,93.63022725745235,19.027544985308047,92.62103682768095
8,1.189603755047131,94.2381331633217,19.057911357112907,93.22239043905765
8,1.1899496157180243,94.85312453046252,19.088376522999358,93.83075314128662
8,1.1902954763889175,95.47530263305259,19.118941095653593,94.44622511696511
8,1.1906413370598106,96.1047703233287,19.14960569157762,95.06890810974038
8,1.1909871977307038,96.74163205799546,19.180370931115966,95.69890545043376
8,1.191333058401597,97.38599392509913,19.211237438482858,96.33632208362485
8,1.1916789190724904,98.03796367138375,19.242205841788945,96.98126459471285
8,1.1920247797433836,98.6976507301327,19.273276773068872,97.63384123745797
8,1.1923706404142767,99.36516624950843,19.30445086830892,98.29416196201574
8,1.19271650108517,100.04062312139848,19.33572876747453,98.96233844347202
8,1.1930623617560632,100.72413601077358,19.367111114538435,99.63848411088486
8,1.1934082224269564,101.41582138557635,19.398598557508677,100.32271417685084
8,1.1937540830978495,102.11579754714055,19.430191748457155,101.01514566759654
8,1.1940999437687427,102.82418466116064,19.461891343548167,101.71589745361432
8,1.194445804439636,103.54110478921078,19.49369800306722,102.4250902808415
8,1.1947916651105293,104.26668192083521,19.52561239144995,103.14284680240502
8,1.1951375257814223,105.00104200621384,19.55763517731168,103.86929161093472
8,1.1954833864523156,105.74431298941586,19.589767033476598,104.60455127145873
8,1.1958292471232088,106.49662484225034,19.62200863700756,105.34875435488911
8,1.196175107794102,107.25810959873152,19.6543606692361,106.10203147211568
8,1.1965209684649953,108.02890139016166,19.6868238157925,106.8645153087107
8,1.1968668291358884,108.80913648085054,19.719398766636168,107.6363406602634
8,1.1972126898067816,109.5989533044814,19.752086216086422,108.417644468354
8,1.197558550477675,110.39849250113123,19.78488686285295,109.20856585717488
8,1.1979044111485682,111.2078969549666,19.81780141006747,110.00924617082015
8,1.1982502718194612,112.02731183261973,19.850830565314418,110.8198290112481
8,1.1985961324903545,112.85688462226479,19.883975040663127,111.6404602769363
8,1.1989419931612477,113.69676517339911,19.917235552699076,112.47128820223404
8,1.199287853832141,114.54710573735322,19.950612822556373,113.3124633974357
8,1.199633714503034,115.4080610085348,19.98410757594976,114.16413888958024
8,1.1999795751739273,116.2797881664281,20.01772054320734,115.02647016399781
8,1.2003254358448205,117.16244691835428,20.05145245930321,115.89961520660927
9,1.1003149405673875,59.89870564541161,30.270899296005663,64.1999518643744
9,1.1007765630337365,60.211271795764645,30.324086588346013,64.53496297339382
9,1.1012381855000852,60.52599066063088,30.377524391044076,64.87228138048648
9,1.1016998079664342,60.84289105449188,30.431215570658203,65.21193796926347
9,1.1021614304327831,61.16200222177112,30.48516302530468,65.55396408415133
9,1.102623052899132,61.48335384401881,30.53936968505277,65.89839153809284
9,1.1030846753654808,61.80697604722789,30.593838512325373,66.24525262038831
9,1.1035462978318298,62.13289940928371,30.64857250230482,66.59458010468032
9,1.1040079202981787,62.46115496754876,30.70357468334406,66.94640725708295
9,1.1044695427645277,62.79177422658802,30.758848117383643,67.30076784446204
9,1.1049311652308764,63.12478916603506,30.814395900374173,67.65769614286603
9,1.1053927876972254,63.46023224860417,30.870221162704695,68.01722694611342
9,1.1058544101635743,63.798136428247105,30.92632706963641,68.37939557453537
9,1.1063160326299233,64.13853515846347,30.982716821742848,68.74423788388262
9,1.106777655096272,64.48146240076198,31.039393655355482,69.11179027439466
9,1.107239277562621,64.8269526332804,31.096360843015898,69.4820897000383
9,1.10770090002897,65.17504085956281,31.153621693933708,69.85517367791552
9,1.1081625224953189,65.5257626175011,31.21117955445076,70.23108029784682
9,1.1086241449616676,65.87915398844237,31.26903780851196,70.60984823213278
9,1.1090857674280166,66.23525160646565,31.32719987814219,70.99151674549678
9,1.1095473898943655,66.59409266783067,31.385669223929796,71.37612570521242
9,1.1100090123607143,66.95571494060385,31.4444493455168,71.76371559142063
9,1.1104706348270632,67.32015677446435,31.503543782095825,72.1543275076399
9,1.1109322572934122,67.68745711069168,31.562956112913515,72.54800319147114
9,1.1113938797597611,68.05765549234317,31.622689957781354,72.94478502550591
9,1.1118555022261098,68.43079207461986,31.68274897759295,73.34471604843672
9,1.1123171246924588,68.80690763542992,31.74313687484905,73.74783996637896
9,1.1127787471588078,69.18604358614755,31.80385739418903,74.15420116440245
9,1.1132403696251567,69.56824198257765,31.864914322930282,74.56384471828336
9,1.1137019920915054,69.95354553612557,31.926311491614758,74.97681640647617
9,1.1141636145578544,70.34199762517999,31.988052774563293,75.39316272231379
9,1.1146252370242034,70.73364230670829,32.05014209043709,75.81293088643574
9,1.1150868594905523,71.12852432807509,32.112583402807616,76.23616885945522
9,1.115548481956901,71.52668913908221,32.17538072073363,76.66292535486379
9,1.11601010442325,71.92818290424103,32.23853809934714,77.09324985218483
9,1.116471726889599,72.33305251527435,32.30205964044638,77.52719261037325
9,1.116933349355948,72.74134560386061,32.36594949309794,77.96480468147487
9,1.1173949718222966,73.15311055461902,32.43021185424681,78.4061379245439
9,1.1178565942886456,73.56839651834466,32.494850969334884,78.8512450198285
9,1.1183182167549945,73.9872534254957,32.559871132928265,79.30017948322649
9,1.1187798392213435,74.40973199994043,32.6252766893531,79.75299568101957
9,1.1192414616876922,74.83588377296826,32.69107203334054,80.20974884489031
9,1.1197030841540412,75.2657610975707,32.757261610680445,80.67049508722882
9,1.1201647066203901,75.69941716299586,32.823849918884264,81.13529141673216
9,1.1206263290867389,76.13690600958596,32.89084150785728,81.60419575430755
9,1.1210879515530878,76.5782825439011,32.9582409805803,82.07726694928198
9,1.1215495740194368,77.02360255413451,33.026052993800675,82.55456479592448
9,1.1220111964857857,77.4729227258284,33.094282258733294,83.03615005029049
9,1.1224728189521345,77.92630065789336,33.16293354177105,83.52208444739159
9,1.1229344414184834,78.38379487894119,33.232011665205775,84.01243071870121
9,1.1233960638848324,78.84546486393353,33.30152150795894,84.5072526099987
9,1.1238576863511813,79.31137105115648,33.3714680063226,85.00661489956296
9,1.12431930881753,79.78157485952673,33.44185615471122,85.51058341672119
9,1.124780931283879,80.25613870623624,33.51269100642362,86.01922506076073
9,1.125242553750228,80.73512602474145,33.58397767441599,86.53260782021
9,1.125704176216577,81.21860128310688,33.65572133208565,87.05080079249927
9,1.1261657986829257,81.70663000270761,33.72792721406594,87.57387420400629
9,1.1266274211492746,82.19927877730223,33.80060061703262,88.10189943049863
9,1.1270890436156236,82.69661529247794,33.87374690052131,88.63494901797536
9,1.1275506660819725,83.19870834548264,33.947371487756655,89.17309670392302
9,1.1280122885483213,83.70562786544716,34.021479866493515,89.71641743899013
9,1.1284739110146702,84.21744493400894,34.09607758986989,90.2649874090918
9,1.1289355334810192,84.73423180634289,34.171170277271855,90.81888405795073
9,1.129397155947368,85.25606193261098,34.2467636152112,91.3781861100871
9,1.1298587784137168,85.78300997983891,34.32286335821532,91.94297359426625
9,1.1303204008800658,86.31515185422555,34.39947532972981,92.51332786740998
9,1.1307820233464148,86.8525647239005,34.47660542303409,93.0893316389885
9,1.1312436458127635,87.39532704213372,34.55425960217006,93.67106899589643
9,1.1317052682791124,87.94351857101108,34.63244390288407,94.25862542782879
9,1.1321668907454614,88.49722040558241,34.711164433582404,94.85208785316283
9,1.1326285132118104,89.05651499849454,34.79042737630031,95.45154464536003
9,1.133090135678159,89.6214861851196,34.870238987685276,96.0570856598989
9,1.133551758144508,90.19221920918929,34.95060559999426,96.66880226174987
9,1.134013380610857,90.76880074894314,35.03153362210519,97.28678735340134
9,1.134475003077206,91.35131894380675,35.11302954054305,97.91113540345359
9,1.1349366255435547,91.93986342160832,35.19509992052102,98.5419424757897
9,1.1353982480099036,92.5345253263468,35.27775140699654,99.17930625933768
9,1.1358598704762526,93.13539734651997,35.360990725742305,99.82332609843286
9,1.1363214929426015,93.7425737440307,35.44482468443307,100.47410302379967
9,1.1367831154089503,94.35615038367902,35.5292601737483,101.13173978416171
9,1.1372447378752992,94.97622476325598,35.61430416849066,101.79634087849641
9,1.1377063603416482,95.60289604424773,35.69996372872032,102.46801258894408
9,1.138167982807997,96.23626508317068,35.786246000906615,103.14686301439319
9,1.1386296052743459,96.87643446354484,35.87315821909572,103.83300210474957
9,1.1390912277406948,97.5235085285216,35.96070770609555,104.52654169590726
9,1.1395528502070438,98.17759341418251,36.04890187467801,105.22759554543835
9,1.1400144726733925,98.83879708351924,36.13774822879863,105.93627936901304
9,1.1404760951397415,99.50722936111626,36.22725436483415,106.65271087757286
9,1.1409377176060904,100.18300196854314,36.317427972838054,107.37700981526439
9,1.1413993400724394,100.86622856048047,36.408276837814455,108.10929799815932
9,1.141860962538788,101.55702476159098,36.499808841010925,108.84969935377333
9,1.142322585005137,102.25550820415413,36.59203196122991,109.59833996140307
9,1.142784207471486,102.96179856647791,36.6849542761592,110.35534809329636
9,1.143245829937835,103.67601761211175,36.77858396372302,111.12085425668077
9,1.1437074524041837,104.39828922987044,36.87292930345146,111.89499123666181
9,1.1441690748705327,105.12873947469433,36.967998677871165,112.67789414001706
9,1.1446306973368816,105.86749660935843,37.06380057391628,113.46970043990046
9,1.1450923198032306,106.61469114705345,37.16034358435974,114.270550021481
9,1.1455539422695793,107.37045589485648,37.25763640926624,115.08058522853496
9,1.1460155647359282,108.13492599811346,37.35568785746647,115.89995091101547
10,1.0713197965685342,63.67087093370667,42.91575693454181,64.19999910711049
10,1.0717620730753619,64.02627890267782,42.98706622858464,64.5583606460058
10,1.0722043495821896,64.3838350513257,43.05865890209295,64.91888821673491
10,1.0726466260890173,64.7435648111816,43.13053770656283,65.28160746217442
10,1.073088902595845,65.10549393892212,43.2027054182345,65.6465443530483
10,1.0735311791026727,65.46964852116616,43.27516483835271,66.01372519276475
10,1.0739734556095004,65.8360549793509,43.347918793431035,66.3831766223328
10,1.0744157321163281,66.20474007468445,43.420970135518516,66.75492562535592
10,1.0748580086231558,66.57573091317835,43.49432174246944,67.12899953310648
10,1.0753002851299835,66.94905495076164,43.56797651821647,67.50542602968235
10,1.0757425616368113,67.32473999847633,43.641937393046376,67.88423315724546
10,1.076184838143639,67.70281422775746,43.716207323879345,68.26544932134571
10,1.0766271146504667,68.08330617579767,43.790789294550976,68.64910329633025
10,1.0770693911572944,68.46624475099955,43.86568631609805,69.03522423084105
10,1.077511667664122,68.85165923851535,43.940901427047066,69.42384165340064
10,1.0779539441709498,69.23957930587669,44.01643769370603,69.81498547808867
10,1.0783962206777775,69.63003500871669,44.09229821046018,70.20868601031155
10,1.0788384971846052,70.02305679658414,44.168486100070375,70.60497395266492
10,1.079280773691433,70.41867551885203,44.24500451397492,71.00388041089131
10,1.0797230501982606,70.81692243072445,44.32185663259563,71.40543689993697
10,1.0801653267050884,71.21782919933926,44.399045665646184,71.80967535010525
10,1.080607603211916,71.62142790997277,44.47657485244527,72.21662811331278
10,1.0810498797187438,72.02775107234396,44.554447462232034,72.6263279694462
10,1.0814921562255715,72.43683162702413,44.6326667944862,73.03880813282495
10,1.0819344327323992,72.8487029519506,44.711236179251244,73.45410225876921
10,1.0823767092392267,73.26339886904799,44.79015897746157,73.87224445027614
10,1.0828189857460544,73.68095365095915,44.869438581273144,74.29326926480675
10,1.083261262252882,74.1014020278864,44.949078414398414,74.717211721184
10,1.0837035387597098,74.5247791945455,45.02908193244427,75.14410730660462
10,1.0841458152665375,74.95112081723676,45.10945262325499,75.57399198376888
10,1.0845880917733652,75.38046304103067,45.190194007257986,76.00690219812597
10,1.085030368280193,75.81284249707504,45.27130963781447,76.44287488524193
10,1.0854726447870207,76.24829631002241,45.35280310157371,76.88194747828871
10,1.0859149212938484,76.68686210558077,45.43467801883109,77.32415791565765
10,1.086357197800676,77.12857801819217,45.5169380438913,77.76954464870194
10,1.0867994743075038,77.5734826988369,45.5995868654346,78.21814664960563
10,1.0872417508143315,78.02161532296951,45.68262820688781,78.67000341938557
10,1.0876840273211592,78.47301559858835,45.766065826799945,79.12515499602809
10,1.088126303827987,78.92772377443919,45.84990351922167,79.58364196276071
10,1.0885685803348146,79.38578064835636,45.93414511408919,80.04550545646268
10,1.0890108568416423,79.84722757574613,46.018794477613206,80.51078717621876
10,1.08945313334847,80.31210647821038,46.10385551267148,80.97952939201463
10,1.0898954098552978,80.78045985231758,46.18933215920678,81.45177495358078
10,1.0903376863621255,81.25233077852091,46.27522839462898,81.92756729938468
10,1.0907799628689532,81.72776293022754,46.36154823422207,82.40695046577544
10,1.091222239375781,82.20680058302119,46.44829573155579,82.88996909628302
10,1.0916645158826086,82.68948862404191,46.535474978902286,83.37666845107603
10,1.0921067923894363,83.17587256152353,46.623090107657276,83.86709441657828
10,1.092549068896264,83.66599853449483,46.71114528876633,84.36129351525076
10,1.0929913454030917,84.15991332264569,46.7996447331567,84.8593129155396
10,1.0934336219099194,84.65766435636014,46.888592692172836,85.3612004419927
10,1.0938758984167471,85.15929972692287,46.97799345801869,85.86700458555079
10,1.0943181749235749,85.6648681968982,47.067851364203804,86.37677451401295
10,1.0947604514304026,86.17441921068853,47.158170785995665,86.89056008268261
10,1.0952027279372303,86.6880029052721,47.248956140876516,87.40841184519458
10,1.095645004444058,87.20567012112716,47.34021188900647,87.93038106453001
10,1.0960872809508857,87.72747241334255,47.43194253369133,88.45651972421942
10,1.0965295574577134,88.25346206291928,47.52415262185602,88.98688053973794
10,1.0969718339645411,88.78369208826916,47.61684674452442,89.52151697009975
10,1.0974141104713688,89.31821625690927,47.71002953730353,90.06048322964966
10,1.0978563869781965,89.85708909736096,47.80370568087457,90.60383430006087
10,1.0982986634850243,90.40036591125317,47.897879901489304,91.15162594253911
10,1.098740939991852,90.94810278563688,47.99255697147217,91.70391471023915
10,1.0991832164986797,91.50035660551315,48.087741709728945,92.26075796089721
10,1.0996254930055074,92.05718506657816,48.1834389822607,92.82221386968175
10,1.100067769512335,92.6186466881911,48.279653702684286,93.38834144226918
10,1.1005100460191628,93.1848008265689,48.37639083275941,93.95920052814829
10,1.1009523225259905,93.75570768820882,48.473655382920825,94.53485183415425
10,1.1013945990328182,94.33142834354852,48.57145241281813,95.1153569382424
10,1.101836875539646,94.91202474086448,48.669787031861404,95.70077830350196
10,1.1022791520464736,95.49755972041268,48.76866439977307,96.2911792924144
10,1.1027214285533014,96.08809702882019,48.868089727147236,96.8866241813645
10,1.103163705060129,96.68370133372756,48.96806827601472,97.48717817540451
10,1.1036059815669568,97.28443823869056,49.06860536041568,98.09290742327971
10,1.1040482580737843,97.89037429834323,49.16970634697843,98.70387903271744
10,1.104490534580612,98.50157703383144,49.27137665550595,99.32016108598889
10,1.1049328110874397,99.11811494851537,49.373621759568614,99.9418226557422
10,1.1053750875942674,99.7400575439533,49.47644718710464,100.56893382111893
10,1.105817364101095,100.3674753361678,49.57985852102758,101.20156568415557
10,1.1062596406079228,101.00043987220047,49.683861399841064,101.83979038647574
10,1.1067019171147505,101.63902374696112,49.788461518261016,102.48368112627941
10,1.1071441936215782,102.28330062037745,49.893664627845354,103.13331217563518
10,1.107586470128406,102.93334523485038,49.999476537631494,103.78875889808062
10,1.1080287466352337,103.58923343301981,50.10590311478093,104.45009776653562
10,1.1084710231420614,104.25104217585101,50.21295028523276,105.11740638153917
10,1.108913299648889,104.91884956104093,50.32062403436357,105.79076348980855
10,1.1093555761557168,105.5927348417581,50.42893040765692,106.4702490031351
10,1.1097978526625445,106.27277844571728,50.53787551137992,107.15594401761719
10,1.1102401291693722,106.95906199459614,50.647465513267946,107.84793083323844
10,1.1106824056762,107.65166832380436,50.757706643218825,108.546292973801
10,1.1111246821830276,108.35068150260622,50.868605193993815,109.25111520721545
10,1.1115669586898553,109.05618685460834,50.980167521928614,109.9624835661587
10,1.112009235196683,109.76827097861745,51.09240004765212,110.68048536910514
10,1.1124515117035108,110.48702176987496,51.20530925681429,111.40520924173775
10,1.1128937882103385,111.21252844167775,51.31890170082278,112.13674513874845
10,1.1133360647171662,111.94488154739042,51.43318399758856,112.87518436603337
10,1.1137783412239939,112.68417300285897,51.5481628322812,113.62061960329268
10,1.1142206177308216,113.4304961092306,51.66384495809221,114.37314492704022
10,1.1146628942376493,114.18394557619138,51.7802371970089,115.13285583403407
10,1.115105170744477,114.94461754562778,51.89734644059732,115.89984926513489
11,1.0836322990149416,75.04065982297944,45.84594755462706,64.19995131540506
11,1.084027787334519,75.44841505096927,45.921394220293266,64.54880040398321
11,1.0844232756540966,75.85894863715924,45.997177546489844,64.90002647674042
11,1.084818763973674,76.2722908849105,46.0733004064093,65.2536554592791
11,1.0852142522932515,76.68847246186068,46.14976569768065,65.60971358885311
11,1.0856097406128289,77.10752440488953,46.22657634260682,65.96822741861611
11,1.0860052289324063,77.52947812516226,46.303735288405264,66.3292238219362
11,1.0864007172519838,77.95436541324501,46.381245507450586,66.69272999677256
11,1.0867962055715612,78.38221844429799,46.4591099975202,67.05877347011817
11,1.0871916938911386,78.81306978334624,46.53733178204226,67.42738210250926
11,1.0875871822107162,79.2469523906274,46.615913910346066,67.79858409260054
11,1.0879826705302935,79.68389962702074,46.69485945791554,68.17240798180976
11,1.088378158849871,80.12394525955744,46.774171526644885,68.54888265903219
11,1.0887736471694485,80.56712346701198,46.85385324509738,68.92803736542399
11,1.0891691354890258,81.01346884557931,46.93390776876643,69.3099016992595
11,1.0895646238086034,81.46301641463548,47.014338280339715,69.69450562085943
11,1.0899601121281808,81.91580162258596,47.095147989966094,70.08187945759447
11,1.0903556004477584,82.37186035280195,47.176340135525265,70.47205390896391
11,1.0907510887673357,82.83122892964465,47.25791798289997,70.8650600517497
11,1.091146577086913,83.29394412458319,47.339884826251684,71.26092934525043
11,1.0915420654064907,83.76004316240217,47.42224398829873,71.6596936365923
11,1.091937553726068,84.22956372750463,47.50499882059763,72.0613851661213
11,1.0923330420456454,84.70254397031024,47.588152703827134,72.46603657287733
11,1.092728530365223,85.179022513751,47.67170904807578,72.87368090015127
11,1.0931240186848004,85.65903845986274,47.755671293131556,73.28435160112444
11,1.093519507004378,86.14263139648219,47.84004290877593,73.69808254459804
11,1.0939149953239553,86.62984140403982,47.92482739507986,74.11490802080473
11,1.0943104836435327,87.12070906246143,48.0100282827037,74.5348627473132
11,1.0947059719631103,87.61527545817172,48.09564913319979,74.95798187501993
11,1.0951014602826876,88.11358219120537,48.18169353931863,75.38430099423297
11,1.0954969486022652,88.61567138242931,48.26816512531829,75.81385614085093
11,1.0958924369218426,89.12158568087081,48.355067547276505,76.24668380263229
11,1.09628792524142,89.63136827116433,48.44240449340755,76.68282092556659
11,1.0966834135609975,90.14506288110638,48.530179684380585,77.12230492033774
11,1.0970789018805749,90.66271378933017,48.618396873643064,77.56517366889005
11,1.0974743902001522,91.18436583309817,48.707059847746535,78.01146553109501
11,1.0978698785197298,91.71006441621363,48.796172426676655,78.46121935151992
11,1.0982653668393072,92.23985551705395,48.88573846418619,78.9144744663006
11,1.0986608551588848,92.77378569673049,48.97576184813185,79.37127071012257
11,1.0990563434784621,93.3119021073711,49.066246500814955,79.83164842330692
11,1.0994518317980395,93.85425250053393,49.157196379325086,80.29564845900866
11,1.099847320117617,94.40088523575072,49.248615475888386,80.76331219052582
11,1.1002428084371945,94.95184928920087,49.3405078182186,81.23468151872044
11,1.100638296756772,95.50719426252441,49.43287746987298,81.70979887955829
11,1.1010337850763494,96.06697039176649,49.525728530610515,82.18870725176137
11,1.1014292733959268,96.63122855646839,49.61906513675621,82.6714501645854
11,1.1018247617155044,97.20002028889358,49.71289146156718,83.15807170571316
11,1.1022202500350817,97.77339778340055,49.80721171560354,83.64861652927326
11,1.102615738354659,98.35141390596458,49.90203014710392,84.14312986398629
11,1.1030112266742367,98.93412220384495,49.99735104236412,84.64165752143565
11,1.103406714993814,99.52157691540489,50.093178726120136,85.14424590446855
11,1.1038022033133916,100.11383298008775,50.18951756193586,85.65094201573126
11,1.104197691632969,100.71094604854534,50.28637195259381,86.16179346633419
11,1.1045931799525464,101.3129724929315,50.38374634049166,86.6768484846583
11,1.104988668272124,101.91996941735407,50.48164520804211,87.19615592529725
11,1.1053841565917013,102.53199466849036,50.58007307807664,87.71976527813926
11,1.1057796449112787,103.14910684637533,50.67903451425501,88.24772667759683
11,1.1061751332308563,103.77136531535731,50.77853412147859,88.78009091197964
11,1.1065706215504336,104.39883021522444,50.87857654630727,89.31690943301375
11,1.1069661098700112,105.03156247251435,50.979166477382776,89.85823436551733
11,1.1073615981895886,105.66962381199654,51.08030864585506,90.4041185172243
11,1.107757086509166,106.31307676834199,51.18200782581406,90.95461538876809
11,1.1081525748287435,106.96198469797599,51.28426883472601,91.5097791838221
11,1.1085480631483209,107.61641179111959,51.38709653387457,92.0696648194017
11,1.1089435514678985,108.27642308402582,51.49049582880691,92.63432793633264
11,1.1093390397874758,108.94208447140764,51.59447166978437,93.20382490988365
11,1.1097345281070532,109.61346271906747,51.69902905223829,93.77821286057147
11,1.1101300164266308,110.29062547672879,51.80417301723134,94.35754966513872
11,1.1105255047462081,110.97364129106937,51.90990865192235,94.94189396770426
11,1.1109209930657855,111.66257961897074,52.016241090038505,95.53130519109865
11,1.111316481385363,112.35751084097416,52.12317551235067,96.12584354837615
11,1.1117119697049405,113.05850627495548,52.230717147155225,96.72557005451411
11,1.112107458024518,113.76563819002294,52.338871270761146,97.33054653830294
11,1.1125029463440954,114.47897982063242,52.44764320798134,97.9408356544223
11,1.1128984346636728,115.19860538093896,52.55703833263122,98.5565008957193
11,1.1132939229832504,115.92459007937362,52.667062068031065,99.17760660567951
11,1.1136894113028277,116.65701013345823,52.777719887514806,99.80421799110152
11,1.1140848996224053,117.39594278486375,52.88901731494492,100.43640113497987
11,1.1144803879419827,118.14146631470615,53.00095992523161,101.07422300959131
11,1.11487587626156,118.89366005909848,53.11355334485948,101.7177514898
11,1.1152713645811376,119.65260442494937,53.226803252418236,102.36705536657385
11,1.115666852900715,120.41838090602155,53.34071537914082,103.02220436072304
11,1.1160623412202924,121.19107209925473,53.45529550944701,103.68326913686484
11,1.11645782953987,121.97076172135071,53.57054948149274,104.35032131761288
11,1.1168533178594473,122.75753462563057,53.686483187725784,105.02343349799884
11,1.117248806179025,123.55147681917092,53.803102575447845,105.70267926013334
11,1.1176442944986023,124.35267548021577,53.92041364738257,106.38813318810234
11,1.1180397828181796,125.16121897587979,54.03842246225024,107.07987088311287
11,1.1184352711377572,125.97719688013817,54.15713513534866,107.77796897888405
11,1.1188307594573346,126.80069999211243,54.276557839140644,108.48250515729119
11,1.1192262477769122,127.63182035466122,54.39669680384788,109.19355816427094
11,1.1196217360964895,128.4706512732724,54.51755831805191,109.91120782598412
11,1.1200172244160669,129.31728733527189,54.63914872930134,110.63553506524953
11,1.1204127127356445,130.17182442934603,54.76147444472623,111.36662191824608
11,1.1208082010552218,131.03435976538876,54.884541931659214,112.10455155149276
11,1.1212036893747992,131.90499189467886,55.008357718263596,112.84940827911092
11,1.1215991776943768,132.78382073038927,55.13292839416876,113.60127758037078
11,1.1219946660139541,133.67094756843767,55.258260611112206,114.36024611752984
11,1.1223901543335317,134.56647510868754,55.384361083589695,115.12640175397108
11,1.122785642653109,135.47050747649376,55.51123658951131,115.8998335726361
12,1.1224349187252172,65.18521014091407,24.93534245788304,64.19997146960954
12,1.1228323155944335,65.50676473936107,24.976305947095522,64.51666594680144
12,1.1232297124636499,65.83090123442419,25.017464691929526,64.83590329665925
12,1.1236271093328662,66.1576539690935,25.058820862706504,65.15771734309769
12,1.1240245062020826,66.48705779722759,25.10037665361017,65.48214241317835
12,1.124421903071299,66.81914809195455,25.14213428297974,65.80921334538392
12,1.1248192999405153,67.15396075422304,25.18409599360685,66.13896549803992
12,1.1252166968097317,67.49153222150629,25.22626405303657,66.47143475788722
12,1.125614093678948,67.83189947666217,25.26864075387237,66.80665754880803
12,1.1260114905481644,68.17510005695175,25.311228414084958,67.14467084070834
12,1.1264088874173808,68.52117206322055,25.35402937732548,67.48551215856033
12,1.1268062842865971,68.87015416924434,25.39704601324269,67.82921959160684
12,1.1272036811558135,69.2220856312429,25.440280717804285,68.17583180273148
12,1.1276010780250298,69.57700629756675,25.4837359136228,68.52538803799878
12,1.1279984748942462,69.93495661855695,25.5274140502855,68.87792813636511
12,1.1283958717634626,70.29597765658475,25.571317604688872,69.23349253956654
12,1.128793268632679,70.66011109627195,25.61544908137755,69.59212230218466
12,1.1291906655018953,71.02739925489647,25.659811012887584,69.95385910189499
12,1.1295880623711116,71.39788509298802,25.704405960094647,70.3187452499024
12,1.129985459240328,71.77161222511484,25.749236512566526,70.68682370156489
12,1.1303828561095444,72.14862493086765,25.794305288920608,71.05813806721146
12,1.1307802529787607,72.52896816604364,25.839614937185978,71.43273262315707
12,1.131177649847977,72.91268757403387,25.88516813517039,71.81065232291802
12,1.1315750467171934,73.29982949742009,25.930967590832342,72.19194280863334
12,1.1319724435864098,73.69044098978212,25.97701604265788,72.57665042269385
12,1.1323698404556262,74.08456982772258,26.023316260042627,72.96482221958503
12,1.1327672373248425,74.48226452311218,26.069871043679015,73.3565059779473
12,1.1331646341940589,74.88357433555935,26.11668322594852,73.75175021285713
12,1.1335620310632752,75.28854928510972,26.163755671319414,74.15060418833464
12,1.1339594279324916,75.69724016517887,26.21109127674962,74.5531179300808
12,1.134356824801708,76.1096985557246,26.258692972095368,74.95934223845067
12,1.1347542216709243,76.52597683666124,26.306563720524995,75.3693287016649
12,1.1351516185401407,76.94612820152291,26.354706518938613,75.78312970926657
12,1.135549015409357,77.37020667137914,26.403124398393373,76.20079846582638
12,1.1359464122785734,77.79826710900896,26.451820424534432,76.62238900490257
12,1.1363438091477898,78.23036523333721,26.500797698031825,77.04795620325903
12,1.1367412060170061,78.66655763414064,26.550059355023368,77.47755579534908
12,1.1371386028862225,79.1069017870259,26.599608567563337,77.91124438806713
12,1.1375359997554388,79.55145606868842,26.649448544077504,78.3490794757769
12,1.1379333966246552,80.00027977245472,26.699582529824205,78.79111945561881
12,1.1383307934938716,80.45343312411609,26.750013807361846,79.23742364310439
12,1.138728190363088,80.91097729805725,26.800745697022478,79.68805228800113
12,1.1391255872323043,81.37297443368894,26.851781557392307,80.14306659051665
12,1.1395229841015206,81.83948765218727,26.903124785798397,80.60252871778515
12,1.139920380970737,82.31058107354794,26.954778818802104,81.06650182066379
12,1.1403177778399534,82.78631983396177,27.006747132699445,81.53505005084561
12,1.1407151747091697,83.26677010351683,27.059033244028075,82.00823857829411
12,1.141112571578386,83.75199910423412,27.111640710081375,82.48613360900637
12,1.1415099684476024,84.24207512844555,27.164573129429698,82.96880240311317
12,1.1419073653168188,84.73706755751694,27.217834142448424,83.45631329331907
12,1.142304762186035,85.23704688092695,27.271427431853642,83.94873570369298
12,1.1427021590552513,85.7420847157087,27.325356723245093,84.44614016881582
12,1.1430995559244677,86.25225382625754,27.379625785656437,84.94859835328907
12,1.143496952793684,86.7676281445184,27.43423843211353,85.4561830716169
12,1.1438943496629004,87.2882827905551,27.48919852019972,85.96896830846461
12,1.1442917465321167,87.81429409351313,27.544509952629706,86.48702923930453
12,1.144689143401333,88.34573961298197,27.60017667783086,87.01044225145553
12,1.1450865402705495,88.8826981607654,27.65620269053278,87.53928496552422
12,1.1454839371397658,89.42524982306831,27.712592032364885,88.07363625725648
12,1.1458813340089822,89.97347598310971,27.76934879246253,88.61357627980861
12,1.1462787308781985,90.5274593441673,27.82647710808118,89.15918648644372
12,1.146676127747415,91.08728395306773,27.88398116521966,89.71054965366673
12,1.1470735246166313,91.65303522412526,27.941865199251318,90.26774990480149
12,1.1474709214858476,92.22479996354522,28.000133495564864,90.83087273402515
12,1.147868318355064,92.80266639429438,28.058790390213296,91.40000503086276
12,1.1482657152242803,93.38672418145445,28.117840270572522,91.97523510515757
12,1.1486631120934967,93.9770644580647,28.177287576008847,92.55665271252293
12,1.149060508962713,94.57377985146411,28.237136798555724,93.14434908028649
12,1.1494579058319294,95.17696451014655,28.297392483600447,93.73841693393926
12,1.1498553027011458,95.78671413113456,28.358059230579766,94.33895052409586
12,1.1502526995703621,96.40312598788728,28.419141693685834,94.94604565398048
12,1.1506500964395785,97.0262989587505,28.480644582581746,95.55979970744696
12,1.1510474933087949,97.65633355596205,28.54257266312731,96.18031167754586
12,1.1514448901780112,98.29333195522204,28.604930758114804,96.80768219564763
12,1.1518422870472276,98.93739802584201,28.667723748015224,97.4420135611362
12,1.152239683916444,99.58863736148373,28.730956571735096,98.08340977168311
12,1.1526370807856603,100.24715731149989,28.794634227383817,98.73197655411448
12,1.1530344776548767,100.91306701288993,28.8587617730518,99.38782139588395
12,1.153431874524093,101.58647742288419,28.923344327599942,100.05105357716418
12,1.1538292713933094,102.26750135216707,28.98838707145965,100.72178420356805
12,1.1542266682625257,102.9562534987574,29.053895247444792,101.40012623951675
12,1.154624065131742,103.65285048255447,29.119874161574756,102.08619454226381
12,1.1550214620009585,104.35741088056791,29.186329183909383,102.78010589659247
12,1.1554188588701748,105.07005526284246,29.253265749395453,103.4819790501974
12,1.1558162557393912,105.7909062290968,29.32068935872569,104.19193474976984
12,1.1562136526086075,106.52008844608541,29.38860557920941,104.9100957777947
12,1.156611049477824,107.25772868570519,29.457020045656023,105.63658699008124
12,1.1570084463470403,108.0039558638577,29.525938461270833,106.37153535403795
12,1.1574058432162566,108.75890108008448,29.595366598563515,107.11506998770874
12,1.157803240085473,109.52269765799525,29.66531030027007,107.86732219959013
12,1.1582006369546893,110.295481186499,29.735775480287288,108.62842552923922
12,1.1585980338239057,111.07738956186213,29.806768124621094,109.398515788696
12,1.158995430693122,111.86856303060625,29.878294292347977,110.17773110473291
12,1.1593928275623384,112.6691442332662,29.950360116590694,110.96621196195139
12,1.1597902244315548,113.47927824902663,30.02297180550765,111.76410124674383
12,1.1601876213007711,114.29911264125258,30.096135643296304,112.57154429213605
12,1.1605850181699875,115.12879750393967,30.16985799121153,113.38868892353527
12,1.1609824150392039,115.96848550909633,30.244145288598013,114.21568550539632
12,1.1613798119084202,116.81833195508462,30.31900405393798,115.0526869888318
12,1.1617772087776366,117.67849481593404,30.394440885913575,115.8998489601804
13,1.113663062937725,65.8709137498238,30.275337790382924,64.19995818392127
13,1.1141043875051617,66.21112953788469,30.335955374638754,64.5315436762673
13,1.1145457120725981,66.55380287071767,30.39687521410206,64.86552437254512
13,1.1149870366400347,66.89896548645518,30.458100421945012,65.20193120578206
13,1.1154283612074714,67.24664958374211,30.519634143330556,65.540795557836
13,1.1158696857749077,67.59688782920075,30.581479555783154,65.88214926667104
13,1.1163110103423444,67.94971336502778,30.643639869564236,66.22602463376164
13,1.116752334909781,68.30515981672431,30.706118328052003,66.57245443162674
13,1.1171936594772174,68.6632613009645,30.768918208126184,66.92147191149861
13,1.117634984044654,69.02405243360482,30.832042820557827,67.27311081112903
13,1.1180763086120906,69.38756833783353,30.89549551040345,67.62740536273202
13,1.118517633179527,69.7538446524674,30.95927965740447,67.98439030107012
13,1.1189589577469636,70.12291754039703,31.02339867639192,68.34410087168543
13,1.1194002823144003,70.4948236971805,31.087856017695472,68.7065728392753
13,1.1198416068818366,70.86960035979332,31.152655167558216,69.07184249622031
13,1.1202829314492733,71.24728531553536,31.217799648556657,69.43994667126526
13,1.1207242560167099,71.62791691109535,31.283293020025596,69.81092273835368
13,1.1211655805841465,72.01153406178081,31.34913887848866,70.18480862562372
13,1.121606905151583,72.39817626091296,31.41534085809424,70.56164282456469
13,1.1220482297190195,72.78788358939173,31.481902631056904,70.94146439933935
13,1.1224895542864561,73.18069672543258,31.548827908104407,71.32431299627392
13,1.1229308788538925,73.57665695447942,31.616120438930007,71.71022885351934
13,1.1233722034213292,73.97580617929917,31.6837840126514,72.09925281088992
13,1.1238135279887658,74.37818693025577,31.751822458274383,72.49142631987662
13,1.1242548525562022,74.7838423757733,31.820239645163095,72.8867914538448
13,1.1246961771236388,75.1928163329894,31.889039483516108,73.28539091841738
13,1.1251375016910754,75.60515327860077,31.95822592484837,73.68726806204522
13,1.1255788262585118,76.02089835990824,32.02780296247946,74.09246688677206
13,1.1260201508259484,76.44009740606333,32.097774632028106,74.50103205919565
13,1.126461475393385,76.86279693951899,32.168145011912735,74.91300892162818
13,1.1269027999608214,77.28904418769127,32.2389182238585,75.32844350346204
13,1.127344124528258,77.7188870948359,32.310098433411284,75.74738253274512
13,1.1277854490956947,78.1523743341398,32.381689850457306,76.1698734479656
13,1.128226773663131,78.58955532003752,32.45369672975024,76.59596441005606
13,1.1286680982305677,79.03048022075478,32.52612337144471,77.02570431461861
13,1.1291094227980043,79.47519997108007,32.59897412163646,77.45914280437275
13,1.1295507473654407,79.92376628537592,32.672253372909786,77.89633028183636
13,1.1299920719328773,80.3762316708291,32.74596556489206,78.33731792223999
13,1.130433396500314,80.83264944094506,32.820115184814725,78.78215768667884
13,1.1308747210677503,81.29307372929446,32.89470676808232,79.23090233551062
13,1.131316045635187,81.75755950351443,32.96974489884832,79.68360544200165
13,1.1317573702026236,82.22616257956916,33.045234210598444,80.14032140622572
13,1.13219869477006,82.69893963627732,33.12117938674184,80.6011054692229
13,1.1326400193374966,83.17594823011027,33.19758516120936,81.0660137274225
13,1.1330813439049332,83.65724681026491,33.27445631905995,81.53510314733344
13,1.1335226684723696,84.14289473402086,33.35179769709479,82.00843158051194
13,1.1339639930398062,84.6329522823841,33.429614184479476,82.48605777880829
13,1.1344053176072428,85.12748067602226,33.507910723373755,82.9680414098979
13,1.1348466421746792,85.62654209150205,33.586692309570175,83.4544430731069
13,1.1352879667421159,86.13019967783126,33.665963993140764,83.94532431553444
13,1.1357292913095525,86.63851757330963,33.745730879091525,84.4407476484761
13,1.136170615876989,87.15156092270118,33.825998128026384,84.94077656416067
13,1.1366119404444255,87.66939589472805,33.906770956819,85.44547555280019
13,1.137053265011862,88.19208969989742,33.98805463929402,85.95491011996465
13,1.1374945895792987,88.71971060866332,34.069854506916464,86.46914680428306
13,1.1379359141467351,89.25232796993453,34.15217594949056,86.9882531954819
13,1.1383772387141717,89.79001222993519,34.235024415868,87.51229795276731
13,1.1388185632816084,90.33283495142007,34.31840541466454,88.04135082355288
13,1.1392598878490448,90.88086883325899,34.402324514986766,88.5754826625472
13,1.1397012124164814,91.43418773039537,34.48678734716843,89.11476545120632
13,1.140142536983918,91.99286667418136,34.571799603515515,89.65927231755283
13,1.1405838615513544,92.55698189310706,34.65736703906231,90.20907755637937
13,1.141025186118791,93.12661083392334,34.74349547233643,90.76425664983553
13,1.1414665106862276,93.70183218317068,34.83019078613452,91.32488628841067
13,1.141907835253664,94.28272588912105,34.91745892830767,91.89104439231912
13,1.1423491598211006,94.86937318414311,35.00530591255771,92.46281013329805
13,1.1427904843885373,95.46185660749512,35.09373781924342,93.0402639568222
13,1.1432318089559736,96.06026002856034,35.182760796197925,93.62348760474988
13,1.1436731335234103,96.66466867053009,35.2723810595566,94.21256413840527
13,1.1441144580908469,97.27516913454286,35.362604894595734,94.8075779621051
13,1.1445557826582833,97.8918494242935,35.45343865658265,95.40861484714368
13,1.14499710722572,98.51479897111892,35.544888771637154,96.01576195624223
13,1.1454384317931565,99.14410865956891,35.63696173760381,96.62910786847095
13,1.145879756360593,99.7798708534763,35.72966412493648,97.248742604658
13,1.1463210809280295,100.42217942253453,35.823002577593975,97.87475765329279
13,1.1467624054954662,101.0711297693918,35.91698381394845,98.50724599693277
13,1.1472037300629025,101.72681885727512,36.011614627704596,99.14630213912686
13,1.1476450546303392,102.38934523815654,36.106901888832795,99.79202213186714
13,1.1480863791977758,103.05880908146614,36.2028525445129,100.44450360357342
13,1.1485277037652122,103.73531220337165,36.29947362009188,101.10384578763023
13,1.1489690283326488,104.41895809663396,36.396772220054046,101.77014955148483
13,1.1494103529000854,105.10985196104369,36.49475552900346,102.44351742631186
13,1.149851677467522,105.80810073446406,36.593430812660614,103.12405363726857
13,1.1502930020349584,106.51381312448027,36.69280541887142,103.81186413434153
13,1.150734326602395,107.22709964067874,36.7928867786309,104.50705662380687
13,1.1511756511698317,107.94807262755825,36.89368240711906,105.20974060030666
13,1.151616975737268,108.67684629809821,36.995199904752134,105.92002737956565
13,1.1520583003047047,109.41353676799082,37.09744695824723,106.63803013175497
13,1.1524996248721413,110.1582620905499,37.20043134170116,107.36386391551552
13,1.1529409494395777,110.91114229231782,37.30416091768437,108.09764571266165
13,1.1533822740070143,111.67229940938012,37.40864363834929,108.83949446357447
13,1.153823598574451,112.44185752440085,37.513887546553285,109.58953110329789
13,1.1542649231418873,113.21994280440154,37.61990077699743,110.34787859835905
13,1.154706247709324,114.0066835392945,37.72669155738047,111.11466198432431
13,1.1551475722767606,114.80221018118402,37.834268209567895,111.8900084041034
13,1.155588896844197,115.60665538445937,37.94263915077747,112.67404714702536
13,1.1560302214116336,116.4201540466922,38.051812894780696,113.4669096886986
13,1.1564715459790702,117.24284335035233,38.16179805312008,114.26872973166833
13,1.1569128705465066,118.07486280536772,38.27260333634385,115.07964324689705
13,1.1573541951139432,118.91635429254066,38.38423755525638,115.89978851607928
14,1.0942331642242318,46.0734569843544,19.509321045724228,64.19996599515561
14,1.0947649554795973,46.30962218826434,19.547000963138828,64.52904479784685
14,1.0952967467349626,46.5473454128621,19.584787149775696,64.8602945875168
14,1.095828537990328,46.78665078242803,19.622680965029105,65.19374897957182
14,1.0963603292456936,47.027562834031656,19.660683781828112,65.52944216460953
14,1.0968921205010589,47.27010652545417,19.698796986798314,65.86740891945826
14,1.0974239117564244,47.51430724327527,19.737021980425414,66.20768461844544
14,1.09795570301179,47.76019081112827,19.775360177221003,66.55030524490051
14,1.0984874942671552,48.007783498127694,19.813813005890292,66.89530740289811
14,1.0990192855225207,48.257112027473966,19.852381909502295,67.24272832924815
14,1.099551076777886,48.508203585236615,19.891068345661818,67.59260590573449
14,1.1000828680332515,48.76108582932355,19.929873786683896,67.94497867161294
14,1.100614659288617,49.0157868986372,19.968799719770352,68.29988583636985
14,1.1011464505439823,49.27233542242441,20.007847647188626,68.65736729275024
14,1.1016782417993478,49.53076052982327,20.04701908645298,69.01746363006079
14,1.1022100330547133,49.79109185961077,20.08631557050788,69.38021614775242
14,1.1027418243100786,50.05335957015717,20.125738647913817,69.74566686929091
14,1.1032736155654441,50.31759434959163,20.165289883035634,70.11385855632214
14,1.1038054068208096,50.583827426182026,20.204970856233004,70.48483472313535
14,1.104337198076175,50.852090578936625,20.24478316405351,70.85863965143598
14,1.1048689893315404,51.12241614843112,20.284728419428408,71.23531840543225
14,1.105400780586906,51.394837047865565,20.3248082518705,71.61491684724226
14,1.1059325718422712,51.66938677435817,20.3650243076749,71.99748165263097
14,1.1064643630976367,51.94609942048082,20.405378250122332,72.38306032708417
14,1.1069961543530022,52.225009686040124,20.445871759684884,72.77170122222445
14,1.1075279456083675,52.50615289011273,20.486506534234643,73.16345355258159
14,1.108059736863733,52.7895649833387,20.527284289255032,73.5583674127224
14,1.1085915281190983,53.07528256047845,20.568206758054583,73.95649379474794
14,1.1091233193744638,53.36334287324182,20.609275691983978,74.35788460616985
14,1.1096551106298294,53.653783843392674,20.650492860655493,74.76259268817066
14,1.1101869018851946,53.9466440761374,20.691860052165527,75.1706718342597
14,1.1107186931405602,54.24196287380374,20.73337907331998,75.58217680933345
14,1.1112504843959257,54.539780249814754,20.775051749862506,75.99716336914742
14,1.111782275651291,54.84013694296786,20.81687992670588,76.41568828021269
14,1.1123140669066565,55.14307443202382,20.85886546816629,76.83780934012479
14,1.112845858162022,55.44863495061321,20.901010258200706,77.26358539833468
14,1.1133776494173873,55.75686150246858,20.94331620064741,77.69307637737361
14,1.1139094406727528,56.06779787698994,20.985785219469662,78.12634329454258
14,1.1144412319281183,56.381488665149725,21.028419259002554,78.56344828407464
14,1.1149730231834836,56.697979275747606,21.07122028420304,79.00445461978481
14,1.115504814438849,57.01731595202196,21.114190280903493,79.44942673821691
14,1.1160366056942146,57.33954578862601,21.157331256068257,79.89843026229869
14,1.1165683969495799,57.66471674897858,21.200645238053916,80.35153202551858
14,1.1171001882049454,57.992877682998,21.24413427687282,80.80880009663683
14,1.1176319794603107,58.32407834522601,21.287800444459997,81.27030380493969
14,1.1181637707156762,58.65836941335546,21.33164583494395,81.73611376605639
14,1.1186955619710417,58.99580250716606,21.375672564920634,82.20630190834486
14,1.119227353226407,59.33643020788202,21.41988277373128,82.68094149986494
14,1.1197591444817725,59.68030607796022,21.464278623743958,83.16010717595198
14,1.120290935737138,60.02748468131769,21.508862300638707,83.64387496740214
14,1.1208227269925033,60.37802160401138,21.55363601369656,84.13232232928826
14,1.1213545182478688,60.73197347538019,21.598601996092505,84.62552817041964
14,1.1218863095032343,61.08939798965811,21.643762505192043,85.12357288345844
14,1.1224181007585996,61.45035392807377,21.68911982285202,85.62653837571364
14,1.1229498920139651,61.81490118144542,21.73467625572545,86.13450810062564
14,1.1234816832693306,62.18310077328258,21.780434135570207,86.6475670899566
14,1.124013474524696,62.55501488340912,21.8263958195619,87.16580198670746
14,1.1245452657800614,62.9307068721191,21.8725636906112,87.68930107877739
14,1.1250770570354267,63.310241304876456,21.91894015768502,88.21815433338097
14,1.1256088482907922,63.6936839775755,21.965527656132334,88.75245343224671
14,1.1261406395461577,64.08110194237204,22.01232864801424,89.292291807611
14,1.126672430801523,64.47256353410113,22.059345622438343,89.83776467902915
14,1.1272042220568885,64.86813839729571,22.106581095897937,90.38896909102398
14,1.127736013312254,65.26789751381884,22.15403761261546,90.94600395158922
14,1.1282678045676193,65.67191323112701,22.201717744890765,91.50897007157238
14,1.1287995958229848,66.08025929117855,22.24962409345402,92.07797020495649
14,1.1293313870783503,66.49301086000193,22.297759287823347,92.65310909006133
14,1.1298631783337156,66.91024455794243,22.346125986667417,93.23449349169002
14,1.1303949695890811,67.3320384906028,22.394726878172847,93.82223224424236
14,1.1309267608444467,67.75847228049285,22.443564680416607,94.41643629581644
14,1.131458552099812,68.18962709940912,22.49264214174348,95.01721875332709
14,1.1319903433551775,68.62558570156018,22.541962041148683,95.62469492866374
14,1.132522134610543,69.06643245745583,22.59152718866566,96.23898238591242
14,1.1330539258659083,69.51225338857974,22.641340425759065,96.86020098966952
14,1.1335857171212738,69.96313620286665,22.69140462572342,97.4884729544767
14,1.1341175083766393,70.4191703309987,22.741722694086693,98.12392289539713
14,1.1346492996320046,70.88044696354774,22.792297569019865,98.76667787977057
14,1.13518109088737,71.3470590889807,22.843132221751898,99.41686748017098
14,1.1357128821427354,71.81910153254876,22.894229656990237,100.07462382859585
14,1.1362446733981009,72.29667099608653,22.945592913347465,100.74008167192333
14,1.1367764646534664,72.77986609873855,22.997225063773236,101.41337842866159
14,1.1373082559088317,73.26878741864056,23.049129215992803,102.09465424702864
14,1.1378400471641972,73.76353753557821,23.101308512951007,102.78405206439413
14,1.1383718384195627,74.26422107464475,23.15376613326258,103.48171766811303
14,1.138903629674928,74.7709447509277,23.206505291668773,104.18779975779327
14,1.1394354209302935,75.28381741524753,23.259529239500132,104.90245000902922
14,1.139967212185659,75.80295010097316,23.31284126514562,105.62582313863564
14,1.1404990034410243,76.32845607194554,23.366444694528287,106.35807697142563
14,1.1410307946963898,76.86045087153404,23.42034289158754,107.0993725085671
14,1.1415625859517553,77.39905237285498,23.47453925876804,107.8498739975586
14,1.1420943772071206,77.94438083018204,23.52903723751529,108.60974900386596
14,1.142626168462486,78.49655893158007,23.583840308778363,109.37916848426354
14,1.1431579597178514,79.05571185278833,23.638951993519186,110.15830686191671
14,1.143689750973217,79.62196731239301,23.694375853229378,110.94734210326048
14,1.1442215422285824,80.19545562831271,23.750115490453734,111.74645579670802
14,1.1447533334839477,80.77630977563771,23.806174549321515,112.55583323324537
14,1.1452851247393132,81.36466544585451,23.862556716084907,113.37566348895642
14,1.1458169159946787,81.96066110748879,23.91926571966483,114.20613950952448
14,1.146348707250044,82.56443806820764,23.976305332204582,115.04745819676714
14,1.1468804985054095,83.17614053841615,24.033679369631287,115.89982049725342
15,1.115471211533811,51.5511838158873,22.45935510148965,64.19995321537775
15,1.1158894099527645,51.82023903018295,22.506422858413863,64.5350247092124
15,1.116307608371718,52.09122950189057,22.553708613386533,64.87250630163474
15,1.1167258067906716,52.36417910285626,22.601214402559705,65.21242772176618
15,1.117144005209625,52.639112036703544,22.648942281080988,65.55481911191157
15,1.1175622036285788,52.91605284398293,22.69689432329397,65.89971103397227
15,1.1179804020475324,53.19502640740752,22.745072622940743,66.24713447596635
15,1.1183986004664859,53.47605795717884,22.79347929336685,66.59712085866128
15,1.1188167988854394,53.75917307640216,22.842116467728637,66.94970204231788
15,1.119234997304393,54.04439770659442,22.890986299202904,67.30491033354963
15,1.1196531957233464,54.33175815328485,22.940090961198727,67.66277849229773
15,1.1200713941423,54.62128109171281,22.989432647572123,68.02333973892665
15,1.1204895925612535,54.9129935726209,23.0390135728427,68.38662776143896
15,1.120907790980207,55.20692302814879,23.08883597241322,68.75267672281502
15,1.1213259893991605,55.503097277826825,23.13890210279142,69.1215212684774
15,1.1217441878181142,55.80154453467281,23.18921424181434,69.49319653388353
15,1.1221623862370678,56.10229341139255,23.239774688875237,69.86773815224757
15,1.1225805846560213,56.405372926688614,23.290585765153402,70.2451822623972
15,1.1229987830749748,56.710812511676004,23.341649813846196,70.62556551676333
15,1.1234169814939283,57.01864201640872,23.392969200403854,71.00892508950825
15,1.1238351799128818,57.32889171651965,23.444546312767336,71.39529868479451
15,1.1242533783318354,57.64159231997385,23.4963835616083,71.78472454519527
15,1.1246715767507889,57.9567749739398,23.54848338057242,72.17724146025158
15,1.1250897751697424,58.27447127177897,23.60084822652521,72.57288877517682
15,1.125507973588696,58.59471326015627,23.653480579800544,72.97170639971188
15,1.1259261720076497,58.917533446275044,23.706382944452535,73.3737348171353
15,1.1263443704266032,59.24296480523637,23.759557848509793,73.77901509342828
15,1.1267625688455567,59.57104078752794,23.813007844232917,74.18758888660115
15,1.1271807672645102,59.901795326642215,23.866735508375008,74.59949845618054
15,1.1275989656834637,60.23526284682819,23.92074344244488,75.01478667286335
15,1.1280171641024173,60.571478270978204,23.975034272973677,75.43349702833858
15,1.1284353625213708,60.91047702865314,24.02961065178439,75.85567364528166
15,1.1288535609403243,61.252295064248045,24.08447525626459,76.28136128752358
15,1.1292717593592778,61.59696884530095,24.139630789642283,76.71060537039844
15,1.1296899577782313,61.9445353709473,24.19507998126487,77.14345197127224
15,1.130108156197185,62.29503218052376,24.250825586881575,77.57994784025776
15,1.1305263546161386,62.64849736232295,24.30687038892909,78.02014041111738
15,1.1309445530350921,63.00496956250291,24.363217196820344,78.46407781235865
15,1.1313627514540456,63.36448799415372,24.419868847236952,78.91180887852546
15,1.1317809498729992,63.72709244652435,24.476828204424937,79.36338316168883
15,1.1321991482919527,64.09282329441292,24.534098160493812,79.81885094314123
15,1.1326173467109062,64.46172150772318,24.591681635719258,80.27826324529784
15,1.1330355451298597,64.83382866119123,24.64958157884952,80.74167184380985
15,1.1334537435488132,65.20918694428418,24.707800967414933,81.20912927989195
15,1.1338719419677667,65.58783917127583,24.76634280804167,81.68068887287014
15,1.1342901403867205,65.96982879150151,24.825210136768675,82.15640473295268
15,1.134708338805674,66.35519989979458,24.88440601936839,82.63633177422751
15,1.1351265372246275,66.74399724711283,24.943933551671755,83.12052572789578
15,1.135544735643581,67.13626625135072,25.00379585989623,83.60904315573715
15,1.1359629340625346,67.53205300834838,25.06399610097842,84.10194146381995
15,1.136381132481488,67.93140430309668,25.124537462910144,84.59927891645552
15,1.1367993309004416,68.33436762114361,25.185423165078657,85.10111465040337
15,1.1372175293193951,68.74099116020584,25.246656458610822,85.60750868933175
15,1.1376357277383486,69.1513238419897,25.308240626721446,86.11852195853906
15,1.1380539261573022,69.56541532422477,25.370178985065706,86.63421629994012
15,1.138472124576256,69.98331601291468,25.432474882095526,87.15465448732269
15,1.1388903229952094,70.40507707480957,25.495131699420654,87.67990024188042
15,1.139308521414163,70.83075045010443,25.55815285217351,88.21001824802676
15,1.1397267198331165,71.26038886536699,25.621541789378654,88.74507416949496
15,1.14014491825207,71.69404584670058,25.685301994326593,89.2851346657305
15,1.1405631166710235,72.1317757331459,25.749436984952006,89.83026740858134
15,1.140981315089977,72.57363369032711,25.813950314216573,90.38054109929207
15,1.1413995135089305,73.01967572434525,25.878845570495983,90.93602548580643
15,1.141817711927884,73.4699586959268,25.94412637797219,91.49679138038726
15,1.1422359103468376,73.92454033482913,26.009796397029845,92.06291067755663
15,1.1426541087657913,74.38347925451023,26.075859324657543,92.63445637236495
15,1.1430723071847448,74.84683496706577,26.142318894853965,93.211502578993
15,1.1434905056036984,75.31466789844238,26.20917887903898,93.79412454969807
15,1.1439087040226519,75.78703940392808,26.27644308646945,94.38239869410508
15,1.1443269024416054,76.26401178392786,26.344115364660013,94.97640259885297
15,1.144745100860559,76.74564830002987,26.412199599809057,95.57621504760293
15,1.1451632992795124,77.23201319136864,26.480699717230014,96.18191604141654
15,1.145581497698466,77.72317169128763,26.549619681787036,96.79358681950673
15,1.1459996961174195,78.21919004431246,26.618963498336818,97.41130988037558
15,1.146417894536373,78.72013552343671,26.6887352121754,98.03516900334145
15,1.1468360929553267,79.22607644772779,26.758938909490062,98.66524927046468
15,1.1472542913742803,79.73708220025942,26.829578717816972,99.30163708888
15,1.1476724897932338,80.25322324637847,26.900658806504463,99.94442021354544
15,1.1480906882121873,80.77457115230945,26.972183387181552,100.5936877704117
15,1.1485088866311408,81.30119860410674,27.04415671423235,101.24953028002444
15,1.1489270850500943,81.83317942696,27.11658308527623,101.9120396815667
15,1.1493452834690479,82.37058860485897,27.189466841653562,102.58130935734852
15,1.1497634818880014,82.9135023006274,27.262812368917672,103.25743415775668
15,1.150181680306955,83.46199787633098,27.336624097332535,103.94051042666982
15,1.1505998787259086,84.01615391406762,27.410906502376513,104.63063602734994
15,1.1510180771448622,84.57605023714784,27.48566410525239,105.32791036881976
15,1.1514362755638157,85.14176793167384,27.560901473403135,106.03243443273635
15,1.1518544739827692,85.7133893685245,27.636623221034966,106.7443108007706
15,1.1522726724017227,86.29099822575253,27.712834009645345,107.46364368249967
15,1.1526908708206762,86.8746795114069,27.78953854855856,108.19053894382931
15,1.1531090692396297,87.46451958678406,27.86674159546735,108.92510413595006
15,1.1535272676585833,88.06060619012058,27.944447956981325,109.66744852484311
15,1.1539454660775368,88.6630284607325,28.022662489181815,110.41768312134268
15,1.1543636644964903,89.2718769636138,28.10139009818375,111.17592071176995
15,1.1547818629154438,89.88724371450135,28.18063574070439,111.94227588914812
15,1.1552000613343976,90.50922220541669,28.260404424638963,112.71686508501118
15,1.155618259753351,91.1379074306914,28.340701209643115,113.49980660181484
15,1.1560364581723046,91.77339591349343,28.421531207723206,114.29122064597163
15,1.1564546565912581,92.41578573285463,28.50289958383314,115.09122936150989
15,1.1568728550102116,93.06517655121687,28.58481155647866,115.89995686437865
16,1.1096988858259347,77.21130103742215,37.55942890816351,64.19995382955534
16,1.1099988260673113,77.64599066553629,37.615436522894356,64.56139125749854
16,1.1102987663086876,78.08352686187514,37.67168267291801,64.92519556109524
16,1.1105987065500642,78.52393560449124,37.72816897727351,65.29138834067788
16,1.1108986467914408,78.96724313616009,37.784897066537624,65.65999141669185
16,1.1111985870328172,79.41347596737432,37.841868582916995,66.03102683218499
16,1.1114985272741937,79.86266087937331,37.899085180340734,66.40451685532669
16,1.1117984675155703,80.31482492720905,37.956548524553725,66.78048398195715
16,1.1120984077569467,80.76999544285053,38.01426029321089,67.15895093816859
16,1.1123983479983233,81.2282000383282,38.0722221759725,67.5399406829198
16,1.1126982882396999,81.68946660891305,38.13043587459968,67.92347641067956
16,1.1129982284810762,82.15382333633767,38.18890310305112,68.3095815541048
16,1.1132981687224528,82.62129869205872,38.2476255875811,68.6982797867534
16,1.1135981089638294,83.09192144055416,38.306605066837186,69.08959502582576
16,1.1138980492052057,83.5657206426664,38.365843291959706,69.48355143494447
16,1.1141979894465823,84.04272565898636,38.4253420266822,69.88017342696821
16,1.114497929687959,84.52296615327488,38.48510304743162,70.2794856668366
16,1.1147978699293355,85.00647209593235,38.545128143430716,70.68151307445508
16,1.1150978101707119,85.4932737675072,38.605419116800434,71.08628082761221
16,1.1153977504120884,85.98340176225159,38.66597778266373,71.49381436493613
16,1.115697690653465,86.47688699171673,38.726805969249696,71.90413938888403
16,1.1159976308948414,86.97376068839665,38.78790551799923,72.31728186877193
16,1.116297571136218,87.47405440941733,38.84927828367124,72.73326804384205
16,1.1165975113775946,87.97780004026835,38.91092613444981,73.15212442636565
16,1.116897451618971,88.48502979858445,38.97285095205237,73.57387780478739
16,1.1171973918603475,88.99577623797416,39.035054631838676,73.99855524690867
16,1.117497332101724,89.51007225189376,39.09753908292112,74.42618410310888
16,1.1177972723431004,90.02795107757167,39.160306228275346,74.85679200960837
16,1.118097212584477,90.54944629998296,39.22335800485244,75.29040689177324
16,1.1183971528258536,91.07459185587058,39.28669636369192,75.72705696745894
16,1.11869709306723,91.60342203781867,39.35032327003522,76.1667707503971
16,1.1189970333086066,92.13597149837967,39.41424070344122,76.60957705362725
16,1.1192969735499831,92.67227525424775,39.47845065790165,77.05550499296686
16,1.1195969137913595,93.21236869048823,39.54295514195809,77.5045839905281
16,1.119896854032736,93.75628756482185,39.60775617882011,77.95684377828013
16,1.1201967942741127,94.30406801195883,39.67285580648421,78.41231440165276
16,1.120496734515489,94.85574654798926,39.73825607785342,78.87102622318707
16,1.1207966747568656,95.4113600748319,39.80395906085896,79.33300992623447
16,1.1210966149982422,95.97094588473396,39.86996683858186,79.7982965186981
16,1.1213965552396186,96.53454166483142,39.9362815093765,80.26691733682487
16,1.1216964954809951,97.10218550176731,40.002905186994695,80.7389040490453
16,1.1219964357223717,97.67391588636485,40.06984000071104,81.21428865985929
16,1.122296375963748,98.24977171836379,40.137088095449315,81.69310351377419
16,1.1225963162051247,98.82979231121608,40.2046516319104,82.1753812992924
16,1.1228962564465013,99.41401739694024,40.27253278670047,82.66115505294772
16,1.1231961966878776,100.00248713103869,40.34073375246105,83.15045816339395
16,1.1234961369292542,100.59524209748113,40.40925673800019,83.64332437554856
16,1.1237960771706308,101.19232331374454,40.47810396842431,84.13978779478337
16,1.1240960174120072,101.79377223592215,40.54727768527137,84.63988289117248
16,1.1243959576533837,102.39963076389859,40.61678014664568,85.14364450379544
16,1.1246958978947603,103.00994124658658,40.68661362735323,85.65110784509146
16,1.124995838136137,103.62474648723462,40.756780419038755,86.16230850527258
16,1.1252957783775133,104.24408974880052,40.827282830323654,86.67728245679174
16,1.1255957186188899,104.86801475939608,40.89812318694535,87.19606605886996
16,1.1258956588602664,105.49656571779681,40.96930383189757,87.71869606207754
16,1.1261955991016428,106.12978729902777,41.040827125572335,88.24520961297863
16,1.1264955393430194,106.76772466001927,41.1126954459029,88.77564425883381
16,1.126795479584396,107.4104234453329,41.18491118850797,89.31003795236124
16,1.1270954198257723,108.05792979296348,41.2574767668371,89.84842905656086
16,1.127395360067149,108.71029034021872,41.33039461231806,90.39085634960325
16,1.1276953003085255,109.36755222966622,41.40366717450426,90.93735902977444
16,1.1279952405499019,110.02976311516599,41.4772969212246,91.48797672049187
16,1.1282951807912784,110.69697116797747,41.55128633873438,92.04274947538231
16,1.128595121032655,111.36922508294245,41.625637931867054,92.60171778342274
16,1.1288950612740314,112.04657408475333,41.70035422418791,93.16492257415251
16,1.129195001515408,112.7290679343006,41.77543775814908,93.73240522295096
16,1.1294949417567846,113.41675693509933,41.85089109524547,94.30420755638104
16,1.129794881998161,114.10969193980335,41.92671681617232,94.88037185760581
16,1.1300948222395375,114.8079243568046,42.00291752098486,95.46094087187554
16,1.130394762480914,115.51150615691151,42.07949582925777,96.04595781208079
16,1.1306947027222904,116.22048988012256,42.15645438024798,96.63546636438448
16,1.130994642963667,116.93492864248418,42.233795833057464,97.22951069392414
16,1.1312945832050436,117.65487614303606,42.3115228667982,97.8281354505868
16,1.13159452344642,118.38038667084957,42.38963818075811,98.43138577486134
16,1.1318944636877966,119.1115151121616,42.468144494569614,99.03930730377013
16,1.1321944039291731,119.84831695759206,42.54704454837784,99.65194617687034
16,1.1324943441705495,120.59084830946516,42.62634110301231,100.26934904234136
16,1.132794284411926,121.33916588922268,42.70603694015861,100.89156306314892
16,1.1330942246533027,122.09332704493318,42.78613486253262,101.51863592328881
16,1.133394164894679,122.85338975890139,42.86663769405568,102.15061583411398
16,1.1336941051360556,123.61941265537885,42.94754828003159,102.78755154074584
16,1.1339940453774322,124.39145500837279,43.02886948732563,103.42949232856715
16,1.1342939856188088,125.1695767495593,43.11060420454413,104.07648802980182
16,1.1345939258601851,125.9538384762993,43.192755342216316,104.72858903017989
16,1.1348938661015617,126.74430145976655,43.27532583297868,105.38584627569598
16,1.1351938063429383,127.54102765317118,43.35831863175891,106.04831127944698
16,1.1354937465843147,128.34407970010062,43.44173671596299,106.71603612856734
16,1.1357936868256913,129.15352094297202,43.52558308566435,107.38907349125724
16,1.1360936270670678,129.96941543158687,43.609860763793165,108.06747662389547
16,1.1363935673084442,130.79182793180868,43.69457279632859,108.75129937825496
16,1.1366935075498208,131.62082393435185,43.77972225249253,109.4405962088104
16,1.1369934477911974,132.4564696636842,43.865312224944674,110.1354221801407
16,1.1372933880325737,133.29883208705323,43.95134582997996,110.83583297443404
16,1.1375933282739503,134.14797892362952,44.03782620772738,111.54188489909063
16,1.137893268515327,135.00397865376863,44.1247565223504,112.25363489442367
16,1.1381932087567033,135.86690052840243,44.21213996225008,112.97114054146816
16,1.1384931489980799,136.73681457855307,44.29997974026931,113.69446006989165
16,1.1387930892394564,137.61379162496922,44.388279093898475,114.42365236600655
16,1.1390930294808328,138.49790328789857,44.47704128548457,115.15877698089584
16,1.1393929697222094,139.38922199698652,44.566269602440464,115.89989413864366
