subject,lambda_theta,Pi_kPa,Pi_mmHg
1,1.0,1.5821545414909994,11.867139996998219
1,1.0009045226130653,1.6199505723065606,12.150633661654034
1,1.0018090452261306,1.6578015424485903,12.434539405320745
1,1.002713567839196,1.6957098281905798,12.718875051522826
1,1.0036180904522614,1.7336778409134117,13.003658687111953
1,1.0045226130653266,1.7717080283514037,13.288908671613106
1,1.005427135678392,1.8098028758675477,13.574643646789646
1,1.0063316582914572,1.8479649077590157,13.860882546435427
1,1.0072361809045227,1.8861966885940253,14.147644606402118
1,1.008140703517588,1.9245008245811046,14.434949374869523
1,1.0090452261306533,1.9628799649719555,14.722816722867949
1,1.0099497487437186,2.0013368034989814,15.011266855060528
1,1.0108542713567839,2.0398740798487545,15.300320320795164
1,1.0117587939698491,2.078494581172648,15.589998025435186
1,1.0126633165829146,2.1172011436358895,15.880321241978224
1,1.01356783919598,2.1559966540063376,16.171311622973015
1,1.0144723618090452,2.194884051284453,16.462991212745195
1,1.0153768844221105,2.2338663283757296,16.755382459941565
1,1.0162814070351758,2.272946533807095,17.048508230404174
1,1.0171859296482413,2.312127773488836,17.34239182038583
1,1.0180904522613066,2.351413212523486,17.637056970117907
1,1.0189949748743719,2.390806077063421,17.932527877743436
1,1.0198994974874371,2.4303096562186646,18.228829213626838
1,1.0208040201005024,2.469927304016734,18.525986135053998
1,1.021708542713568,2.509662441416242,18.82402430133549
1,1.0226130653266332,2.54951855837603,19.122969889326416
1,1.0235175879396985,2.589499215981913,19.422849609378254
1,1.0244221105527638,2.6296080486327273,19.723690721735608
1,1.025326633165829,2.6698487662879202,20.0255210533945
1,1.0262311557788946,2.710225156778645,20.32836901543704
1,1.0271356783919598,2.750741088184552,20.632263620858815
1,1.0280402010050251,2.791400511278625,20.93723450290668
1,1.0289447236180904,2.8322074620421414,21.243311933942525
1,1.0298492462311557,2.8731660642523953,21.5505268448528
1,1.030753768844221,2.9142805321455167,21.858910845021306
1,1.0316582914572865,2.9555551731569953,22.16849624288482
1,1.0325628140703518,2.9969943907425387,22.4793160670913
1,1.033467336683417,3.038602687282111,22.791404088281944
1,1.0343718592964823,3.080384667069858,23.104794841517517
1,1.0352763819095476,3.1223450393929486,23.419523649371538
1,1.0361809045226131,3.164488621702398,23.735626645713438
1,1.0370854271356784,3.2068203428789572,24.053140800204762
1,1.0379899497487437,3.2493452465974686,24.372103943533904
1,1.038894472361809,3.2920684947929346,24.69255479341378
1,1.0397989949748743,3.334995371231927,25.014532981369616
1,1.0407035175879398,3.3781312851929193,25.338079080343714
1,1.041608040201005,3.4214817752592923,25.66323463314535
1,1.0425125628140703,3.4650525132291,25.990042181776452
1,1.0434170854271356,3.508849308145337,26.318545297661075
1,1.044321608040201,3.552878110451204,26.648788612812506
1,1.0452261306532664,3.5971450162745744,26.980817851969398
1,1.0461306532663317,3.641656271846164,27.314679865734774
1,1.047035175879397,3.686418278056231,27.650422664754128
1,1.0479396984924623,3.7314375951544707,27.988095454967524
1,1.0488442211055276,3.776720947598261,28.327748673974465
1,1.049748743718593,3.8222752290544793,28.669434028550608
1,1.0506532663316583,3.868107507560189,29.013204533356106
1,1.0515577889447236,3.9142250308480406,29.35911455087943
1,1.052462311557789,3.9606352318419558,29.70721983265841
1,1.0533668341708542,4.007345734329301,30.057577561825042
1,1.0542713567839195,4.054364358815839,30.410246397021258
1,1.055175879396985,4.10169912856986,30.76528651773366
1,1.0560804020100503,4.149358275862315,31.122759671098393
1,1.0569849246231156,4.197350248410045,31.48272922022935
1,1.0578894472361808,4.245683716029222,31.845260194123103
1,1.0587939698492461,4.294367577506697,32.21041933919828
1,1.0596984924623116,4.343410967697049,32.57827517252784
1,1.060603015075377,4.392823264853488,32.94889803682537
1,1.0615075376884422,4.442614098201134,33.32236015724939
1,1.0624120603015075,4.492793355761365,33.69873570009081
1,1.0633165829145728,4.543371192436415,34.07810083341242
1,1.0642211055276383,4.594358038363788,34.460533789712194
1,1.0651256281407036,4.6457646075501335,34.84611493068268
1,1.0660301507537688,4.697601906795091,35.234926814145396
1,1.0669346733668341,4.749881244915517,35.62705426323823
1,1.0678391959798994,4.802614242281248,36.02258443793957
1,1.0687437185929647,4.8558128406738925,36.42160690901541
1,1.0696482412060302,4.909489313480583,36.824213734478725
1,1.0705527638190955,4.963656276235018,37.2304995386539
1,1.0714572864321608,5.018326697518916,37.64056159394433
1,1.072361809045226,5.073513910237002,38.05449990540186
1,1.0732663316582913,5.129231623279751,38.47241729820457
1,1.0741708542713568,5.185493933588146,38.894419508149916
1,1.0750753768844221,5.242315338635736,39.32061527527797
1,1.0759798994974874,5.29971074934364,39.75111644074189
1,1.0768844221105527,5.357695503444655,40.18603804704705
1,1.077788944723618,5.416285379313709,40.62549844178799
1,1.0786934673366835,5.475496610282069,41.069619385013894
1,1.0795979899497488,5.535345899453842,41.51852616036147
1,1.080502512562814,5.595850435043878,41.97234769009881
1,1.0814070351758793,5.657027906256883,42.4312166542285
1,1.0823115577889446,5.71889651972853,42.89526961380621
1,1.0832160804020101,5.781475016550147,43.364647138636364
1,1.0841206030150754,5.844782689899294,43.83949393951244
1,1.0850251256281407,5.9088394032998295,44.31995900517877
1,1.085929648241206,5.973665609535545,44.8061957441945
1,1.0868341708542713,6.039282370242846,45.2983621318909
1,1.0877386934673368,6.1057113762088635,45.796620862619726
1,1.088643216080402,6.172974968402308,46.301139507497716
1,1.0895477386934673,6.241096159766091,46.81209067786473
1,1.0904522613065326,6.310098657800908,47.329652194674644
1,1.091356783919598,6.380006887971522,47.85400726405695
1,1.0922613065326634,6.450846017967545,48.385344659287725
1,1.0931658291457287,6.522641982852812,48.923858909425455
1,1.094070351758794,6.5954215111384284,49.469750494875115
1,1.0949748743718593,6.669212151815913,50.02322605015347
1,1.0958793969849245,6.74404230238895,50.584498574144604
1,1.0967839195979898,6.819941237943254,51.15378764814192
1,1.0976884422110553,6.896939141296327,51.73131966199006
1,1.0985929648241206,6.975067134270112,52.31732804864908
1,1.099497487437186,7.054357310131978,52.91205352752212
1,1.1004020100502512,7.134842767250814,53.515744356896796
1,1.1013065326633165,7.216557644017439,54.12865659587008
1,1.102211055276382,7.299537155080664,54.75105437614113
1,1.1031155778894473,7.38381762895215,55.383210184071075
1,1.1040201005025125,7.469436547036147,56.02540515343026
1,1.1049246231155778,7.556432584141909,56.67792936926649
1,1.105829145728643,7.64484565053975,57.34108218335146
1,1.1067336683417084,7.734716935624034,58.015172541680336
1,1.107638190954774,7.826088953249122,58.700519324519426
1,1.1085427135678392,7.9190055888073045,59.39745169951984
1,1.1094472361809045,8.013512148121052,60.10630948843972
1,1.1103517587939697,8.109655408224432,60.827443548036335
1,1.111256281407035,8.207483670112488,61.561216165719124
1,1.1121608040201005,8.307046813540692,62.30800147057958
1,1.1130653266331658,8.408396353959905,63.06818586043874
1,1.113969849246231,8.511585501676828,63.84216844558725
1,1.1148743718592964,8.616669223332993,64.63036150991591
1,1.1157788944723617,8.723704305800288,65.43319099017175
1,1.1166834170854272,8.832749422595107,66.25109697410531
1,1.1175879396984925,8.943865202917742,67.08453421830887
1,1.1184924623115577,9.057114303428765,67.93397268658386
1,1.119396984924623,9.17256148287867,68.7998981097094
1,1.1203015075376883,9.290273679712822,69.68281256752758
1,1.1212060301507538,9.410320092779342,70.58323509430258
1,1.122110552763819,9.532772265272564,71.5017023083487
1,1.1230150753768844,9.657704172052311,72.438769066979
1,1.1239195979899497,9.78519231048362,73.39500914785964
1,1.124824120603015,9.915315794950427,74.37101595792107
1,1.1257286432160805,10.048156455201765,75.36740327101546
1,1.1266331658291457,10.183798938697766,76.38480599557523
1,1.127537688442211,10.322330817130185,77.42388097358301
1,1.1284422110552763,10.46384269729942,78.48530781221797
1,1.1293467336683416,10.60842833654004,79.56978974961895
1,1.130251256281407,10.756184762894174,80.6780545562593
1,1.1311557788944724,10.90721240024269,81.81085547350833
1,1.1320603015075377,11.061615198613476,82.9689721910242
1,1.132964824120603,11.21950076989601,84.15321186469741
1,1.1338693467336682,11.38098052920317,85.36441017695188
1,1.1347738693467337,11.546169842131873,86.60343244129116
1,1.135678391959799,11.715188178186065,87.87117475306596
1,1.1365829145728643,11.88815927063925,89.16856518854216
1,1.1374874371859296,12.06521128312484,90.49656505443184
1,1.1383919597989949,12.246476983258614,91.85617019016922
1,1.1392964824120602,12.432093923610713,93.24841232531298
1,1.1402010050251257,12.62220463036048,94.67436049457442
1,1.141105527638191,12.81695679998286,96.13512251308744
1,1.1420100502512562,13.01650350433363,97.6318465146749
1,1.1429145728643215,13.221003404515466,99.16572255597679
1,1.1438190954773868,13.430620973928942,100.7379842894709
1,1.144723618090452,13.645526730929163,102.3499107085419
1,1.1456281407035176,13.8658974815316,104.00282796792555
1,1.1465326633165829,14.091916572630595,105.6981112830045
1,1.1474371859296482,14.323774156218244,107.43718691161368
1,1.1483417085427134,14.56166746511419,109.2215342221848
1,1.1492462311557787,14.805801100742412,111.05268785225054
1,1.1501507537688442,15.056387333518236,112.93223996153354
1,1.1510552763819095,15.313646416435322,114.8618425840431
1,1.1519597989949748,15.577806912473768,116.843210083839
1,1.15286432160804,15.84910603647874,118.87812171933317
1,1.1537688442211054,16.127790012193973,120.96842432126235
1,1.1546733668341709,16.414114445167336,123.11603508971102
1,1.1555778894472362,16.708344712281786,125.322944515835
1,1.1564824120603014,17.010756368704385,127.59121943423148
1,1.1573869346733667,17.321635573083086,129.92300621217845
1,1.158291457286432,17.64127953186626,132.3205340823067
1,1.1591959798994975,17.96999696366296,134.78611862558967
1,1.1601005025125628,18.308108584606824,137.32216541187364
1,1.161005025125628,18.65594761574023,139.93117380557348
1,1.1619095477386934,19.013860313481654,142.61574094450677
1,1.1628140703517587,19.38220652429824,145.37856590028187
1,1.1637185929648242,19.761360264761155,148.2224540290728
1,1.1646231155778894,20.151710328221597,151.15032152206547
1,1.1655276381909547,20.553660919411904,154.1652001653593
1,1.16643216080402,20.96763231833991,157.27024231958669
1,1.1673366834170853,21.394061574919036,160.4687261300692
1,1.1682412060301508,21.83340323585082,163.76406097888736
1,1.169145728643216,22.286130105354065,167.1597931908208
1,1.1700502512562814,22.75273404142229,170.65961200577286
1,1.1709547738693467,23.233726789373836,174.26735583091317
1,1.171859296482412,23.729640854557655,177.98701878651224
1,1.1727638190954774,24.241030416171586,181.8227575601449
1,1.1736683417085427,24.76847228425573,185.7788985847342
1,1.174572864321608,25.312566902033986,189.85994555673415
1,1.1754773869346733,25.87393939588837,194.0705873115882
1,1.1763819095477386,26.453240675376804,198.41570607454474
1,1.1772864321608039,27.05114858583242,202.90038610586635
1,1.1781909547738694,27.668369116217434,207.5299227604828
1,1.1790954773869347,28.305637665049332,212.3098319832223
1,1.18,28.96372036737082,217.2458602619089
2,1.0,3.078656697450568,23.091833998031678
2,1.0009045226130653,3.1016016274868647,23.263935199160525
2,1.0018090452261306,3.1245747198455356,23.43624763516782
2,1.002713567839196,3.147577264407996,23.608780980963903
2,1.0036180904522614,3.17061056756869,23.781545035317066
2,1.0045226130653266,3.1936759529003957,23.954549725843766
2,1.005427135678392,3.2167747618344933,24.127805114111037
2,1.0063316582914572,3.2399083543568876,24.301321400856356
2,1.0072361809045227,3.2630781097201034,24.4751089313288
2,1.008140703517588,3.2862854271722095,24.649178200756417
2,1.0090452261306533,3.309531726703201,24.82353985994456
2,1.0099497487437186,3.332818449809451,24.998204721009763
2,1.0108542713567839,3.35614706027696,25.17318376325457
2,1.0117587939698491,3.379519044984063,25.348488139188362
2,1.0126633165829146,3.4029359147243263,25.524129180699575
2,1.01356783919598,3.4263992050503664,25.700118405384877
2,1.0144723618090452,3.4499104771393885,25.87646752304124
2,1.0153768844221105,3.4734713186811983,26.05318844232657
2,1.0162814070351758,3.4970833447895115,26.230293277595106
2,1.0171859296482413,3.5207481989374485,26.407794355914202
2,1.0180904522613066,3.5444675539180253,26.585704224268618
2,1.0189949748743719,3.5682431128306282,26.764035656959667
2,1.0198994974874371,3.592076610094322,26.942801663205675
2,1.0208040201005024,3.6159698124890207,27.1220154949514
2,1.021708542713568,3.639924520225517,27.301690654893918
2,1.0226130653266332,3.663942568045352,27.481840904732326
2,1.0235175879396985,3.688025826351715,27.6624802736502
2,1.0244221105527638,3.712176202372351,27.843623067038102
2,1.025326633165829,3.736395641355731,28.02528387546562
2,1.0262311557788946,3.7606861278016193,28.20747758391138
2,1.0271356783919598,3.78504968672727,28.390219381260295
2,1.0280402010050251,3.809488384970627,28.573524770078382
2,1.0289447236180904,3.834004332531677,28.757409576673744
2,1.0298492462311557,3.8585996839535075,28.941889961455356
2,1.030753768844221,3.883276639744368,29.1269824295994
2,1.0316582914572865,3.9080374478422715,29.312703842034697
2,1.0325628140703518,3.9328844051236147,29.499071426758285
2,1.033467336683417,3.95781985895749,29.686102790493724
2,1.0343718592964823,3.982846208807204,29.873815930703486
2,1.0352763819095476,4.007965907880799,30.06222924796888
2,1.0361809045226131,4.033181464832327,30.25136155875065
2,1.0370854271356784,4.058495445515634,30.441232108543474
2,1.0379899497487437,4.083910474792692,30.631860585439558
2,1.038894472361809,4.109429238398294,30.823267134115014
2,1.0397989949748743,4.135054484863259,31.015472370255058
2,1.0407035175879398,4.160789027498223,31.208497395433717
2,1.041608040201005,4.186635746440196,31.40236381246426
2,1.0425125628140703,4.21259759076426,31.597093741238226
2,1.0434170854271356,4.238677580662631,31.79270983506974
2,1.044321608040201,4.2648788096936645,31.98923529756449
2,1.0452261306532664,4.291204447103308,32.18669390003201
2,1.0461306532663317,4.317657740221604,32.385109999460965
2,1.047035175879397,4.344242016937138,32.58450855707903
2,1.0479396984924623,4.370960688252088,32.784915157517375
2,1.0488442211055276,4.397817250921002,32.98635602860308
2,1.049748743718593,4.424815290176319,33.1888580618023
2,1.0506532663316583,4.4519584825438,33.392448833337674
2,1.0515577889447236,4.479250598751304,33.597156626006004
2,1.052462311557789,4.506695506734225,33.80301045172086
2,1.0533668341708542,4.534297174741262,34.010040074807804
2,1.0542713567839195,4.562059674544253,34.21827603608011
2,1.055175879396985,4.589987184755911,34.42774967772388
2,1.0560804020100503,4.61808399425947,34.63849316902246
2,1.0569849246231156,4.646354505754549,34.85053953295268
2,1.0578894472361808,4.674803239423412,35.063922673684026
2,1.0587939698492461,4.70343483672229,35.27867740501594
2,1.0596984924623116,4.732254064302393,35.494839479787814
2,1.060603015075377,4.7612658180655165,35.712445620298574
2,1.0615075376884422,4.790475127359394,35.931533549774414
2,1.0624120603015075,4.819887159317971,36.152142024923556
2,1.0633165829145728,4.849507223352212,36.37431086962007
2,1.0642211055276383,4.87934077579712,36.59808100975939
2,1.0651256281407036,4.909393424720878,36.823494509329905
2,1.0660301507537688,4.9396709349024555,37.05059460774805
2,1.0669346733668341,4.970179232983967,37.2794257585042
2,1.0678391959798994,5.0009244128046015,37.51003366917045
2,1.0687437185929647,5.031912740923054,37.74246534282227
2,1.0696482412060302,5.0631506623357785,37.976769120928985
2,1.0705527638190955,5.094644806398569,38.212994727769235
2,1.0714572864321608,5.126401992959462,38.4511933164316
2,1.072361809045226,5.158429238711023,38.691417516460675
2,1.0732663316582913,5.1907337637706865,38.93372148321369
2,1.0741708542713568,5.223322998497964,39.1781609489938
2,1.0750753768844221,5.256204590557843,39.424793276029966
2,1.0759798994974874,5.289386412240041,39.67367751137589
2,1.0768844221105527,5.322876568044087,39.92487444380284
2,1.077788944723618,5.356683402540832,40.178446662765815
2,1.0786934673366835,5.390815508521201,40.43445861952429
2,1.0795979899497488,5.425281735443601,40.69297669050298
2,1.080502512562814,5.460091198191905,40.954069242982165
2,1.0814070351758793,5.4952532861562435,41.21780670320924
2,1.0823115577889446,5.530777672649589,41.48426162702896
2,1.0832160804020101,5.566674324673512,41.75350877313264
2,1.0841206030150754,5.602953513047095,42.0256251790313
2,1.0850251256281407,5.639625822913674,42.30069023986276
2,1.085929648241206,5.67670216464053,42.57878579014605
2,1.0868341708542713,5.714193785127458,42.859996188602715
2,1.0877386934673368,5.752112279540756,43.144408406168985
2,1.088643216080402,5.790469603489863,43.43211211732814
2,1.0895477386934673,5.8292780856647965,43.72319979489908
2,1.0904522613065326,5.868550440952931,44.01776680842037
2,1.091356783919598,5.908299784054987,44.31591152627851
2,1.0922613065326634,5.948539643620499,44.61773542173279
2,1.0931658291457287,5.989283976924183,44.92334318299706
2,1.094070351758794,6.030547185105565,45.2328428275465
2,1.0949748743718593,6.072344128994942,45.54634582082204
2,1.0958793969849245,6.11469014555012,45.86396719951614
2,1.0967839195979898,6.157601064929224,46.18582569962943
2,1.0976884422110553,6.201093228226021,46.51204388949666
2,1.0985929648241206,6.245183505895389,46.84274830798907
2,1.099497487437186,6.2898893168979075,47.17806960811078
2,1.1004020100502512,6.335228648593532,47.51814270621361
2,1.1013065326633165,6.381220077415969,47.86310693706776
2,1.102211055276382,6.427882790360632,48.21310621503476
2,1.1031155778894473,6.475236607320466,48.56828920160003
2,1.1040201005025125,6.52330200430568,48.92880947953527
2,1.1049246231155778,6.572100137584768,49.29482573397106
2,1.105829145728643,6.621652868786126,49.666501940674586
2,1.1067336683417084,6.67198279100124,50.04400756183972
2,1.107638190954774,6.723113255932261,50.42751774971063
2,1.1085427135678392,6.7750684021287215,50.81721355837473
2,1.1094472361809045,6.8278731843604055,51.21328216407734
2,1.1103517587939697,6.881553404175059,51.61591709442353
2,1.111256281407035,6.936135741692346,52.02531846685244
2,1.1121608040201005,6.991647788687615,52.4416932367861
2,1.1130653266331658,7.048118083021264,52.86525545587095
2,1.113969849246231,7.105576144472657,53.296226540754496
2,1.1148743718592964,7.164052512039549,53.73483555285408
2,1.1157788944723617,7.223578782767381,54.181319489600675
2,1.1166834170854272,7.284187652175483,54.635923587660464
2,1.1175879396984925,7.345912956350379,55.09890163866078
2,1.1184924623115577,7.408789715779895,55.570516317972995
2,1.119396984924623,7.472854181004786,56.05103952712812
2,1.1203015075376883,7.538143880168551,56.540752750469835
2,1.1212060301507538,7.604697668549882,57.039947426678616
2,1.122110552763819,7.672555780165786,57.54892533582709
2,1.1230150753768844,7.7417598815382895,58.067999002663726
2,1.1239195979899497,7.812353127721084,58.59749211684731
2,1.124824120603015,7.884380220688007,59.137739970896874
2,1.1257286432160805,7.957887470189354,59.68908991665167
2,1.1266331658291457,8.032922857187462,60.25190184107741
2,1.127537688442211,8.109536099988373,60.82654866229479
2,1.1284422110552763,8.187778723191501,61.41341684674463
2,1.1293467336683416,8.267704129585765,62.012906948453576
2,1.130251256281407,8.349367675126253,62.62543417140547
2,1.1311557788944724,8.432826747132262,63.25142895607519
2,1.1320603015075377,8.518140845854381,63.891337591232286
2,1.132964824120603,8.605371669565146,64.54562285217372
2,1.1338693467336682,8.694583203335679,65.21476466660366
2,1.1347738693467337,8.785841811668451,65.89926080943661
2,1.135678391959799,8.879216335164427,66.599627627861
2,1.1365829145728643,8.974778191412256,67.31640079807059
2,1.1374874371859296,9.072601480295305,68.05013611513256
2,1.1383919597989949,9.172763093923034,68.80141031754098
2,1.1392964824120602,9.275342831402677,69.57082194807555
2,1.1402010050251257,9.380423518678295,70.3589922526688
2,1.141105527638191,9.488091133675024,71.16656611906555
2,1.1420100502512562,9.598434936999034,71.99421305715369
2,1.1429145728643215,9.711547608454948,72.84262822292935
2,1.1438190954773868,9.827525389656747,73.71253348816718
2,1.144723618090452,9.946468233021104,74.60467855796276
2,1.1456281407035176,10.06847995744725,75.51984213842799
2,1.1465326633165829,10.193668411002111,76.45883315693065
2,1.1474371859296482,10.322145640946232,77.42249203739412
2,1.1483417085427134,10.45402807145229,78.41169203329648
2,1.1492462311557787,10.589436689386249,79.42734062114428
2,1.1501507537688442,10.728497238539791,80.47038095733633
2,1.1510552763819095,10.871340422722483,81.5417934014807
2,1.1519597989949748,11.018102118143364,82.64259710938848
2,1.15286432160804,11.168923595532537,83.77385169912326
2,1.1537688442211054,11.323951752477793,84.93665899366998
2,1.1546733668341709,11.48333935647491,86.13216484396284
2,1.1555778894472362,11.647245299215632,87.36156103620274
2,1.1564824120603014,11.815834862665987,88.62608728760975
2,1.1573869346733667,11.989279997513824,89.92703333495214
2,1.158291457286432,12.16775961459664,91.26574112043585
2,1.1591959798994975,12.351459889951487,92.64360707976792
2,1.1601005025125628,12.54057458416203,94.06208453745741
2,1.161005025125628,12.735305376714427,95.52268621469176
2,1.1619095477386934,12.935862216108907,97.02698685539079
2,1.1628140703517587,13.142463686515297,98.57662597635037
2,1.1637185929648242,13.355337391800745,100.1733107476885
2,1.1646231155778894,13.574720357802251,101.81881901013871
2,1.1655276381909547,13.800859453763085,103.51500243608446
2,1.16643216080402,14.034011833899891,105.26378984158619
2,1.1673366834170853,14.274445400119747,107.06719065704617
2,1.1682412060301508,14.522439286960477,108.92729856456148
2,1.169145728643216,14.778284369884073,110.84629531043987
2,1.1700502512562814,15.042283798115607,112.82645470182187
2,1.1709547738693467,15.314753553281143,114.8701467968116
2,1.171859296482412,15.596023035168468,116.97984229804531
2,1.1727638190954774,15.886435676004101,119.15811716014987
2,1.1736683417085427,16.186349584715774,121.40765742211083
2,1.174572864321608,16.496138222730522,123.731264276177
2,1.1754773869346733,16.816191112940203,126.13185938554153
2,1.1763819095477386,17.146914583557745,128.6124904637249
2,1.1772864321608039,17.488732548680368,131.17633712928293
2,1.1781909547738694,17.842087327475344,133.82671705020812
2,1.1790954773869347,18.207440504009263,136.56709239318195
2,1.18,18.585273829854014,139.40107659367962
3,1.0,3.3212744970076966,24.91161791774587
3,1.0009045226130653,3.3527692810762777,25.14784832502635
3,1.0018090452261306,3.3842921454956683,25.384289352347718
3,1.002713567839196,3.4158439732201913,25.62094762241483
3,1.0036180904522614,3.4474256588201166,25.857829845059342
3,1.0045226130653266,3.479038108825356,26.09494281981764
3,1.005427135678392,3.510682242076369,26.332293438562854
3,1.0063316582914572,3.5423589900825987,26.56988868819334
3,1.0072361809045227,3.5740692973886588,26.80773565337932
3,1.008140703517588,3.605814121948456,27.045841519369027
3,1.0090452261306533,3.6375944355076197,27.284213574857162
3,1.0099497487437186,3.6694112239943504,27.522859214916505
3,1.0108542713567839,3.701265487919072,27.761785943995548
3,1.0117587939698491,3.733158242783096,28.001001378983744
3,1.0126633165829146,3.7650905194966016,28.2405132523466
3,1.01356783919598,3.7970633648061995,28.480329415332676
3,1.0144723618090452,3.8290778417324534,28.72045784125527
3,1.0153768844221105,3.8611350300175484,28.96090662885022
3,1.0162814070351758,3.893236026583521,29.201684005712888
3,1.0171859296482413,3.9253819460013335,29.44279833181652
3,1.0180904522613066,3.9575739209711225,29.68425810311442
3,1.0189949748743719,3.9898131028140376,29.926071955229023
3,1.0198994974874371,4.022100661975925,30.16824866722986
3,1.0208040201005024,4.054437788543301,30.410797165503652
3,1.021708542713568,4.086825692771976,30.653726527719336
3,1.0226130653266332,4.119265605628679,30.897045986890582
3,1.0235175879396985,4.151758779346213,31.140764935539792
3,1.0244221105527638,4.1843064879923935,31.384892929965506
3,1.025326633165829,4.216910028053313,31.62943969461724
3,1.0262311557788946,4.249570719031364,31.874415126581024
3,1.0271356783919598,4.282289904058397,32.11982930017849
3,1.0280402010050251,4.315068950524664,32.365692471684305
3,1.0289447236180904,4.347909250723816,32.61201508416407
3,1.0298492462311557,4.380812222514622,32.85880777243763
3,1.030753768844221,4.413779309999887,33.10608136817135
3,1.0316582914572865,4.446811984223067,33.35384690510322
3,1.0325628140703518,4.4799117438831635,33.60211562440493
3,1.033467336683417,4.513080116068548,33.850898980186074
3,1.0343718592964823,4.54631865701015,34.10020864514347
3,1.0352763819095476,4.579628952854764,34.3500565163615
3,1.0361809045226131,4.61301262045903,34.60045472126741
3,1.0370854271356784,4.646471308204768,34.851415623746846
3,1.0379899497487437,4.6800066968363785,35.10295183042488
3,1.038894472361809,4.713620500320909,35.355076197117015
3,1.0397989949748743,4.74731446673161,35.60780183545645
3,1.0407035175879398,4.7810903791556765,35.86114211970265
3,1.041608040201005,4.814950056626919,36.115110693736995
3,1.0425125628140703,4.848895355084278,36.36972147825224
3,1.0434170854271356,4.882928168356845,36.62498867814072
3,1.044321608040201,4.917050429176356,36.88092679008876
3,1.0452261306532664,4.951264110218012,37.13755061038342
3,1.0461306532663317,4.985571225170488,37.39487524293826
3,1.047035175879397,5.019973829836195,37.652916107545956
3,1.0479396984924623,5.054474023262617,37.911688948364045
3,1.0488442211055276,5.089073948905832,38.171209842642064
3,1.049748743718593,5.123775795827255,38.43149520969782
3,1.0506532663316583,5.158581799924601,38.69256182015046
3,1.0515577889447236,5.193494245198348,38.95442680541963
3,1.052462311557789,5.228515465054657,39.21710766749826
3,1.0533668341708542,5.263647843646093,39.48062228900876
3,1.0542713567839195,5.298893817251331,39.744988943551675
3,1.055175879396985,5.3342558756951375,40.01022630635646
3,1.0560804020100503,5.369736563809921,40.276353465243965
3,1.0569849246231156,5.405338482940324,40.54338993191185
3,1.0578894472361808,5.4410642924921655,40.81135565355258
3,1.0587939698492461,5.476916711527248,41.0802710248155
3,1.0596984924623116,5.5128985204056065,41.350156900124695
3,1.060603015075377,5.549012562476701,41.62103460636399
3,1.0615075376884422,5.585261745821262,41.89292595594187
3,1.0624120603015075,5.62164904504542,42.16585326024858
3,1.0633165829145728,5.658177503128932,42.439839343518926
3,1.0642211055276383,5.694850233329293,42.714907557114365
3,1.0651256281407036,5.731670421143622,42.99108179423827
3,1.0660301507537688,5.768641326330306,43.26838650509961
3,1.0669346733668341,5.805766284992418,43.54684671253983
3,1.0678391959798994,5.8430487117249585,43.826488028138456
3,1.0687437185929647,5.880492101828186,44.107336668814526
3,1.0696482412060302,5.918100033589249,44.38941947394019
3,1.0705527638190955,5.955876170634407,44.67276392298384
3,1.0714572864321608,5.993824264354432,44.95739815370214
3,1.072361809045226,6.031948156405498,45.24335098089821
3,1.0732663316582913,6.070251781288327,45.53065191576685
3,1.0741708542713568,6.108739169008236,45.81933118584655
3,1.0750753768844221,6.1474144478188695,46.10941975559917
3,1.0759798994974874,6.186281847052651,46.40094934764006
3,1.0768844221105527,6.225345700040789,46.69395246463994
3,1.077788944723618,6.264610447126145,46.98846241192331
3,1.0786934673366835,6.304080638772133,47.284513320787035
3,1.0795979899497488,6.343760938771003,47.58214017256456
3,1.080502512562814,6.383656127555153,47.88137882346273
3,1.0814070351758793,6.423771105614925,48.18226603019742
3,1.0823115577889446,6.464110897026775,48.48483947645697
3,1.0832160804020101,6.504680653095743,48.78913780022299
3,1.0841206030150754,6.545485656116189,49.09520062197821
3,1.0850251256281407,6.586531323255221,49.403068573834574
3,1.085929648241206,6.6278232105629575,49.712783329612726
3,1.0868341708542713,6.669367017114392,50.024387635908546
3,1.0877386934673368,6.711168589287476,50.33792534418143
3,1.088643216080402,6.7532339251823394,50.65344144390116
3,1.0895477386934673,6.795569179186923,50.970982096793016
3,1.0904522613065326,6.838180666694023,51.29059467221852
3,1.091356783919598,6.8810748689756025,51.61232778373578
3,1.0922613065326634,6.924258438219839,51.93623132688049
3,1.0931658291457287,6.967738202736995,52.26235651821316
3,1.094070351758794,7.011521172340297,52.59075593567908
3,1.0949748743718593,7.055614543908225,52.92148356032891
3,1.0958793969849245,7.100025707134878,53.254594819450006
3,1.0967839195979898,7.1447622504754325,53.59014663116103
3,1.0976884422110553,7.189831967293903,53.92819745052399
3,1.0985929648241206,7.23524286222065,54.268807317229445
3,1.099497487437186,7.281003157727608,54.61203790491485
3,1.1004020100502512,7.327121300929198,54.95795257217556
3,1.1013065326633165,7.373605970617463,55.306616415332755
3,1.102211055276382,7.420466084540242,55.658096323024225
3,1.1031155778894473,7.467710806931453,56.01246103268619
3,1.1040201005025125,7.515349556303124,56.36978118899834
3,1.1049246231155778,7.563392013508952,56.73012940436551
3,1.105829145728643,7.6118481300897525,57.0935803215138
3,1.1067336683417084,7.660728136911589,57.460210678281804
3,1.107638190954774,7.710042553107628,57.830099374690136
3,1.1085427135678392,7.7598021953353875,58.20332754237651
3,1.1094472361809045,7.810018187361583,58.57997861648803
3,1.1103517587939697,7.860701969986987,58.9601384101238
3,1.111256281407035,7.911865311324515,59.34389519142688
3,1.1121608040201005,7.963520317444238,59.73133976342859
3,1.1130653266331658,8.015679443399375,60.12256554675022
3,1.113969849246231,8.068355504648355,60.517668665275544
3,1.1148743718592964,8.121561688888047,60.91674803490746
3,1.1157788944723617,8.175311568314507,61.319905455531156
3,1.1166834170854272,8.229619112327809,61.7272457063082
3,1.1175879396984925,8.284498700698455,62.13887664443284
3,1.1184924623115577,8.339965137213666,62.55490930748756
3,1.119396984924623,8.396033663822276,62.97545801953864
3,1.1203015075376883,8.452719975298077,63.40064050112026
3,1.1212060301507538,8.510040234442334,63.830577983262856
3,1.122110552763819,8.56801108784658,64.26539532572382
3,1.1230150753768844,8.626649682238497,64.70522113959171
3,1.1239195979899497,8.685973681433794,65.15018791443593
3,1.124824120603015,8.746001283918677,65.60043215018611
3,1.1257286432160805,8.806751241088085,66.0560944939301
3,1.1266331658291457,8.868242876166258,66.51731988183016
3,1.127537688442211,8.93049610383723,66.9842576863636
3,1.1284422110552763,8.993531450613862,67.45706186910334
3,1.1293467336683416,9.057370075975632,67.93589113926434
3,1.130251256281407,9.12203379430638,68.42090911825032
3,1.1311557788944724,9.187545097664694,68.91228451044576
3,1.1320603015075377,9.253927179421177,69.41019128051006
3,1.132964824120603,9.321203958797978,69.9148088374393
3,1.1338693467336682,9.389400106347905,70.42632222567522
3,1.1347738693467337,9.458541070411906,70.94492232355294
3,1.135678391959799,9.528653104595179,71.47080604938868
3,1.1365829145728643,9.599763296304662,72.00417657552867
3,1.1374874371859296,9.671899596391507,72.54524355068605
3,1.1383919597989949,9.745090849945019,73.0942233309146
3,1.1392964824120602,9.819366828286045,73.65133921957887
3,1.1402010050251257,9.894758262210212,74.21682171669916
3,1.141105527638191,9.97129687653338,74.7909087780638
3,1.1420100502512562,10.049015425994542,75.37384608452318
3,1.1429145728643215,10.127947732573093,75.96588732189238
3,1.1438190954773868,10.208128724280714,76.56729447191441
3,1.144723618090452,10.289594475490444,77.17833811475313
3,1.1456281407035176,10.372382248868343,77.79929774350687
3,1.1465326633165829,10.456530538976136,78.43046209125518
3,1.1474371859296482,10.54207911761667,79.07212947117794
3,1.1483417085427134,10.629069080996542,79.72460813030428
3,1.1492462311557787,10.717542898784464,80.38821661748072
3,1.1501507537688442,10.80754446514692,81.06328416617029
3,1.1510552763819095,10.89911915184673,81.75015109272461
3,1.1519597989949748,10.992313863494191,82.4491692108018
3,1.15286432160804,11.087177095043835,83.16070226262768
3,1.1537688442211054,11.183758991635386,83.8851263678402
3,1.1546733668341709,11.282111410880765,84.62283049068047
3,1.1555778894472362,11.382287987704604,85.3742169263369
3,1.1564824120603014,11.484344201850593,86.1397018072846
3,1.1573869346733667,11.588337448170675,86.91971563049792
3,1.158291457286432,11.694327109820204,87.71470380645961
3,1.1591959798994975,11.80237463448775,88.5251272309315
3,1.1601005025125628,11.912543613793996,89.35146288049552
3,1.161005025125628,12.024899866001096,90.19420443292513
3,1.1619095477386934,12.139511522179811,91.05386291349232
3,1.1628140703517587,12.256449115989245,91.93096736837124
3,1.1637185929648242,12.375785677231207,92.82606556635393
3,1.1646231155778894,12.497596829348605,93.73972473014874
3,1.1655276381909547,12.621960891046207,94.672532298599
3,1.16643216080402,12.748958982219225,95.62509672121315
3,1.1673366834170853,12.878675134385567,96.59804828647506
3,1.1682412060301508,13.011196405825903,97.59203998546587
3,1.169145728643216,13.146613001645836,98.60774841240479
3,1.1700502512562814,13.285018398985414,99.64587470379797
3,1.1709547738693467,13.42650947761064,100.70714551795591
3,1.171859296482412,13.571186656134751,101.79231405673742
3,1.1727638190954774,13.719154034127687,102.90216113145881
3,1.1736683417085427,13.870519540385242,104.03749627500434
3,1.174572864321608,14.025395087643401,105.19915890227985
3,1.1754773869346733,14.18389673403544,106.38801952124089
3,1.1763819095477386,14.346144851605919,107.60498099685238
3,1.1772864321608039,14.512264302210143,108.85097987044344
3,1.1781909547738694,14.68238462114375,110.12698773704324
3,1.1790954773869347,14.856640208864409,111.43401268341256
3,1.18,15.035170531186077,112.7731007896249
4,1.0,3.8349749586823125,28.764689874591724
4,1.0009045226130653,3.8579021201726627,28.936657800609474
4,1.0018090452261306,3.880835644744124,29.10867345368067
4,1.002713567839196,3.9037759421233993,29.28073990700961
4,1.0036180904522614,3.9267234266742075,29.45286026858109
4,1.0045226130653266,3.949678517551708,29.62503768231869
4,1.005427135678392,3.9726416388601584,29.79727532926728
4,1.0063316582914572,3.9956132198139205,29.969576428800686
4,1.0072361809045227,4.018593694901951,30.141944239855473
4,1.008140703517588,4.041583504055807,30.314382062191065
4,1.0090452261306533,4.064583092821379,30.48689323767789
4,1.0099497487437186,4.087592912534379,30.65948115161361
4,1.0108542713567839,4.110613420499733,30.8321492340687
4,1.0117587939698491,4.133645080175003,31.00490096126223
4,1.0126633165829146,4.156688361357962,31.177739856968756
4,1.01356783919598,4.179743740378412,31.350669493957124
4,1.0144723618090452,4.202811700294452,31.523693495462574
4,1.0153768844221105,4.225892731093257,31.696815536692704
4,1.0162814070351758,4.248987329896522,31.87003934636845
4,1.0171859296482413,4.272096001170766,32.04336870830147
4,1.0180904522613066,4.295219256942542,32.21680746300837
4,1.0189949748743719,4.318357617018849,32.39035950936392
4,1.0198994974874371,4.341511609212732,32.5640288062932
4,1.0208040201005024,4.364681769574377,32.73781937450496
4,1.021708542713568,4.387868642627779,32.91173529826677
4,1.0226130653266332,4.411072781613175,33.08578072722341
4,1.0235175879396985,4.434294748735451,33.2599598782601
4,1.0244221105527638,4.457535115418658,33.43427703741149
4,1.025326633165829,4.480794462566836,33.608736561818056
4,1.0262311557788946,4.504073380831354,33.78334288173127
4,1.0271356783919598,4.5273724708849485,33.95810050256906
4,1.0280402010050251,4.550692343702677,34.13301400702317
4,1.0289447236180904,4.574033620849994,34.30808805721988
4,1.0298492462311557,4.597396934778152,34.4833273969357
4,1.030753768844221,4.620782929127157,34.65873685386973
4,1.0316582914572865,4.644192259036549,34.83432134197472
4,1.0325628140703518,4.667625591464153,35.010085863847856
4,1.033467336683417,4.691083605513183,35.18603551318429
4,1.0343718592964823,4.714566992767799,35.36217547729401
4,1.0352763819095476,4.738076457637503,35.53851103968501
4,1.0361809045226131,4.761612717710585,35.71504758271436
4,1.0370854271356784,4.785176504116858,35.891790590308986
4,1.0379899497487437,4.808768561900116,36.06874565075925
4,1.038894472361809,4.832389650400419,36.24591845958639
4,1.0397989949748743,4.856040543646658,36.423314822486994
4,1.0407035175879398,4.879722030759632,36.600940658356315
4,1.041608040201005,4.903434916366003,36.77880200239317
4,1.0425125628140703,4.927180021023482,36.95690500928915
4,1.0434170854271356,4.950958181657509,37.13525595650394
4,1.044321608040201,4.9747702520098915,37.31386124763043
4,1.0452261306532664,4.998617103099702,37.49272741585169
4,1.0461306532663317,5.022499623696816,37.67186112749281
4,1.047035175879397,5.046418720808548,37.85126918567101
4,1.0479396984924623,5.070375320179711,38.03095853404634
4,1.0488442211055276,5.094370366806577,38.210936260676746
4,1.049748743718593,5.118404825465145,38.39120960198037
4,1.0506532663316583,5.142479681254159,38.57178594680857
4,1.0515577889447236,5.166595940153402,38.75267284063341
4,1.052462311557789,5.190754629597646,38.9338779898527
4,1.0533668341708542,5.214956799066814,39.11540926621653
4,1.0542713567839195,5.2392035206928735,39.29727471137938
4,1.055175879396985,5.263495889883953,39.479482541581376
4,1.0560804020100503,5.287835025966228,39.662041152462805
4,1.0569849246231156,5.3122220728441985,39.84495912401665
4,1.0578894472361808,5.33665819967986,40.02824522568275
4,1.0587939698492461,5.36114460159142,40.21190842158863
4,1.0596984924623116,5.385682500372164,40.39595787594146
4,1.060603015075377,5.410273145230123,40.58040295857597
4,1.0615075376884422,5.43491781354922,40.765253250663555
4,1.0624120603015075,5.459617811672534,40.95051855058724
4,1.0633165829145728,5.4843744757084645,41.13620887998842
4,1.0642211055276383,5.50918917236046,41.32233448999031
4,1.0651256281407036,5.534063299781114,41.50890586760422
4,1.0660301507537688,5.558998288451419,41.69593374232448
4,1.0669346733668341,5.583995602085958,41.88342909291797
4,1.0678391959798994,5.609056738564903,42.07140315441468
4,1.0687437185929647,5.63418323089367,42.25986742530567
4,1.0696482412060302,5.6593766481911585,42.448833674955566
4,1.0705527638190955,5.684638596707452,42.638313951235844
4,1.0714572864321608,5.709970720872034,42.82832058838719
4,1.072361809045226,5.7353747043734105,43.018866215117285
4,1.0732663316582913,5.760852271271251,43.209963762942564
4,1.0741708542713568,5.786405187142057,43.40162647478145
4,1.0750753768844221,5.8120352602595045,43.59386791380764
4,1.0759798994974874,5.837744342810609,43.78670197257211
4,1.0768844221105527,5.863534332148826,43.98014288240213
4,1.077788944723618,5.889407172085399,44.17420522308718
4,1.0786934673366835,5.9153648542201696,44.36890393286089
4,1.0795979899497488,5.941409419313157,44.56425431868865
4,1.080502512562814,5.967542958698332,44.760272066871885
4,1.0814070351758793,5.993767615740892,44.95697325397845
4,1.0823115577889446,6.020085587339565,45.154374358110886
4,1.0832160804020101,6.046499125475447,45.35249227052364
4,1.0841206030150754,6.073010538808865,45.551344307600544
4,1.0850251256281407,6.099622194326018,45.75094822320561
4,1.085929648241206,6.126336519036926,45.95132222141874
4,1.0868341708542713,6.153156001726495,46.15248496966978
4,1.0877386934673368,6.180083194760521,46.35445561228466
4,1.088643216080402,6.207120715948403,46.55725378445691
4,1.0895477386934673,6.234271250464646,46.760899626660134
4,1.0904522613065326,6.261537552830953,46.9654137995149
4,1.091356783919598,6.2889224489611895,47.170817499127274
4,1.0922613065326634,6.316428838271178,47.37713247291356
4,1.0931658291457287,6.344059695855689,47.5843810359291
4,1.094070351758794,6.371818074734888,47.79258608771799
4,1.0949748743718593,6.399707108172581,48.001771129701424
4,1.0958793969849245,6.427730012068816,48.211960283123595
4,1.0967839195979898,6.455890087429358,48.42317830757439
4,1.0976884422110553,6.484190722914721,48.635450620108614
4,1.0985929648241206,6.512635397471495,48.848803314982646
4,1.099497487437186,6.541227683048916,49.06326318403036
4,1.1004020100502512,6.569971247403498,49.278857737699624
4,1.1013065326633165,6.598869856994966,49.49561522677358
4,1.102211055276382,6.627927379976567,49.71356466479984
4,1.1031155778894473,6.6571477892831314,49.932735851252836
4,1.1040201005025125,6.686535165820346,50.153159395455404
4,1.1049246231155778,6.716093701758699,50.37486674128533
4,1.105829145728643,6.745827703935922,50.59789019269586
4,1.1067336683417084,6.775741597371684,50.822262940078
4,1.107638190954774,6.805839928898558,51.0480190874951
4,1.1085427135678392,6.836127370913336,51.27519368081998
4,1.1094472361809045,6.866608725253112,51.503822736808
4,1.1103517587939697,6.897288927200427,51.73394327313807
4,1.111256281407035,6.928173049622167,51.965593339457016
4,1.1121608040201005,6.959266307247068,52.1988120494635
4,1.1130653266331658,6.990574061086653,52.433639614067765
4,1.113969849246231,7.022101823004973,52.67011737566756
4,1.1148743718592964,7.053855260442325,52.90828784357891
4,1.1157788944723617,7.085840201298629,53.148194730664514
4,1.1166834170854272,7.11806263898223,53.38988299120289
4,1.1175879396984925,7.150528737630095,53.633398860043044
4,1.1184924623115577,7.183244837505733,53.878789893092254
4,1.119396984924623,7.216217460581218,54.12610500918469
4,1.1203015075376883,7.249453316310067,54.37539453338161
4,1.1212060301507538,7.282959307598078,54.62671024175629
4,1.122110552763819,7.31674253697918,54.880105407716776
4,1.1230150753768844,7.350810313004126,55.135634849925005
4,1.1239195979899497,7.38517015684956,55.39335498186894
4,1.124824120603015,7.41982980915588,55.653323863150774
4,1.1257286432160805,7.454797237102199,55.91560125255349
4,1.1266331658291457,7.490080641727241,56.180248662952174
4,1.127537688442211,7.525688465505423,56.44732941813928
4,1.1284422110552763,7.561629400187471,56.71690871163414
4,1.1293467336683416,7.597912394915572,56.98905366755164
4,1.130251256281407,7.634546664623327,57.263833403607016
4,1.1311557788944724,7.671541698731106,57.54131909633651
4,1.1320603015075377,7.708907270148089,57.821584048618156
4,1.132964824120603,7.74665344459236,58.10470375957834
4,1.1338693467336682,7.784790590241186,58.39075599697484
4,1.1347738693467337,7.823329387723982,58.67982087215025
4,1.135678391959799,7.862280840470845,58.971980917652424
4,1.1365829145728643,7.901656285430406,59.26732116762501
4,1.1374874371859296,7.941467404170805,59.565929241071615
4,1.1383919597989949,7.981726234378626,59.86789542810501
4,1.1392964824120602,8.022445181770916,60.17331277929456
4,1.1402010050251257,8.063637032436208,60.48227719823167
4,1.141105527638191,8.105314965620913,60.79488753743553
4,1.1420100502512562,8.147492566978478,61.11124569773011
4,1.1429145728643215,8.190183842298884,61.431456731223854
4,1.1438190954773868,8.233403231737324,61.7556289480336
4,1.144723618090452,8.277165624561235,62.08387402689649
4,1.1456281407035176,8.321486374436,62.41630712982215
4,1.1465326633165829,8.366381315270148,62.75304702094158
4,1.1474371859296482,8.411866777642038,63.094216189717415
4,1.1483417085427134,8.457959605830654,63.43994097868551
4,1.1492462311557787,8.504677175474294,63.79035171590599
4,1.1501507537688442,8.552037411881793,64.1455828523088
4,1.1510552763819095,8.600058809021926,64.50577310412604
4,1.1519597989949748,8.648760449217958,64.87106560061319
4,1.15286432160804,8.698162023574955,65.24160803726677
4,1.1537688442211054,8.748283853169166,65.6175528347577
4,1.1546733668341709,8.799146911029597,65.99905730380681
4,1.1555778894472362,8.850772844943357,66.38628381623904
4,1.1564824120603014,8.903184001117816,66.77939998246431
4,1.1573869346733667,8.956403448733559,67.1785788356399
4,1.158291457286432,9.01045500542412,67.58399902278425
4,1.1591959798994975,9.065363263719572,67.9958450031203
4,1.1601005025125628,9.121153618492816,68.41430725393958
4,1.161005025125628,9.177852295449195,68.83958248429214
4,1.1619095477386934,9.235486380701333,69.27187385681603
4,1.1628140703517587,9.294083851473474,69.71139121803897
4,1.1637185929648242,9.353673607981069,70.15835133749496
4,1.1646231155778894,9.414285506533467,70.61297815601505
4,1.1655276381909547,9.47595039390974,71.07550304356727
4,1.16643216080402,9.53870014305956,71.54616506703539
4,1.1673366834170853,9.602567690183523,72.02521126834434
4,1.1682412060301508,9.667587073249635,72.51289695335767
4,1.169145728643216,9.73379347200495,73.00948599198976
4,1.1700502512562814,9.801223249544288,73.51525112999687
4,1.1709547738693467,9.869913995500179,74.03047431292855
4,1.171859296482412,9.939904570921412,74.55544702274456
4,1.1727638190954774,10.011235154910256,75.09047062762296
4,1.1736683417085427,10.083947293091557,75.63585674550839
4,1.174572864321608,10.158083947990324,76.19192762197518
4,1.1754773869346733,10.233689551397363,76.75901652300209
4,1.1763819095477386,10.310810058806432,77.3374681432847
4,1.1772864321608039,10.389493006009964,77.92763903073845
4,1.1781909547738694,10.469787567944184,78.5298980278735
4,1.1790954773869347,10.551744619878438,79.1446267307526
4,1.18,10.63541680104819,79.77221996627807
5,1.0,3.76584527303772,28.24617437185218
5,1.0009045226130653,3.809037336217584,28.570141624780334
5,1.0018090452261306,3.8522792100340975,28.894482488365952
5,1.002713567839196,3.895572555951997,29.219209424624665
5,1.0036180904522614,3.9389190580711095,29.544335065349323
5,1.0045226130653266,3.9823204238228187,29.86987221733391
5,1.005427135678392,4.025778384681476,30.19583386770957
5,1.0063316582914572,4.069294696891359,30.522233189397262
5,1.0072361809045227,4.112871142209692,30.84908354668086
5,1.008140703517588,4.15650952866615,31.176398500903893
5,1.0090452261306533,4.200211691339493,31.504191816294824
5,1.0099497487437186,4.243979493151806,31.8324774659243
5,1.0108542713567839,4.287814825680891,32.161269637798604
5,1.0117587939698491,4.331719609991447,32.490582741094045
5,1.0126633165829146,4.3756957974856565,32.82043141253686
5,1.01356783919598,4.4197453707736285,33.15083052293209
5,1.0144723618090452,4.463870344564604,33.48179518384816
5,1.0153768844221105,4.508072766579345,33.81334075446037
5,1.0162814070351758,4.552354718484452,34.14548284855885
5,1.0171859296482413,4.5967183168493815,34.4782373417268
5,1.0180904522613066,4.641165714126745,34.81162037869335
5,1.0189949748743719,4.685699099656797,35.14564838086776
5,1.0198994974874371,4.730320700696677,35.48033805405951
5,1.0208040201005024,4.775032783475383,35.81570639639112
5,1.021708542713568,4.819837654275152,36.15177070640929
5,1.0226130653266332,4.864737660540107,36.48854859140034
5,1.0235175879396985,4.909735192013186,36.82605797591794
5,1.0244221105527638,4.954832681901965,37.16431711052751
5,1.025326633165829,5.000032608074556,37.50334458077617
5,1.0262311557788946,5.045337494286408,37.84315931639452
5,1.0271356783919598,5.090749911438941,38.183780600737144
5,1.0280402010050251,5.136272478871217,38.52522808047103
5,1.0289447236180904,5.181907865685482,38.86752177551784
5,1.0298492462311557,5.2276587921077775,39.210682089259436
5,1.030753768844221,5.273528030884711,39.554729819014476
5,1.0316582914572865,5.31951840871755,39.89968616679503
5,1.0325628140703518,5.365632807734759,40.245572750351485
5,1.033467336683417,5.411874167004384,40.59241161451642
5,1.0343718592964823,5.458245484087333,40.94022524285513
5,1.0352763819095476,5.504749816633019,41.28903656963396
5,1.0361809045226131,5.551390284018699,41.63886899211633
5,1.0370854271356784,5.598170069033806,41.98974638319634
5,1.0379899497487437,5.645092419610967,42.341693104382415
5,1.038894472361809,5.692160650604898,42.69473401914011
5,1.0397989949748743,5.739378145620969,43.04889450660755
5,1.0407035175879398,5.786748358894939,43.40420047569455
5,1.041608040201005,5.834274817225482,43.76067837957779
5,1.0425125628140703,5.881961121961401,44.11835523060613
5,1.0434170854271356,5.929810951045035,44.47725861562741
5,1.044321608040201,5.977828061113944,44.83741671175247
5,1.0452261306532664,6.026016289662598,45.19885830256907
5,1.0461306532663317,6.0743795572661075,45.56161279482131
5,1.047035175879397,6.122921869868104,45.925710235570094
5,1.0479396984924623,6.171647321134694,46.29118132984931
5,1.0488442211055276,6.220560094876797,46.6580574588348
5,1.049748743718593,6.269664467543132,47.02637069854336
5,1.0506532663316583,6.318964810786047,47.39615383907804
5,1.0515577889447236,6.368465594102838,47.767440404439625
5,1.052462311557789,6.418171387554814,48.14026467292139
5,1.0533668341708542,6.468086864566859,48.514661698107474
5,1.0542713567839195,6.518216804810101,48.890667330494736
5,1.055175879396985,6.568566097170528,49.2683182397592
5,1.0560804020100503,6.619139742806299,49.647651937687776
5,1.0569849246231156,6.66994285829696,50.028706801799345
5,1.0578894472361808,6.720980678887382,50.41152209967627
5,1.0587939698492461,6.77225856182982,50.79613801403198
5,1.0596984924623116,6.823781989827315,51.18259566853855
5,1.060603015075377,6.87555657458187,51.57093715444026
5,1.0615075376884422,6.927588060451077,51.961205557980556
5,1.0624120603015075,6.9798823282166715,52.35344498866853
5,1.0633165829145728,7.03244539896905,52.74770060841523
5,1.0642211055276383,7.085283438111584,53.1440186615685
5,1.0651256281407036,7.138402759488857,53.54244650587731
5,1.0660301507537688,7.1918098296431685,53.94303264441814
5,1.0669346733668341,7.2455112722036334,54.34582675851601
5,1.0678391959798994,7.299513872412458,54.75087974169433
5,1.0687437185929647,7.353824581793217,55.15824373468983
5,1.0696482412060302,7.408450522965984,55.56797216156912
5,1.0705527638190955,7.463398994614455,55.98011976698508
5,1.0714572864321608,7.518677476610441,56.39474265461381
5,1.072361809045226,7.5742936353010775,56.81189832681196
5,1.0732663316582913,7.630255328964596,57.23164572553843
5,1.0741708542713568,7.6865706134405025,57.6540452745841
5,1.0750753768844221,7.743247747940363,58.07915892315644
5,1.0759798994974874,7.800295201045561,58.50705019086635
5,1.0768844221105527,7.857721656898633,58.937784214167024
5,1.077788944723618,7.915536021595062,59.37142779429635
5,1.0786934673366835,7.973747429782681,59.80804944677657
5,1.0795979899497488,8.03236525147608,60.24771945252651
5,1.080502512562814,8.091399099093774,60.69050991064474
5,1.0814070351758793,8.150858834726003,61.136494792922555
5,1.0823115577889446,8.210754577641579,61.58575000014997
5,1.0832160804020101,8.271096712042358,62.038353420279144
5,1.0841206030150754,8.331895895074208,62.494384988511506
5,1.0850251256281407,8.393163065104028,62.95392674938057
5,1.085929648241206,8.454909450272142,63.41706292090023
5,1.0868341708542713,8.517146577330383,63.883879960855815
5,1.0877386934673368,8.579886280776162,64.35446663531529
5,1.088643216080402,8.64314071229338,64.82891408944197
5,1.0895477386934673,8.706922350511602,65.30731592069434
5,1.0904522613065326,8.771244011094954,65.78976825449902
5,1.091356783919598,8.836118857173147,66.27636982249005
5,1.0922613065326634,8.901560410127164,66.76722204340801
5,1.0931658291457287,8.967582560742796,67.26242910675863
5,1.094070351758794,9.034199580745884,67.76209805933419
5,1.0949748743718593,9.10142613473316,68.26633889470223
5,1.0958793969849245,9.169277292513842,68.77526464577517
5,1.0967839195979898,9.237768541877207,69.288991480575
5,1.0976884422110553,9.306915801802173,69.80763880131342
5,1.0985929648241206,9.37673543612557,70.33132934691217
5,1.099497487437186,9.447244267686601,70.86018929909547
5,1.1004020100502512,9.518459592965215,71.39434839218674
5,1.1013065326633165,9.590399197233467,71.93394002675328
5,1.102211055276382,9.663081370239308,72.47910138724436
5,1.1031155778894473,9.736524922443023,73.02997356377458
5,1.1040201005025125,9.810749201827827,73.58670167821383
5,1.1049246231155778,9.885774111306272,74.14943501474605
5,1.105829145728643,9.961620126745638,74.71832715507087
5,1.1067336683417084,10.03830831563627,75.29353611842771
5,1.107638190954774,10.115860356427556,75.87522450662765
5,1.1085427135678392,10.19429855855755,76.46355965428793
5,1.1094472361809045,10.273645883203372,77.05871378447287
5,1.1103517587939697,10.353925964780336,77.66086416995068
5,1.111256281407035,10.43516313321908,78.27019330028568
5,1.1121608040201005,10.517382437051506,78.88688905499725
5,1.1130653266331658,10.60060966733685,79.51114488302011
5,1.113969849246231,10.684871382461695,80.14315998871984
5,1.1148743718592964,10.770194933847748,80.78313952471709
5,1.1157788944723617,10.85660849260397,81.43129479179518
5,1.1166834170854272,10.944141077160245,82.08784344616967
5,1.1175879396984925,11.032822581921804,82.75300971441432
5,1.1184924623115577,11.122683806985387,83.42702461635074
5,1.119396984924623,11.21375648895935,84.11012619621827
5,1.1203015075376883,11.306073332932286,84.80255976245856
5,1.1212060301507538,11.399668045636465,85.50457813646177
5,1.122110552763819,11.494575369854036,86.21644191063457
5,1.1230150753768844,11.590831120116928,86.93841971617142
5,1.1239195979899497,11.688472219752159,87.67078850091742
5,1.124824120603015,11.787536739328068,88.41383381773889
5,1.1257286432160805,11.88806393655821,89.16785012382724
5,1.1266331658291457,11.990094297722584,89.93314109138396
5,1.127537688442211,12.093669580668884,90.71001993015663
5,1.1284422110552763,12.198832859458088,91.49880972230852
5,1.1293467336683416,12.305628570722787,92.29984377013474
5,1.130251256281407,12.414102561808802,93.11346595715433
5,1.1311557788944724,12.524302140774044,93.9400311231326
5,1.1320603015075377,12.636276128322002,94.77990545361457
5,1.132964824120603,12.750074911750362,95.633466884573
5,1.1338693467336682,12.865750500998814,96.50110552280172
5,1.1347738693467337,12.983356586884517,97.38322408271773
5,1.135678391959799,13.102948601616317,98.28023834025538
5,1.1365829145728643,13.224583781684833,99.19257760458089
5,1.1374874371859296,13.348321233227459,100.12068520837053
5,1.1383919597989949,13.474221999974157,101.06501901744616
5,1.1392964824120602,13.602349133882987,102.0260519605854
5,1.1402010050251257,13.7327677685801,103.00427258036727
5,1.141105527638191,13.865545195723747,104.00018560594945
5,1.1420100502512562,14.00075094441772,105.01431254871842
5,1.1429145728643215,14.138456863804548,106.04719232178967
5,1.1438190954773868,14.278737208975784,107.09938188438794
5,1.144723618090452,14.421668730341866,108.1714569121768
5,1.1456281407035176,14.567330766611665,109.26401249466278
5,1.1465326633165829,14.715805341537727,110.3776638608447
5,1.1474371859296482,14.86717726459144,111.51304713433984
5,1.1483417085427134,15.021534235738686,112.6708201192663
5,1.1492462311557787,15.178966954495797,113.85166311823026
5,1.1501507537688442,15.339569233452846,115.05627978382108
5,1.1510552763819095,15.503438116460563,116.28539800508642
5,1.1519597989949748,15.670674001686725,117.53977083053148
5,1.15286432160804,15.841380769756043,118.82017742924756
5,1.1537688442211054,16.0156659171995,120.1274240918649
5,1.1546733668341709,16.193640695448238,121.46234527309295
5,1.1555778894472362,16.375420255618515,122.82580467769733
5,1.1564824120603014,16.561123799347047,124.21869639185844
5,1.1573869346733667,16.750874735945864,125.64194606193026
5,1.158291457286432,16.94480084616143,127.09651212273535
5,1.1591959798994975,17.14303445283397,128.58338707761553
5,1.1601005025125628,17.345712598768426,130.10359883257442
5,1.161005025125628,17.55297723214324,131.6582120869582
5,1.1619095477386934,17.76497539979761,133.24832978322993
5,1.1628140703517587,17.98185944875602,134.87509461852835
5,1.1637185929648242,18.203787236364576,136.53969062082086
5,1.1646231155778894,18.430922349432542,138.2433447926007
5,1.1655276381909547,18.663434332791564,139.98732882522305
5,1.16643216080402,18.901498927704388,141.77296088711807
5,1.1673366834170853,19.145298320576426,143.60160748928195
5,1.1682412060301508,19.395021402445806,145.47468543161307
5,1.169145728643216,19.650864039749653,147.39366383382702
5,1.1700502512562814,19.913029356890725,149.3600662548817
5,1.1709547738693467,20.181728031151607,151.37547290501635
5,1.171859296482412,20.45717860053296,153.44152295472952
5,1.1727638190954774,20.739607785119574,155.55991694522356
5,1.1736683417085427,21.029250822607406,157.73241930506555
5,1.174572864321608,21.32635181865805,159.96086097806293
5,1.1754773869346733,21.631164112777373,162.24714216758022
5,1.1763819095477386,21.94395066045235,164.5932352028021
5,1.1772864321608039,22.264984432315128,167.0011875327115
5,1.1781909547738694,22.594548831142692,169.4731248538455
5,1.1790954773869347,22.932938127540005,172.0112543781891
5,1.18,23.28045791519923,174.61786824790164
6,1.0,2.226309087628665,16.698698468849315
6,1.0009045226130653,2.271044759708878,17.034243745567604
6,1.0018090452261306,2.3158415221631317,17.370247237967227
6,1.002713567839196,2.3607014427367687,17.70672445542026
6,1.0036180904522614,2.4056266194586002,18.043691134443566
6,1.0045226130653266,2.450619181606601,18.3811632459421
6,1.005427135678392,2.495681290695273,18.71915700261478
6,1.0063316582914572,2.5408151414855014,19.05768886652898
6,1.0072361809045227,2.586022963017667,19.396775556869574
6,1.008140703517588,2.631307019668711,19.736434057867527
6,1.0090452261306533,2.6766696122340377,20.076681626914866
6,1.0099497487437186,2.7221130790349544,20.417535802871157
6,1.0108542713567839,2.767639797052586,20.75901441456857
6,1.0117587939698491,2.813252183089074,21.10113558952157
6,1.0126633165829146,2.8589526949569755,21.443917762848187
6,1.01356783919598,2.904743832697738,21.78737968640931
6,1.0144723618090452,2.950628139830325,22.13154043817413
6,1.0153768844221105,2.9966082046307916,22.476419431817806
6,1.0162814070351758,3.042686661443924,22.822036426559524
6,1.0171859296482413,3.088866192028027,23.16841153724926
6,1.0180904522613066,3.1351495269337573,23.515565244709876
6,1.0189949748743719,3.1815394469183786,23.863518406344927
6,1.0198994974874371,3.228038784396304,24.212292267018604
6,1.0208040201005024,3.274650424927305,24.561908470218242
6,1.021708542713568,3.3213773087435094,24.91238906950774
6,1.0226130653266332,3.368222432316446,25.26375654028138
6,1.0235175879396985,3.4151888499655545,25.616033791828634
6,1.0244221105527638,3.462279675509319,25.969244179718707
6,1.025326633165829,3.509498083960547,26.323411518516156
6,1.0262311557788946,3.5568473132671854,26.678560094838115
6,1.0271356783919598,3.604330666100111,27.034714680763813
6,1.0280402010050251,3.65195151168956,27.391900547608945
6,1.0289447236180904,3.69971328771159,27.750143480075305
6,1.0298492462311557,3.7476195022263528,28.109469790789024
6,1.030753768844221,3.7956737356697974,28.469906335239592
6,1.0316582914572865,3.8438796429005975,28.831480527133078
6,1.0325628140703518,3.892240955304,29.194220354172288
6,1.033467336683417,3.9407614829546596,29.558154394279377
6,1.0343718592964823,3.989445116840174,29.923311832273743
6,1.0352763819095476,4.038295831147444,30.28972247702114
6,1.0361809045226131,4.087317685613897,30.657416779069305
6,1.0370854271356784,4.13651482794565,31.0264258487857
6,1.0379899497487437,4.185891496304966,31.39678147501495
6,1.038894472361809,4.2354520218691265,31.768516144272006
6,1.0397989949748743,4.285200831463164,32.141663060489236
6,1.0407035175879398,4.335142450268901,32.51625616533592
6,1.041608040201005,4.385281504612801,32.89233015912887
6,1.0425125628140703,4.435622724835356,33.26992052235456
6,1.0434170854271356,4.4861709482445224,33.64906353782183
6,1.044321608040201,4.536931122156218,34.029796313467365
6,1.0452261306532664,4.5879083070246836,34.41215680583548
6,1.0461306532663317,4.639107679665707,34.796183844254195
6,1.047035175879397,4.690534536575972,35.181917155732464
6,1.0479396984924623,4.742194297351556,35.569397390601026
6,1.0488442211055276,4.794092508209072,35.95866614892313
6,1.049748743718593,4.846234845612893,36.34976600770098
6,1.0506532663316583,4.898627120011968,36.742740548904166
6,1.0515577889447236,4.951275279690169,37.137634388349674
6,1.052462311557789,5.004185414733693,37.53449320545983
6,1.0533668341708542,5.057363761119843,37.933363773930715
6,1.0542713567839195,5.11081670493113,38.33429399334053
6,1.055175879396985,5.164550786699078,38.73733292173083
6,1.0560804020100503,5.218572705882084,39.142530809193275
6,1.0569849246231156,5.272889325482157,39.549939132497975
6,1.0578894472361808,5.327507676805066,39.95961063079761
6,1.0587939698492461,5.382434964368997,40.371599342445386
6,1.0596984924623116,5.437678570966924,40.78596064296593
6,1.060603015075377,5.493246062887811,41.20275128421757
6,1.0615075376884422,5.549145195302496,41.62202943478981
6,1.0624120603015075,5.605383917819678,42.04385472167663
6,1.0633165829145728,5.661970380218186,42.46828827327213
6,1.0642211055276383,5.71891293836163,42.895392763734
6,1.0651256281407036,5.776220160301802,43.325232458762905
6,1.0660301507537688,5.8339008325776325,43.75787326284844
6,1.0669346733668341,5.891963966716421,44.19338276803252
6,1.0678391959798994,5.950418805944672,44.63183030424472
6,1.0687437185929647,6.009274832115831,45.07328699126464
6,1.0696482412060302,6.0685417728628295,45.517825792370395
6,1.0705527638190955,6.128229608983212,45.965521569731656
6,1.0714572864321608,6.188348582065498,46.416451141612114
6,1.072361809045226,6.248909202365146,46.87069334144406
6,1.0732663316582913,6.3099222569391795,47.32832907884315
6,1.0741708542713568,6.371398818048922,47.789441402634104
6,1.0750753768844221,6.433350251840368,48.2541155659589
6,1.0759798994974874,6.495788227312461,48.722439093544395
6,1.0768844221105527,6.558724725583454,49.194501851205764
6,1.077788944723618,6.622172049466534,49.67039611766967
6,1.0786934673366835,6.686142833365803,50.15021665880021
6,1.0795979899497488,6.750650053504354,50.63406080431582
6,1.080502512562814,6.815707038496878,51.12202852709045
6,1.0814070351758793,6.881327480279157,51.614222525131446
6,1.0823115577889446,6.947525445407874,52.1107483063352
6,1.0832160804020101,7.014315386744343,52.61171427612235
6,1.0841206030150754,7.081712155536407,53.11723182805949
6,1.0850251256281407,7.149731013913498,53.627415437579856
6,1.085929648241206,7.218387647809982,54.142382758916504
6,1.0868341708542713,7.287698180333094,54.66225472537001
6,1.0877386934673368,7.357679185592029,55.18715565303528
6,1.088643216080402,7.428347703005467,55.717213348116864
6,1.0895477386934673,7.499721252105907,56.25255921797061
6,1.0904522613065326,7.571817847859086,56.79332838600882
6,1.091356783919598,7.644656016518596,57.33965981061971
6,1.0922613065326634,7.718254812035568,57.89169640825022
6,1.0931658291457287,7.792633833044935,58.44958518081349
6,1.094070351758794,7.867813240450236,59.01347734758584
6,1.0949748743718593,7.943813775629786,59.58352848176428
6,1.0958793969849245,8.020656779288286,60.159898651865305
6,1.0967839195979898,8.09836421097871,60.74275256815113
6,1.0976884422110553,8.176958669320307,61.33225973427727
6,1.0985929648241206,8.256463412939796,61.92859460436449
6,1.099497487437186,8.336902382163972,62.53193674570673
6,1.1004020100502512,8.418300221492757,63.142471007333
6,1.1013065326633165,8.500682302883357,63.76038769465296
6,1.102211055276382,8.584074749877484,64.38588275042605
6,1.1031155778894473,8.668504462604403,65.01915794229984
6,1.1040201005025125,8.753999143694763,65.6604210571798
6,1.1049246231155778,8.840587325140834,66.30988610269785
6,1.105829145728643,8.928298396140917,66.96777351606248
6,1.1067336683417084,9.017162631966945,67.63431038058391
6,1.107638190954774,9.107211223896051,68.3097306501792
6,1.1085427135678392,9.19847631024857,68.99427538217662
6,1.1094472361809045,9.290991008577098,69.68819297875355
6,1.1103517587939697,9.384789449052427,70.3917394373516
6,1.111256281407035,9.479906809094892,71.10517861043333
6,1.1121608040201005,9.576379349301508,71.82878247495788
6,1.1130653266331658,9.674244450720947,72.56283141196654
6,1.113969849246231,9.773540653531878,73.30761449669427
6,1.1148743718592964,9.874307697181107,74.06342979963055
6,1.1157788944723617,9.97658656204157,74.83058469898023
6,1.1166834170854272,10.080419512652382,75.6093962049907
6,1.1175879396984925,10.185850142605844,76.40019129663224
6,1.1184924623115577,10.292923421149458,77.20330727114205
6,1.119396984924623,10.401685741573582,78.01909210696164
6,1.1203015075376883,10.512184971458735,78.84790484062282
6,1.1212060301507538,10.624470504860067,79.69011595816352
6,1.122110552763819,10.738593316509178,80.54610780167506
6,1.1230150753768844,10.854606018118286,81.41627499161838
6,1.1239195979899497,10.972562916873924,82.3010248655629
6,1.124824120603015,11.092520076213018,83.2007779340449
6,1.1257286432160805,11.2145353789768,84.11596835426096
6,1.1266331658291457,11.338668593043291,85.04704442235237
6,1.127537688442211,11.464981439543486,85.99446908506866
6,1.1284422110552763,11.593537663770658,86.95872047163147
6,1.1293467336683416,11.724403108897574,87.94029244665931
6,1.130251256281407,11.857645792621796,88.93969518505489
6,1.1311557788944724,11.993335986863963,89.95745576979158
6,1.1320603015075377,12.131546300650907,90.9941188135882
6,1.132964824120603,12.272351766319986,92.050247105495
6,1.1338693467336682,12.415829929188497,93.12642228346982
6,1.1347738693467337,12.562060940838364,94.22324553407105
6,1.135678391959799,12.711127656172325,95.34133832043926
6,1.1365829145728643,12.863115734407229,96.48134313980954
6,1.1374874371859296,13.018113744174713,97.64392431183173
6,1.1383919597989949,13.17621327291052,98.8297687990581
6,1.1392964824120602,13.337509040719848,100.0395870610041
6,1.1402010050251257,13.502099018916363,101.27411394326444
6,1.141105527638191,13.67008455344077,102.5341096032289
6,1.1420100502512562,13.8415704933757,103.82036047402364
6,1.1429145728643215,14.016665324782196,105.13368026836783
6,1.1438190954773868,14.195481310095644,106.47491102412958
6,1.144723618090452,14.378134633328804,107.84492419343869
6,1.1456281407035176,14.564745551342018,109.24462177730696
6,1.1465326633165829,14.75543855145316,110.67493750780059
6,1.1474371859296482,14.95034251567257,112.136838079904
6,1.1483417085427134,15.149590891861964,113.63132443531768
6,1.1492462311557787,15.353321872130955,115.15943310054288
6,1.1501507537688442,15.561678578799501,116.7222375817151
6,1.1510552763819095,15.77480925827062,118.32084981876977
6,1.1519597989949748,15.99286748317505,119.95642170165245
6,1.15286432160804,16.216012363165436,121.63014665140594
6,1.1537688442211054,16.444408764757757,123.34326126911732
6,1.1546733668341709,16.678227540636346,125.09704705584778
6,1.1555778894472362,16.91764576885853,126.89283220681567
6,1.1564824120603014,17.162847002418424,128.73199348327967
6,1.1573869346733667,17.41402152964899,130.61595816571582
6,1.158291457286432,17.67136664596766,132.54620609207794
6,1.1591959798994975,17.935086937494866,134.52427178511275
6,1.1601005025125628,18.20539457710026,136.55174667288975
6,1.161005025125628,18.482509633461063,138.63028140693072
6,1.1619095477386934,18.766660393742896,140.76158828251585
6,1.1628140703517587,19.0580837005477,142.9474437660021
6,1.1637185929648242,19.357025303802217,145.189691134205
6,1.1646231155778894,19.66374022829652,147.49024323116544
6,1.1655276381909547,19.978493157617223,149.85108534788688
6,1.16643216080402,20.301558835256476,152.27427823090142
6,1.1673366834170853,20.63322248371936,154.7619612258351
6,1.1682412060301508,20.97378024249236,157.31635556244305
6,1.169145728643216,21.323539625779542,159.93976778791455
6,1.1700502512562814,21.682820000961364,162.6345933556108
6,1.1709547738693467,22.05195308877615,165.40332037673613
6,1.171859296482412,22.43128348627931,168.2485335428563
6,1.1727638190954774,22.821169213686794,171.17291822756343
6,1.1736683417085427,23.221982286267533,174.17926477602398
6,1.174572864321608,23.63410931251035,177.27047299160137
6,1.1754773869346733,24.057952119852224,180.449556829206
6,1.1763819095477386,24.493928409323146,183.71964930553736
6,1.1772864321608039,24.942472440533905,187.08400763691742
6,1.1781909547738694,25.404035748505088,190.54601861595222
6,1.1790954773869347,25.87908789391624,194.109204238866
6,1.18,26.368117248437176,197.77722759597285
7,1.0,3.687098346207412,27.655523597530237
7,1.0009045226130653,3.7444515889086993,28.085708476800367
7,1.0018090452261306,3.801877851308502,28.516441049081575
7,1.002713567839196,3.859378964823655,28.947735051135602
7,1.0036180904522614,3.916956786950888,29.379604415339568
7,1.0045226130653266,3.97461320192849,29.81206327464887
7,1.005427135678392,4.032350121411694,30.24512596766298
7,1.0063316582914572,4.090169485162308,30.67880704379811
7,1.0072361809045227,4.14807326175303,31.113121268570012
7,1.008140703517588,4.206063449286707,31.548083628988856
7,1.0090452261306533,4.264142076131209,31.98370933907127
7,1.0099497487437186,4.322311201670127,32.42001384547098
7,1.0108542713567839,4.380572917069852,32.857012833232474
7,1.0117587939698491,4.438929346063553,33.2947222316712
7,1.0126633165829146,4.4973826457524355,33.73315822038363
7,1.01356783919598,4.555935007424783,34.17233723539048
7,1.0144723618090452,4.614588657393445,34.61227597541842
7,1.0153768844221105,4.6733458578520555,35.052991408322285
7,1.0162814070351758,4.732208907750693,35.494500777653
7,1.0171859296482413,4.791180143691484,35.93682160937522
7,1.0180904522613066,4.85026194084466,36.37997171873827
7,1.0189949748743719,4.90945671388585,36.82396921730648
7,1.0198994974874371,4.968766917954913,37.26883252015098
7,1.0208040201005024,5.028195049637213,37.71458035320987
7,1.021708542713568,5.087743647967816,38.16123176082036
7,1.0226130653266332,5.147415295459263,38.608806113427654
7,1.0235175879396985,5.207212619153781,39.05732311547723
7,1.0244221105527638,5.267138291700345,39.50680281349344
7,1.025326633165829,5.327195032457581,39.95726560435198
7,1.0262311557788946,5.3873856086230605,40.4087322437503
7,1.0271356783919598,5.447712836389803,40.861223854882084
7,1.0280402010050251,5.508179582130952,41.314761937323055
7,1.0289447236180904,5.568788763613066,41.76936837613143
7,1.0298492462311557,5.629543351239251,42.22506545117215
7,1.030753768844221,5.690446369322707,42.68187584666928
7,1.0316582914572865,5.751500897391769,43.139822660994646
7,1.0325628140703518,5.812710071527173,43.59892941669814
7,1.033467336683417,5.874077085732784,44.05922007078903
7,1.0343718592964823,5.9356051933403835,44.52071902527275
7,1.0352763819095476,5.997297708449833,44.98345113795298
7,1.0361809045226131,6.0591580074054825,45.447441733505705
7,1.0370854271356784,6.121189530309917,45.912716614833165
7,1.0379899497487437,6.183395782576273,46.37930207470724
7,1.038894472361809,6.245780336520008,46.8472249077087
7,1.0397989949748743,6.308346832991587,47.31651242247335
7,1.0407035175879398,6.37109898305102,47.78719245425214
7,1.041608040201005,6.434040569685712,48.25929337779605
7,1.0425125628140703,6.497175449572847,48.73284412057509
7,1.0434170854271356,6.56050755488758,49.20787417634087
7,1.044321608040201,6.62404089515846,49.68441361904345
7,1.0452261306532664,6.687779559171535,50.16249311711319
7,1.0461306532663317,6.751727716924479,50.64214394811808
7,1.047035175879397,6.815889621632475,51.123398013808966
7,1.0479396984924623,6.880269611787155,51.60628785556297
7,1.0488442211055276,6.944872113270384,52.09084667023811
7,1.049748743718593,7.009701641524498,52.57710832645148
7,1.0506532663316583,7.0747628037806525,53.06510738129324
7,1.0515577889447236,7.140060301347288,53.55487909749149
7,1.052462311557789,7.205598931960192,54.04645946103925
7,1.0533668341708542,7.271383592196343,54.53988519929973
7,1.0542713567839195,7.33741927995339,55.035193799603995
7,1.055175879396985,7.40371109699679,55.532423528356055
7,1.0560804020100503,7.470264251576644,56.03161345066081
7,1.0569849246231156,7.5370840611165875,56.532803450492295
7,1.0578894472361808,7.60417595497672,57.03603425141748
7,1.0587939698492461,7.67154547729302,57.54134743789357
7,1.0596984924623116,7.739198289895694,58.04878547715744
7,1.060603015075377,7.807140175308688,58.558391741723845
7,1.0615075376884422,7.87537703983332,59.070210532514594
7,1.0624120603015075,7.943914916718215,59.584287102634974
7,1.0633165829145728,8.012759969418621,60.100667681820696
7,1.0642211055276383,8.081918494947766,60.61939950157511
7,1.0651256281407036,8.151396927323205,61.14053082101898
7,1.0660301507537688,8.22120184111128,61.66411095347609
7,1.0669346733668341,8.29133995507266,62.19019029381709
7,1.0678391959798994,8.361818135912323,62.71882034658668
7,1.0687437185929647,8.432643402137295,63.25005375493903
7,1.0696482412060302,8.503822928025585,63.78394433040726
7,1.0705527638190955,8.57536404770995,64.32054708353421
7,1.0714572864321608,8.647274259380275,64.85991825539287
7,1.072361809045226,8.719561229608187,65.40211535002376
7,1.0732663316582913,8.792232797798153,65.94719716782078
7,1.0741708542713568,8.865296980769065,66.49522383989606
7,1.0750753768844221,8.938761977470467,67.04625686345453
7,1.0759798994974874,9.012636173838212,67.60035913821437
7,1.0768844221105527,9.086928147793662,68.15759500390409
7,1.077788944723618,9.161646674391578,68.71803027887496
7,1.0786934673366835,9.236800731121399,69.28173229986378
7,1.0795979899497488,9.312399503366983,69.84876996294446
7,1.080502512562814,9.388452390030398,70.4192137657098
7,1.0814070351758793,9.464969009324783,70.99313585072164
7,1.0823115577889446,9.541959204742328,71.5706100502744
7,1.0832160804020101,9.619433051203071,72.15171193251477
7,1.0841206030150754,9.697400861390538,72.73651884896309
7,1.0850251256281407,9.77587319228092,73.32510998348612
7,1.085929648241206,9.854860851871804,73.91756640276668
7,1.0868341708542713,9.934374906117634,74.51397110832404
7,1.0877386934673368,10.014426686078865,75.11440909013686
7,1.088643216080402,10.09502779529194,75.71896738192264
7,1.0895477386934673,10.176190117368117,76.32773511813365
7,1.0904522613065326,10.257925823828279,76.94080359272286
7,1.091356783919598,10.34024738218272,77.55826631974736
7,1.0922613065326634,10.423167564263723,78.18021909586777
7,1.0931658291457287,10.506699454819877,78.80676006481106
7,1.094070351758794,10.59085646038165,79.4379897838678
7,1.0949748743718593,10.67565231840701,80.07401129248998
7,1.0958793969849245,10.761101106717357,80.71493018306634
7,1.0967839195979898,10.847217253233898,81.36085467395124
7,1.0976884422110553,10.934015546024911,82.01189568482536
7,1.0985929648241206,11.021511143674893,82.66816691447077
7,1.099497487437186,11.109719585987332,83.3297849210483
7,1.1004020100502512,11.19865680503232,83.99686920496151
7,1.1013065326633165,11.288339136551947,84.66954229440427
7,1.102211055276382,11.378783331735814,85.34792983368428
7,1.1031155778894473,11.470006569380105,86.0321606744238
7,1.1040201005025125,11.562026468444195,86.7223669697419
7,1.1049246231155778,11.654861101018597,87.4186842715221
7,1.105829145728643,11.748529005719822,88.12125163088221
7,1.1067336683417084,11.843049201526963,88.83021170195717
7,1.107638190954774,11.938441202076623,89.54571084911996
7,1.1085427135678392,12.034725030432536,90.26789925776289
7,1.1094472361809045,12.131921234347493,90.99693104877149
7,1.1103517587939697,12.230050902035543,91.73296439682584
7,1.111256281407035,12.329135678473131,92.47616165266913
7,1.1121608040201005,12.429197782249048,93.22668946949285
7,1.1130653266331658,12.530260022983068,93.98471893358726
7,1.113969849246231,12.632345819334923,94.7504256994199
7,1.1148743718592964,12.73547921762508,95.52399012930303
7,1.1157788944723617,12.839684911090483,96.3055974378235
7,1.1166834170854272,12.94498825979911,97.0954378412144
7,1.1175879396984925,13.051415311247803,97.8937067118515
7,1.1184924623115577,13.15899282166953,98.70060473807091
7,1.119396984924623,13.267748278076606,99.51633808950695
7,1.1203015075376883,13.37770992106777,100.34111858815933
7,1.1212060301507538,13.48890676842852,101.17516388541033
7,1.122110552763819,13.601368639554392,102.01869764521446
7,1.1230150753768844,13.715126180729445,102.87194973370289
7,1.1239195979899497,13.830210891291921,103.735156415442
7,1.124824120603015,13.946655150721826,104.60856055660713
7,1.1257286432160805,14.064492246685887,105.4924118353371
7,1.1266331658291457,14.183756404076641,106.38696695954533
7,1.127537688442211,14.30448281508488,107.29248989248194
7,1.1284422110552763,14.426707670345047,108.20925208634347
7,1.1293467336683416,14.550468191195868,109.13753272424755
7,1.130251256281407,14.67580266309984,110.07761897089992
7,1.1311557788944724,14.80275047026692,111.02980623229347
7,1.1320603015075377,14.931352131530426,111.99439842479974
7,1.132964824120603,15.061649337523802,112.97170825401777
7,1.1338693467336682,15.193684989210581,113.96205750377267
7,1.1347738693467337,15.327503237820798,114.96577733566343
7,1.135678391959799,15.463149526250218,115.98320859958291
7,1.1365829145728643,15.600670631981094,117.01470215565003
7,1.1374874371859296,15.74011471158467,118.0606192080062
7,1.1383919597989949,15.88153134687009,119.12133165096073
7,1.1392964824120602,16.02497159274526,120.19722242797694
7,1.1402010050251257,16.17048802685956,121.28868590402334
7,1.141105527638191,16.31813480110008,122.39612825182726
7,1.1420100502512562,16.467967695017837,123.51996785260468
7,1.1429145728643215,16.620044171261252,124.66063571184557
7,1.1438190954773868,16.77442343310062,125.81857589078317
7,1.144723618090452,16.93116648412816,126.99424595418135
7,1.1456281407035176,17.09033619022412,128.18811743511884
7,1.1465326633165829,17.251997343881804,129.40067631746672
7,1.1474371859296482,17.416216730989913,130.63242353679755
7,1.1483417085427134,17.58306320017355,131.88387550048574
7,1.1492462311557787,17.75260773480106,133.15556462780353
7,1.1501507537688442,17.924923527767728,134.44803991084518
7,1.1510552763819095,18.100086059172472,135.76186749715023
7,1.1519597989949748,18.278173177010117,137.09763129494561
7,1.15286432160804,18.45926518100474,138.45593360194775
7,1.1537688442211054,18.643444909718273,139.83739575873108
7,1.1546733668341709,18.830797831072253,141.24265882769717
7,1.1555778894472362,19.021412136428065,142.67238429873507
7,1.1564824120603014,19.21537883837779,144.1272548227132
7,1.1573869346733667,19.41279187240346,145.60797497398684
7,1.158291457286432,19.613748202571113,147.11527204316894
7,1.1591959798994975,19.818347931433177,148.64989686146632
7,1.1601005025125628,20.026694414320126,150.21262465793782
7,1.161005025125628,20.2388943782119,151.80425595110373
7,1.1619095477386934,20.45505804538696,153.42561747639033
7,1.1628140703517587,20.675299262057393,155.0775631509729
7,1.1637185929648242,20.89973563220703,156.76097507764467
7,1.1646231155778894,21.12848865686021,158.47676458941882
7,1.1655276381909547,21.36168387901981,160.22587333665356
7,1.16643216080402,21.59945103452354,162.00927441856794
7,1.1673366834170853,21.841924209079167,163.82797356110336
7,1.1682412060301508,22.089242001752975,165.68301034318839
7,1.169145728643216,22.341547695196464,167.5754594735445
7,1.1700502512562814,22.598989432912937,169.50643212029541
7,1.1709547738693467,22.86172040387525,171.47707729571476
7,1.171859296482412,23.129899034826504,173.48858329860036
7,1.1727638190954774,23.40368919060638,175.542179216846
7,1.1736683417085427,23.683260382864564,177.6391364929216
7,1.174572864321608,23.968787987540676,179.78077055510732
7,1.1754773869346733,24.260453471506047,181.96844251744767
7,1.1763819095477386,24.55844462878327,184.20356095154438
7,1.1772864321608039,24.862955826780087,186.48758373346325
7,1.1781909547738694,25.174188262993265,188.82201996917254
7,1.1790954773869347,25.49235023266243,191.2084320021125
7,1.18,25.8176574078759,193.6484375066621
8,1.0,1.8964803269254458,14.224778269743537
8,1.0009045226130653,1.9175442862989476,14.382771024699611
8,1.0018090452261306,1.938621157502616,14.540860626387271
8,1.002713567839196,1.9597115872821433,14.69905192580019
8,1.0036180904522614,1.980816230205755,14.85734983260589
8,1.0045226130653266,2.0019357489506597,15.015759317294297
8,1.005427135678392,2.0230708145957323,15.174285413373042
8,1.0063316582914572,2.0442221069206883,15.332933219611451
8,1.0072361809045227,2.0653903147119914,15.491707902335056
8,1.008140703517588,2.086576136075671,15.6506146977719
8,1.0090452261306533,2.107780278757362,15.809658914453044
8,1.0099497487437186,2.1290034604697428,15.968845935668561
8,1.0108542713567839,2.150246409227674,16.128181221981276
8,1.0117587939698491,2.17150986369128,16.28767031380009
8,1.0126633165829146,2.1927945735172547,16.44731883401499
8,1.01356783919598,2.214101299718645,16.607132490695662
8,1.0144723618090452,2.2354308150334488,16.767117079856185
8,1.0153768844221105,2.2567839043022855,16.927278488287808
8,1.0162814070351758,2.2781613648554346,17.08762269646197
8,1.0171859296482413,2.299564006909609,17.24815578150635
8,1.0180904522613066,2.320992653974735,17.408883920255978
8,1.0189949748743719,2.3424481432711364,17.56981339238235
8,1.0198994974874371,2.3639313261573904,17.730950583602645
8,1.0208040201005024,2.3854430685693004,17.892301988972264
8,1.021708542713568,2.4069842514703006,18.053874216263164
8,1.0226130653266332,2.4285557713136736,18.215673989430766
8,1.0235175879396985,2.4501585405170405,18.377708152172925
8,1.0244221105527638,2.4717934879494483,18.53998367158339
8,1.025326633165829,2.493461559431532,18.70250764190334
8,1.0262311557788946,2.51516371824918,18.865287288374162
8,1.0271356783919598,2.536900945681112,19.02832997119466
8,1.0280402010050251,2.5586742415409414,19.191643189586813
8,1.0289447236180904,2.580484624734061,19.35523458597279
8,1.0298492462311557,2.6023331338299704,19.519111950267753
8,1.030753768844221,2.6242208276504964,19.683283224291866
8,1.0316582914572865,2.646148785874475,19.847756506305803
8,1.0325628140703518,2.6681181096593862,20.012540055673384
8,1.033467336683417,2.6901299222806294,20.177642297656533
8,1.0343718592964823,2.7121853697888922,20.34307182834596
8,1.0352763819095476,2.7342856216863103,20.50883741973277
8,1.0361809045226131,2.7564318716220306,20.674948024925634
8,1.0370854271356784,2.778625338107806,20.841412783518173
8,1.0379899497487437,2.8008672652543574,21.00824102711214
8,1.038894472361809,2.8231589235291206,21.17544228500099
8,1.0397989949748743,2.8455016105361803,21.343026290019885
8,1.0407035175879398,2.8678966518190836,21.511002984567252
8,1.041608040201005,2.8903454016873256,21.679382526803987
8,1.0425125628140703,2.9128492440673694,21.84817529703659
8,1.0434170854271356,2.9354095933789117,22.01739190428973
8,1.044321608040201,2.958027895437368,22.187043193075432
8,1.0452261306532664,2.980705628383416,22.357140250365216
8,1.0461306532663317,3.003444303640511,22.52769441277209
8,1.047035175879397,3.026245466901395,22.698717273949942
8,1.0479396984924623,3.0491106991445127,22.870220692217313
8,1.0488442211055276,3.0720416176813887,23.042216798413378
8,1.049748743718593,3.0950398772360805,23.214718003994488
8,1.0506532663316583,3.1181071710577086,23.38773700937887
8,1.0515577889447236,3.1412452320673325,23.561286812548875
8,1.052462311557789,3.164455834040231,23.735380717918837
8,1.0533668341708542,3.187740792824907,23.910032345478353
8,1.0542713567839195,3.211101967600051,24.085255640220293
8,1.055175879396985,3.234541262170779,24.261064881863387
8,1.0560804020100503,3.25806062630552,24.437474694879707
8,1.0569849246231156,3.2816620571149975,24.61450005883789
8,1.0578894472361808,3.3053476004747244,24.792156319072728
8,1.0587939698492461,3.3291193524925666,24.970459197692794
8,1.0596984924623116,3.3529794610229655,25.149424804938075
8,1.060603015075377,3.3769301272294263,25.32906965089958
8,1.0615075376884422,3.40097360719703,25.509410657614186
8,1.0624120603015075,3.425112213596654,25.690465171547334
8,1.0633165829145728,3.449348317402816,25.872250976477908
8,1.0642211055276383,3.473684349666992,26.05478630679923
8,1.0651256281407036,3.49812280334835,26.2380898612507
8,1.0660301507537688,3.5226662352040825,26.422180817096443
8,1.0669346733668341,3.547317267741261,26.607078844765457
8,1.0678391959798994,3.5720785912325894,26.792804122970985
8,1.0687437185929647,3.5969529657982533,26.979377354325692
8,1.0696482412060302,3.62194322355626,27.166819781470554
8,1.0705527638190955,3.647052270843737,27.355153203735952
8,1.0714572864321608,3.67228309051178,27.544399994354468
8,1.072361809045226,3.697638744296443,27.734583118244785
8,1.0732663316582913,3.723122375268686,27.92572615038781
8,1.0741708542713568,3.748737210366129,28.117853294816396
8,1.0750753768844221,3.7744865630095785,28.310989404240903
8,1.0759798994974874,3.8003738358074695,28.50516000033422
8,1.0768844221105527,3.826402523351355,28.70039129469964
8,1.077788944723618,3.8525762151058593,28.896710210547308
8,1.0786934673366835,3.878898598396515,29.094144405104867
8,1.0795979899497488,3.905373461499102,29.292722292789392
8,1.080502512562814,3.9320046968342726,29.49247306916908
8,1.0814070351758793,3.958796304271279,29.693426735743238
8,1.0823115577889446,3.9857523945449103,29.895614125571445
8,1.0832160804020101,4.012877192789842,30.099066929783344
8,1.0841206030150754,4.0401750421967035,30.303817725001437
8,1.0850251256281407,4.06765040779455,30.509900001711955
8,1.085929648241206,4.095307880364286,30.717348193617973
8,1.0868341708542713,4.1231521804881135,30.92619770801275
8,1.0877386934673368,4.151188162740017,31.136484957211028
8,1.088643216080402,4.179420820022615,31.348247391078022
8,1.0895477386934673,4.20785528805601,31.561523530698665
8,1.0904522613065326,4.23649685002419,31.77635300322844
8,1.091356783919598,4.26535094138518,31.99277657797251
8,1.0922613065326634,4.294423154850997,32.21083620373848
8,1.0931658291457287,4.323719245543986,32.43057504751213
8,1.094070351758794,4.353245136336262,32.65203753450649
8,1.0949748743718593,4.3830069233792255,32.875269389636685
8,1.0958793969849245,4.413010881830504,33.10031768047551
8,1.0967839195979898,4.4432634717858805,33.32723086174661
8,1.0976884422110553,4.473771344424152,33.55605882141468
8,1.0985929648241206,4.5045413483730945,33.7868529284342
8,1.099497487437186,4.535580536305221,34.01966608222167
8,1.1004020100502512,4.566896171772103,34.25455276391727
8,1.1013065326633165,4.598495736286669,34.49156908950651
8,1.102211055276382,4.630386936663129,34.7307728648742
8,1.1031155778894473,4.662577712624571,34.972223642866105
8,1.1040201005025125,4.6950762446887895,35.21598278243763
8,1.1049246231155778,4.727890962343241,35.46211350997096
8,1.105829145728643,4.76103055252053,35.71068098284653
8,1.1067336683417084,4.794503968386324,35.961752355357824
8,1.107638190954774,4.8283204384520575,36.21539684706227
8,1.1085427135678392,4.862489476025253,36.47168581366453
8,1.1094472361809045,4.897020889011074,36.73069282053424
8,1.1103517587939697,4.931924790078898,36.99249371896158
8,1.111256281407035,4.9672116072086485,37.25716672526133
8,1.1121608040201005,5.002892094632093,37.52479250283937
8,1.1130653266331658,5.038977344184885,37.79545424734003
8,1.113969849246231,5.075478797086044,38.06923777499952
8,1.1148743718592964,5.112408256161986,38.34623161433372
8,1.1157788944723617,5.149777898533155,38.62652710129575
8,1.1166834170854272,5.187600288782062,38.910218478044506
8,1.1175879396984925,5.225888392622188,39.19740299546984
8,1.1184924623115577,5.264655591088334,39.48818101962898
8,1.119396984924623,5.303915695269578,39.7826561422529
8,1.1203015075376883,5.34368296160709,40.08093529548937
8,1.1212060301507538,5.383972107780101,40.38312887105758
8,1.122110552763819,5.42479832920406,40.68935084399455
8,1.1230150753768844,5.466177316166419,40.99971890118417
8,1.1239195979899497,5.508125271626251,41.31435457486529
8,1.124824120603015,5.550658929705323,41.63338338132634
8,1.1257286432160805,5.593795574899317,41.95693496500131
8,1.1266331658291457,5.637553062039154,42.285143248192114
8,1.127537688442211,5.681949837033915,42.618146586653324
8,1.1284422110552763,5.7270049584277976,42.9560879312827
8,1.1293467336683416,5.772738119805497,43.299114996175504
8,1.130251256281407,5.819169673081586,43.6473804333092
8,1.1311557788944724,5.866320652711152,44.001042014138314
8,1.1320603015075377,5.91421280086074,44.36026281839209
8,1.132964824120603,5.962868593580104,44.72521143037879
8,1.1338693467336682,6.0123112680173945,45.096062143116626
8,1.1347738693467337,6.0625648507222145,45.47299517062405
8,1.135678391959799,6.113654187082782,45.85619686871685
8,1.1365829145728643,6.165604971946041,46.24585996467791
8,1.1374874371859296,6.2184437814710805,46.64218379617761
8,1.1383919597989949,6.2721981062690935,47.045374559844085
8,1.1392964824120602,6.326896385885258,47.45564556989868
8,1.1402010050251257,6.382568044680509,47.873217527291516
8,1.141105527638191,6.439243529173687,48.29831879979074
8,1.1420100502512562,6.4969543469077395,48.73118571350313
8,1.1429145728643215,6.555733106905892,49.17206285632047
8,1.1438190954773868,6.615613561787431,49.62120339381404
8,1.144723618090452,6.676630651615511,50.07886939812033
8,1.1456281407035176,6.738820549552932,50.54533219038771
8,1.1465326633165829,6.802220709405234,51.02087269737908
8,1.1474371859296482,6.866869915134397,51.50578182285536
8,1.1483417085427134,6.93280833242989,52.00036083439028
8,1.1492462311557787,7.0000775624282925,52.504921766300896
8,1.1501507537688442,7.068720697676709,53.019787839407876
8,1.1510552763819095,7.1387823804396735,53.54529389837342
8,1.1519597989949748,7.210308863454298,54.08178686740257
8,1.15286432160804,7.283348073242592,54.629626225124845
8,1.1537688442211054,7.3579496760958625,55.18918449951815
8,1.1546733668341709,7.434165146851044,55.760847783773876
8,1.1555778894472362,7.512047840584422,56.345016274044326
8,1.1564824120603014,7.591653067354843,56.94210483006307
8,1.1573869346733667,7.673038170133745,57.55254355966857
8,1.158291457286432,7.756262606066888,58.17677842831742
8,1.1591959798994975,7.841388031219108,58.81527189472266
8,1.1601005025125628,7.9284783889605475,59.46850357380526
8,1.161005025125628,8.017600002161107,60.136970928209635
8,1.1619095477386934,8.108821669366916,60.82118998968688
8,1.1628140703517587,8.202214765141967,61.52169611171914
8,1.1637185929648242,8.29785334476628,62.239044754820846
8,1.1646231155778894,8.395814253491528,62.97381230602362
8,1.1655276381909547,8.496177240564965,63.726596934126384
8,1.16643216080402,8.599025078242315,64.49801948236588
8,1.1673366834170853,8.704443686021513,65.28872440024668
8,1.1682412060301508,8.812522260340483,66.09938071635503
8,1.169145728643216,8.923353409993663,66.93068305406666
8,1.1700502512562814,9.03703329753539,67.7833526921599
8,1.1709547738693467,9.153661786950359,68.6581386724356
8,1.171859296482412,9.273342597886204,69.55581895655722
8,1.1727638190954774,9.396183466757396,70.47720163442986
8,1.1736683417085427,9.522296315044885,71.42312618655197
8,1.174572864321608,9.651797425132852,72.39446480289996
8,1.1754773869346733,9.784807624039697,73.39212376102464
8,1.1763819095477386,9.92145247541939,74.41704486618018
8,1.1772864321608039,10.061862480227829,75.47020695644645
8,1.1781909547738694,10.206173286468255,76.55262747594952
8,1.1790954773869347,10.354525908451182,77.66536411944709
8,1.18,10.507066956026362,78.80951655171044
9,1.0,2.319607243411212,17.398492482075003
9,1.0009045226130653,2.36278067105276,17.72231995691175
9,1.0018090452261306,2.4060251656785367,18.046680478191746
9,1.002713567839196,2.4493432211152513,18.371592751161476
9,1.0036180904522614,2.492737367272148,18.697075751708816
9,1.0045226130653266,2.5362101712898406,19.023148734980005
9,1.005427135678392,2.579764238714858,19.34983124418944
9,1.0063316582914572,2.6234022147007745,19.677143119628923
9,1.0072361809045227,2.667126785236858,20.00510450788328
9,1.008140703517588,2.7109406784050045,20.333735871258146
9,1.0090452261306533,2.754846665666091,20.663057997428393
9,1.0099497487437186,2.798847563176472,20.993092009312708
9,1.0108542713567839,2.8429462331357707,21.323859375182824
9,1.0117587939698491,2.887145585166906,21.655381919014598
9,1.0126633165829146,2.93144857772944,21.98768183108899
9,1.01356783919598,2.975858219567256,22.32078167885055
9,1.0144723618090452,3.020377571191798,22.654704418032622
9,1.0153768844221105,3.065009746401895,22.98947340405698
9,1.0162814070351758,3.109757913841416,23.3251124037172
9,1.0171859296482413,3.154625298595982,23.66164560715499
9,1.0180904522613066,3.199615183829933,23.999097640138473
9,1.0189949748743719,3.2447309124649752,24.337493576653042
9,1.0198994974874371,3.289975888901671,24.67685895181365
9,1.0208040201005024,3.3353535807853185,25.017219775109975
9,1.021708542713568,3.380867520817552,25.358602543994547
9,1.0226130653266332,3.426521308615135,25.70103425782485
9,1.0235175879396985,3.4723186126175682,26.044542432171582
9,1.0244221105527638,3.5182631720449495,26.389155113503787
9,1.025326633165829,3.5643587989077927,26.734900894263767
9,1.0262311557788946,3.610609380070472,27.081808928344184
9,1.0271356783919598,3.657018879369925,27.429908946979648
9,1.0280402010050251,3.7035913397916462,27.779231275068017
9,1.0289447236180904,3.7503308857044906,28.129806847932816
9,1.0298492462311557,3.7972417251564625,28.481667228543063
9,1.030753768844221,3.84432815223332,28.834844625204283
9,1.0316582914572865,3.8915945494821056,29.18937190973647
9,1.0325628140703518,3.9390453904015916,29.545282636153985
9,1.033467336683417,3.9866852420020615,29.902611059865503
9,1.0343718592964823,4.034518767436372,30.261392157408597
9,1.0352763819095476,4.082550728704836,30.62166164673807
9,1.0361809045226131,4.130785989436292,30.983456008085643
9,1.0370854271356784,4.179229517747731,31.346812505408987
9,1.0379899497487437,4.227886389185304,31.711769208451074
9,1.038894472361809,4.276761789749081,32.07836501542775
9,1.0397989949748743,4.32586101900452,32.446639676365685
9,1.0407035175879398,4.3751894932834325,32.81663381711158
9,1.041608040201005,4.424752748977321,33.18838896403427
9,1.0425125628140703,4.474556445926351,33.5619475694441
9,1.0434170854271356,4.52460637090683,33.93735303775119
9,1.044321608040201,4.574908441220689,34.314649752388725
9,1.0452261306532664,4.6254687083902395,34.693883103526
9,1.0461306532663317,4.676293361961706,35.07509951659721
9,1.047035175879397,4.727388733421272,35.458346481674255
9,1.0479396984924623,4.778761300227207,35.84367258371019
9,1.0488442211055276,4.83041768996213,36.23112753368375
9,1.049748743718593,4.882364684609335,36.62076220067447
9,1.0506532663316583,4.934609224957354,37.01262864489963
9,1.0515577889447236,4.987158415137188,37.40678015174629
9,1.052462311557789,5.040019527296485,37.803271266830556
9,1.0533668341708542,5.093200006415452,38.202157832119866
9,1.0542713567839195,5.146707475269263,38.60349702315414
9,1.055175879396985,5.200549739541903,39.00734738740279
9,1.0560804020100503,5.254734793096594,39.41376888379617
9,1.0569849246231156,5.309270823408283,39.82282292347263
9,1.0578894472361808,5.364166217163506,40.23457241178093
9,1.0587939698492461,5.419429566033551,40.64908179158257
9,1.0596984924623116,5.475069672626779,41.06641708789787
9,1.060603015075377,5.531095556626281,41.48664595394221
9,1.0615075376884422,5.58751646111936,41.909837718601096
9,1.0624120603015075,5.644341859125285,42.3360634353923
9,1.0633165829145728,5.701581460328382,42.76539593296826
9,1.0642211055276383,5.759245218023495,43.197909867211386
9,1.0651256281407036,5.817343336281179,43.63368177497733
9,1.0660301507537688,5.87588627734052,44.07279012954585
9,1.0669346733668341,5.934884769237198,44.515315397835906
9,1.0678391959798994,5.994349813675386,44.96134009944987
9,1.0687437185929647,6.054292694151859,45.410948867609314
9,1.0696482412060302,6.114724984341275,45.86422851204985
9,1.0705527638190955,6.175658556751844,46.32126808394401
9,1.0714572864321608,6.237105591661068,46.78215894292484
9,1.072361809045226,6.299078586341309,47.24699482628334
9,1.0732663316582913,6.361590364585705,47.71587192041883
9,1.0741708542713568,6.424654086545038,48.18888893462144
9,1.0750753768844221,6.48828325888672,48.66614717727091
9,1.0759798994974874,6.552491745287559,49.14775063453877
9,1.0768844221105527,6.61729377727211,49.63380605168273
9,1.077788944723618,6.682703965409298,50.12442301702829
9,1.0786934673366835,6.748737310880121,50.61971404873365
9,1.0795979899497488,6.815409217429942,51.11979468443937
9,1.080502512562814,6.882735503719456,51.624783573908225
9,1.0814070351758793,6.950732416088649,52.134802574762844
9,1.0823115577889446,7.019416641749059,52.649976851435824
9,1.0832160804020101,7.08880532241992,53.1704349774493
9,1.0841206030150754,7.15891606842444,53.69630904114572
9,1.0850251256281407,7.229766973263454,54.227734754999325
9,1.085929648241206,7.301376628683679,54.76485156863737
9,1.0868341708542713,7.373764140259165,55.30780278571069
9,1.0877386934673368,7.446949143504984,55.85673568475635
9,1.088643216080402,7.5209518205427255,56.41180164419917
9,1.0895477386934673,7.595792917338877,56.973156271650325
9,1.0904522613065326,7.6714937615369205,57.540959537659056
9,1.091356783919598,7.74807628090598,58.115375914089014
9,1.0922613065326634,7.8255630224288275,58.69657451729011
9,1.0931658291457287,7.903977172053523,59.28472925624809
9,1.094070351758794,7.9833425751339675,59.88001898590134
9,1.0949748743718593,8.063683757585066,60.482627665817695
9,1.0958793969849245,8.145025947780068,61.09274452443813
9,1.0967839195979898,8.227395099218231,61.710564229098246
9,1.0976884422110553,8.310817913992212,62.336287062048264
9,1.0985929648241206,8.39532186708592,62.97011910270199
9,1.099497487437186,8.480935231534792,63.612272416354486
9,1.1004020100502512,8.56768710448157,64.26296524961654
9,1.1013065326633165,8.655607434162336,64.9224222328267
9,1.102211055276382,8.74472704785878,65.59087458971051
9,1.1031155778894473,8.835077680854186,66.26856035456852
9,1.1040201005025125,8.926692006432496,66.95572459728771
9,1.1049246231155778,9.019603666960704,67.65261965647879
9,1.105829145728643,9.113847306097638,68.35950538106206
9,1.1067336683417084,9.209458602172726,69.07664938062878
9,1.107638190954774,9.306474302781382,69.80432728492808
9,1.1085427135678392,9.404932260644511,70.54282301283543
9,1.1094472361809045,9.50487147078281,71.29242905118295
9,1.1103517587939697,9.606332109057389,72.05344674383802
9,1.111256281407035,9.709355572131571,72.8261865914415
9,1.1121608040201005,9.813984518910445,73.61096856223006
9,1.1130653266331658,9.920262913517172,74.40812241438518
9,1.113969849246231,10.02823606986805,75.21798803037369
9,1.1148743718592964,10.13795069791029,76.04091576375987
9,1.1157788944723617,10.249454951589849,76.87726679899384
9,1.1166834170854272,10.362798478619222,77.7274135247009
9,1.1175879396984925,10.478032472118066,78.5917399210182
9,1.1184924623115577,10.595209724203226,79.4706419615532
9,1.119396984924623,10.714384681607303,80.36452803055737
9,1.1203015075376883,10.835613503408686,81.27381935593725
9,1.1212060301507538,10.958954120960192,82.19895045875643
9,1.122110552763819,11.084466300105758,83.14036961989925
9,1.1230150753768844,11.21221170578072,84.09853936461298
9,1.1239195979899497,11.3422539690931,85.07393696565909
9,1.124824120603015,11.474658756989543,86.0670549658509
9,1.1257286432160805,11.60949384461279,87.07840172077958
9,1.1266331658291457,11.746829190463353,88.10850196257323
9,1.127537688442211,11.886737014482344,89.15789738556656
9,1.1284422110552763,12.029291879177768,90.22714725479834
9,1.1293467336683416,12.174570773922424,91.31682903829801
9,1.130251256281407,12.322653202556916,92.42753906416245
9,1.1311557788944724,12.47362127443737,93.55989320347042
9,1.1320603015075377,12.627559799074064,94.71452758013089
9,1.132964824120603,12.784556384513161,95.8920993088071
9,1.1338693467336682,12.944701539621166,97.09328726211331
9,1.1347738693467337,13.108088780438894,98.31879286833558
9,1.135678391959799,13.274814740778963,99.5693409409815
9,1.1365829145728643,13.44497928724955,100.84568054152972
9,1.1374874371859296,13.61868563889442,102.14858587680425
9,1.1383919597989949,13.796040491648935,103.47885723247182
9,1.1392964824120602,13.977154147820482,104.83732194422525
9,1.1402010050251257,14.162140650811569,106.22483540829026
9,1.141105527638191,14.351117925313257,107.64228213296312
9,1.1420100502512562,14.544207923208909,109.0905768329792
9,1.1429145728643215,14.741536775436774,110.57066556857657
9,1.1438190954773868,14.943234950073867,112.08352693122305
9,1.144723618090452,15.149437416914882,113.6301732780601
9,1.1456281407035176,15.36028381883214,115.21165201720872
9,1.1465326633165829,15.575918650217394,116.82904694619359
9,1.1474371859296482,15.796491442819274,118.4834796458391
9,1.1483417085427134,16.022156959305434,120.17611093210552
9,1.1492462311557787,16.253075394894182,121.9081423684512
9,1.1501507537688442,16.48941258741622,123.68081784142584
9,1.1510552763819095,16.731340236184806,125.49542520233247
9,1.1519597989949748,16.979036130071083,127.35329797793376
9,1.15286432160804,17.232684385198286,129.25581715330597
9,1.1537688442211054,17.492475692691354,131.2044130301146
9,1.1546733668341709,17.75860757693679,133.2005671637236
9,1.1555778894472362,18.03128466483089,135.24581438272386
9,1.1564824120603014,18.310718966518003,137.34174489464425
9,1.1573869346733667,18.597130168142897,139.49000648177596
9,1.158291457286432,18.89074593716853,141.692306791245
9,1.1591959798994975,19.191802240837106,143.95041572366762
9,1.1601005025125628,19.500543678379035,146.26616792492334
9,1.161005025125628,19.81722382760674,148.64146538582366
9,1.1619095477386934,20.142105606557724,151.07828015465898
9,1.1628140703517587,20.475461650888292,153.57865716788572
9,1.1637185929648242,20.817574707750047,156.14471720444416
9,1.1646231155778894,21.168738046919568,158.77865996948583
9,1.1655276381909547,21.52925588999041,161.48276731357987
9,1.16643216080402,21.89944385847404,164.25940659374754
9,1.1673366834170853,22.27962944170125,167.11103418301323
9,1.1682412060301508,22.670152485459138,170.0401991354845
9,1.169145728643216,23.071365702344377,173.04954701431828
9,1.1700502512562814,23.483635204865436,176.14182389031777
9,1.1709547738693467,23.907341062375078,179.31988051927175
9,1.171859296482412,24.342877882971386,182.58667670657283
9,1.1727638190954774,24.790655421562395,185.9452858680793
9,1.1736683417085427,25.251099215349388,189.3988997966339
9,1.174572864321608,25.7246512480493,192.95083364414356
9,1.1754773869346733,26.211770644241437,196.6045311296102
9,1.1763819095477386,26.712934395296998,200.36356998405256
9,1.1772864321608039,27.228638118422936,204.23166764380542
9,1.1781909547738694,27.7593968504312,208.21268720428128
9,1.1790954773869347,28.305745877926142,212.31064364689038
9,1.18,28.86824160569288,216.52971035249212
10,1.0,3.047299851296483,22.856638210631424
10,1.0009045226130653,3.102600289350626,23.27142578230909
10,1.0018090452261306,3.1580633298490346,23.687432973132264
10,1.002713567839196,3.2136947059690417,24.10470278548551
10,1.0036180904522614,3.269500231099368,24.52327882338854
10,1.0045226130653266,3.3254858014688833,24.943205312213536
10,1.005427135678392,3.381657398833501,25.364527118838534
10,1.0063316582914572,3.4380210932233255,25.787289772252738
10,1.0072361809045227,3.494583045752038,26.211539484628652
10,1.008140703517588,3.551349511490506,26.637323172875917
10,1.0090452261306533,3.608326842406898,27.064688480694027
10,1.0099497487437186,3.6655214903754185,27.49368380113967
10,1.0108542713567839,3.722940010255932,27.924358299725846
10,1.0117587939698491,3.780589063046821,28.356761938070246
10,1.0126633165829146,3.838475419113554,28.790945498111505
10,1.01356783919598,3.896605961495314,29.226960606910982
10,1.0144723618090452,3.9549876892924565,29.664859762060782
10,1.0153768844221105,4.0136277211372615,30.104696357716566
10,1.0162814070351758,4.072533298750715,30.546524711275584
10,1.0171859296482413,4.131711790588335,30.99040009072268
10,1.0180904522613066,4.191170695577628,31.436378742663468
10,1.0189949748743719,4.250917646950538,31.88451792107014
10,1.0198994974874371,4.310960416173632,32.33487591676027
10,1.0208040201005024,4.371306916979466,32.787512087634525
10,1.021708542713568,4.431965209502346,33.24248688969749
10,1.0226130653266332,4.492943504521754,33.69986190888596
10,1.0235175879396985,4.554250167817272,34.15969989373358
10,1.0244221105527638,4.615893724638304,34.62206478889655
10,1.025326633165829,4.677882864292502,35.087021769569624
10,1.0262311557788946,4.7402264448568046,35.55463727682184
10,1.0271356783919598,4.802933498014888,36.02497905388043
10,1.0280402010050251,4.866013234025545,36.49811618339668
10,1.0289447236180904,4.929475046825757,36.974119125722204
10,1.0298492462311557,4.993328519273354,37.4530597582321
10,1.030753768844221,5.057583428533452,37.935011415726585
10,1.0316582914572865,5.12224975161367,38.42004893194852
10,1.0325628140703518,5.187337671052702,38.90824868225131
10,1.033467336683417,5.252857580767698,39.399688627457806
10,1.0343718592964823,5.31882009206518,39.89444835894593
10,1.0352763819095476,5.385236039821297,40.392609145004414
10,1.0361809045226131,5.4521164888367215,40.89425397849849
10,1.0370854271356784,5.519472740372039,41.39946762588932
10,1.0379899497487437,5.587316338869737,41.908336677653125
10,1.038894472361809,5.655659078868716,42.42094960014427
10,1.0397989949748743,5.72451301211786,42.93739678895146
10,1.0407035175879398,5.793890454895225,43.45777062379622
10,1.041608040201005,5.863803995539704,43.98216552502501
10,1.0425125628140703,5.934266502202283,44.51067801174849
10,1.0434170854271356,6.00529113082411,45.043406761681936
10,1.044321608040201,6.076891333349001,45.58045267274418
10,1.0452261306532664,6.1490808661782985,46.121918926474265
10,1.0461306532663317,6.2218737988760955,46.667911053326016
10,1.047035175879397,6.295284523133392,47.218536999904785
10,1.0479396984924623,6.369327761999721,47.773907198210345
10,1.0488442211055276,6.444018579391372,48.33413463695451
10,1.049748743718593,6.5193723898856115,48.899334935023816
10,1.0506532663316583,6.595404968810398,49.46962641715865
10,1.0515577889447236,6.672132462639881,50.045130191925935
10,1.052462311557789,6.749571399705902,50.62597023206208
10,1.0533668341708542,6.827738701236209,51.21227345726633
10,1.0542713567839195,6.906651692730805,51.80416981953053
10,1.055175879396985,6.986328115687803,52.40179239109025
10,1.0560804020100503,7.066786139690634,53.00527745508636
10,1.0569849246231156,7.148044374869571,53.614764599034196
10,1.0578894472361808,7.230121884749777,54.230396811191866
10,1.0587939698492461,7.3130381994997204,54.85232057993159
10,1.0596984924623116,7.396813329593672,55.480685996216884
10,1.060603015075377,7.481467779902461,56.11564685929199
10,1.0615075376884422,7.567022564227792,56.75736078569826
10,1.0624120603015075,7.653499220295088,57.40598932172974
10,1.0633165829145728,7.740919825221288,58.06169805945129
10,1.0642211055276383,7.829307011474037,58.72465675640239
10,1.0651256281407036,7.918683983339353,59.39503945911481
10,1.0660301507537688,8.009074533916156,60.073024630582196
10,1.0669346733668341,8.100503062655656,60.75879528181627
10,1.0678391959798994,8.192994593465249,61.452539107637314
10,1.0687437185929647,8.28657479339674,62.154448626847454
10,1.0696482412060302,8.381269991939783,62.864721326943375
10,1.0705527638190955,8.477107200941788,63.58355981352799
10,1.0714572864321608,8.574114135177192,64.31117196459275
10,1.072361809045226,8.67231923358876,65.04777108984052
10,1.0732663316582913,8.771751681225307,65.79357609523215
10,1.0741708542713568,8.872441431900873,66.54881165294432
10,1.0750753768844221,8.974419231601212,67.31370837693268
10,1.0759798994974874,9.077716642664907,68.08850300430525
10,1.0768844221105527,9.182366068766683,68.87343858271275
10,1.077788944723618,9.288400780732514,69.66876466397791
10,1.0786934673366835,9.395854943216564,70.47473750418902
10,1.0795979899497488,9.50476364227133,71.29162027049318
10,1.080502512562814,9.615162913844053,72.11968325483697
10,1.0814070351758793,9.727089773232892,72.9592040949061
10,1.0823115577889446,9.840582245538434,73.81046800253048
10,1.0832160804020101,9.95567939714723,74.67376799983046
10,1.0841206030150754,10.072421368285278,75.54940516338792
10,1.0850251256281407,10.190849406681522,76.43768887674355
10,1.085929648241206,10.311005902382103,77.33893709152524
10,1.0868341708542713,10.432934423758516,78.25347659753159
10,1.0877386934673368,10.556679754754269,79.18164330210496
10,1.088643216080402,10.682287933416058,80.12378251913914
10,1.0895477386934673,10.809806291758397,81.08024926808886
10,1.0904522613065326,10.939283497010857,82.05140858334957
10,1.091356783919598,11.070769594301039,83.03763583440626
10,1.0922613065326634,11.204316050826908,84.03931705715331
10,1.0931658291457287,11.339975801575159,85.05684929681067
10,1.094070351758794,11.477803296644733,86.09064096287942
10,1.0949748743718593,11.61785455023606,87.14111219659159
10,1.0958793969849245,11.760187191370047,88.20869525133399
10,1.0967839195979898,11.904860516403055,89.29383488654308
10,1.0976884422110553,12.051935543406747,90.39698877558752
10,1.0985929648241206,12.201475068484564,91.51862792817668
10,1.099497487437186,12.353543724100053,92.65923712785933
10,1.1004020100502512,12.508208039494107,93.8193153851903
10,1.1013065326633165,12.665536503272925,94.99937640717896
10,1.102211055276382,12.825599628250917,96.19994908365139
10,1.1031155778894473,12.988470018636189,97.42157799118297
10,1.1040201005025125,13.154222439650967,98.66482391529483
10,1.1049246231155778,13.322933889681618,99.93026439162374
10,1.105829145728643,13.494683675058319,101.21849426681592
10,1.1067336683417084,13.669553487567798,102.53012627992078
10,1.107638190954774,13.847627484807223,103.86579166509475
10,1.1085427135678392,14.02899237349156,105.22614077645827
10,1.1094472361809045,14.213737495832497,106.61184373599114
10,1.1103517587939697,14.40195491911016,108.02359110537604
10,1.111256281407035,14.593739528566195,109.46209458275416
10,1.1121608040201005,14.789189123750468,110.92808772538523
10,1.1130653266331658,14.988404518460378,112.42232669925427
10,1.113969849246231,15.191489644417473,113.94559105671058
10,1.1148743718592964,15.398551658831911,115.4986845432678
10,1.1157788944723617,15.609701056012078,117.0824359347453
10,1.1166834170854272,15.825051783183962,118.69769990598529
10,1.1175879396984925,16.04472136069059,120.34535793242306
10,1.1184924623115577,16.26883100675139,122.02631922585961
10,1.119396984924623,16.497505766966757,123.74152170582619
10,1.1203015075376883,16.730874648762754,125.49193300800287
10,1.1212060301507538,16.96907076097952,127.2785515312182
10,1.122110552763819,17.212231458814326,129.1024075246119
10,1.1230150753768844,17.460498494341714,130.96456421662933
10,1.1239195979899497,17.714018172840493,132.86611898757084
10,1.124824120603015,17.97294151517,134.80820458751438
10,1.1257286432160805,18.237424426446328,136.79199040149186
10,1.1266331658291457,18.507627871282505,138.81868376389897
10,1.127537688442211,18.7837180558673,140.8895313241994
10,1.1284422110552763,19.06586661716872,143.00582046606803
10,1.1293467336683416,19.354250819563457,145.16888078223406
10,1.130251256281407,19.649053759204282,147.38008560736282
10,1.1311557788944724,19.95046457645331,149.64085361143722
10,1.1320603015075377,20.258678676723786,151.95265045620795
10,1.132964824120603,20.57389796008666,154.3169905173852
10,1.1338693467336682,20.896331060016244,156.73543867537904
10,1.1347738693467337,21.226193591666537,159.20961217752586
10,1.135678391959799,21.563708410084335,161.74118257484676
10,1.1365829145728643,21.909105878789333,164.33187773656485
10,1.1374874371859296,22.2626241491646,166.98348394570698
10,1.1383919597989949,22.624509451126542,169.69784807930876
10,1.1392964824120602,22.99501639556198,172.47687987688008
10,1.1402010050251257,23.37440828904372,175.3225543009671
10,1.141105527638191,23.762957461357903,178.2369139938103
10,1.1420100502512562,24.16094560640494,181.22207183431303
10,1.1429145728643215,24.568664137056242,184.2802135996868
10,1.1438190954773868,24.986414554580936,187.41360073638086
10,1.144723618090452,25.41450883328331,190.62457324510146
10,1.1456281407035176,25.853269821021243,193.91555268494835
10,1.1465326633165829,26.30303165630829,197.28904530193907
10,1.1474371859296482,26.764140202735142,200.74764528743924
10,1.1483417085427134,27.23695350147923,204.29403817226515
10,1.1492462311557787,27.721842242709585,207.93100436251234
10,1.1501507537688442,28.219190256731007,211.6614228234417
10,1.1510552763819095,28.729395025751,215.48827491804846
10,1.1519597989949748,29.252868217198262,219.41464840728162
10,1.15286432160804,29.790036239560095,223.44374161916923
10,1.1537688442211054,30.34134082175766,227.57886779449194
10,1.1546733668341709,30.907239617124304,231.82345961699488
10,1.1555778894472362,31.488206833102332,236.181073936504
10,1.1564824120603014,32.08473388783155,240.65539669374704
10,1.1573869346733667,32.697330094852454,245.25024805605221
10,1.158291457286432,33.326523377213334,249.96958777359387
10,1.1591959798994975,33.97286101232883,254.81752076629382
10,1.1601005025125628,34.63691040900272,259.79830295197394
10,1.161005025125628,35.31925991810064,264.91634732690403
10,1.1619095477386934,36.02051967842451,270.1762303103845
10,1.1628140703517587,36.74132249942261,275.5826983656192
10,1.1637185929648242,37.48232478244591,281.1406749097094
10,1.1646231155778894,38.24420748234556,286.8552675262307
10,1.1655276381909547,39.02767711129695,292.7317754945361
10,1.16643216080402,39.83346678682634,298.77569765060537
10,1.1673366834170853,40.662337326115804,304.99274059501073
10,1.1682412060301508,41.515078388765005,311.38882726433854
10,1.169145728643216,42.392509670294544,317.97010588320467
10,1.1700502512562814,43.29548214879575,324.74295931490036
10,1.1709547738693467,44.224879387242744,331.71401482954064
10,1.171859296482412,45.18161889411801,338.89015430959944
10,1.1727638190954774,46.1666535451295,346.27852491366923
10,1.1736683417085427,47.180973068940524,353.88655022035664
10,1.174572864321608,48.22560559998237,361.7219418753398
10,1.1754773869346733,49.30161930156877,369.79271176573275
10,1.1763819095477386,50.41012406270294,378.1071847471909
10,1.1772864321608039,51.5522732721359,386.67401195044795
10,1.1781909547738694,52.72926567341508,395.5021846953306
10,1.1790954773869347,53.942347304857435,404.6010490417598
10,1.18,55.192813528581766,413.98032100875093
11,1.0,2.5275623299806425,18.958284563499404
11,1.0009045226130653,2.5731032221906607,19.299869490427714
11,1.0018090452261306,2.6188040877348544,19.6426543165458
11,1.002713567839196,2.6646705748066646,19.986681406806362
11,1.0036180904522614,2.710708410703056,20.331993719487553
11,1.0045226130653266,2.756923404418038,20.678634825646025
11,1.005427135678392,2.8033214492936662,21.02664892900106
11,1.0063316582914572,2.849908525730578,21.376080886265285
11,1.0072361809045227,2.8966907039599445,21.72697622793604
11,1.008140703517588,2.9436741468789407,22.079381179563118
11,1.0090452261306533,2.9908651129518797,22.433342683509128
11,1.0099497487437186,3.038269959179058,22.788908421217624
11,1.0108542713567839,3.0858951441356615,23.146126836006825
11,1.0117587939698491,3.1337472310829977,23.50504715640575
11,1.0126633165829146,3.181832891154459,23.865719420050958
11,1.01356783919598,3.230158906618539,24.228194498161148
11,1.0144723618090452,3.2787321742217084,24.59252412061083
11,1.0153768844221105,3.3275597086134225,24.958760901620007
11,1.0162814070351758,3.3766486458561795,25.326958366081776
11,1.0171859296482413,3.426006247023328,25.697170976548115
11,1.0180904522613066,3.4756399018874564,26.06945416089509
11,1.0189949748743719,3.5255571327023936,26.443864340690226
11,1.0198994974874371,3.5757655980817975,26.82045896028429
11,1.0208040201005024,3.626273096977465,27.199296516651113
11,1.021708542713568,3.6770875727607417,27.580436590000673
11,1.0226130653266332,3.728217117410125,27.963939875188732
11,1.0235175879396985,3.7796699758088743,28.349868213951556
11,1.0244221105527638,3.831454550155877,28.738284627990176
11,1.025326633165829,3.8835794044936125,29.129253352932878
11,1.0262311557788946,3.9360532693570507,29.52283987320488
11,1.0271356783919598,3.988885046547299,29.919110957833603
11,1.0280402010050251,4.042083814034266,30.31813469722169
11,1.0289447236180904,4.09565883099228,30.719980540917312
11,1.0298492462311557,4.149619542973279,31.124719336416234
11,1.030753768844221,4.203975587221862,31.53242336902804
11,1.0316582914572865,4.258736798136922,31.943166402841758
11,1.0325628140703518,4.313913212884608,32.35702372282655
11,1.033467336683417,4.369515077167742,32.77407217810591
11,1.0343718592964823,4.425552851156576,33.19439022644204
11,1.0352763819095476,4.48203721558632,33.61805797997106
11,1.0361809045226131,4.538979078026947,34.045157252230474
11,1.0370854271356784,4.596389579330858,34.47577160652062
11,1.0379899497487437,4.6542801002644,34.909986405645164
11,1.038894472361809,4.712662268329148,35.34788886307497
11,1.0397989949748743,4.771547964779365,35.7895680955834
11,1.0407035175879398,4.8309493318420005,36.23511517740074
11,1.041608040201005,4.890878780146101,36.68462319593945
11,1.0425125628140703,4.9513489963685124,37.13818730914159
11,1.0434170854271356,5.012372951103014,37.59590480450229
11,1.044321608040201,5.073963906960463,38.057875159825784
11,1.0452261306532664,5.136135426907513,38.52420010577103
11,1.0461306532663317,5.198901382852022,38.99498369024754
11,1.047035175879397,5.262275964483429,39.470332344723694
11,1.0479396984924623,5.32627368837649,39.950354952510466
11,1.0488442211055276,5.390909407367412,40.43516291908816
11,1.049748743718593,5.45619832021153,40.924870244545005
11,1.0506532663316583,5.522155981531912,41.41959359819789
11,1.0515577889447236,5.588798312069015,41.91945239547109
11,1.052462311557789,5.656141609241324,42.42456887710766
11,1.0533668341708542,5.7242025580276374,42.93506819079325
11,1.0542713567839195,5.792998242182041,43.45107847527546
11,1.055175879396985,5.862546155792912,43.97273094706343
11,1.0560804020100503,5.932864215197464,44.5001599897944
11,1.0569849246231156,6.003970771264545,45.03350324636227
11,1.0578894472361808,6.075884622057763,45.572901713898894
11,1.0587939698492461,6.148625025892461,46.11849984170951
11,1.0596984924623116,6.222211714799948,46.67044563226278
11,1.060603015075377,6.296664908413011,47.2288907453408
11,1.0615075376884422,6.372005328287638,47.79399060546082
11,1.0624120603015075,6.448254212675625,48.365904512679045
11,1.0633165829145728,6.525433331764241,48.9447957568975
11,1.0642211055276383,6.603565003398935,49.530831735794116
11,1.0651256281407036,6.6826721093060595,50.12418407650321
11,1.0660301507537688,6.762778111833406,50.72502876117988
11,1.0669346733668341,6.843907071226315,51.33354625658152
11,1.0678391959798994,6.926083663458581,51.9499216478107
11,1.0687437185929647,7.009333198637596,52.57434477636512
11,1.0696482412060302,7.09368164000417,53.20701038264807
11,1.0705527638190955,7.179155623547952,53.84811825309623
11,1.0714572864321608,7.265782478260648,54.49787337209138
11,1.072361809045226,7.353590247049461,55.15648607882413
11,1.0732663316582913,7.442607708334676,55.82417222928923
11,1.0741708542713568,7.532864398355529,56.501153363593446
11,1.0750753768844221,7.62439063421024,57.18765687877001
11,1.0759798994974874,7.717217537656423,57.883916207296515
11,1.0768844221105527,7.811377059699214,58.590171001521114
11,1.077788944723618,7.906902005995969,59.30666732421348
11,1.0786934673366835,8.003826063106768,60.033657845459885
11,1.0795979899497488,8.102183825621857,60.77140204613581
11,1.080502512562814,8.202010824197806,61.52016642819455
11,1.0814070351758793,8.303343554535626,62.280224732021004
11,1.0823115577889446,8.406219507335354,63.0518581611097
11,1.0832160804020101,8.51067719926322,63.83535561433769
11,1.0841206030150754,8.616756204968134,64.63101392610808
11,1.0850251256281407,8.724497190187124,65.43913811466135
11,1.085929648241206,8.833941945979113,66.26004163884986
11,1.0868341708542713,8.94513342412953,67.09404666369443
11,1.0877386934673368,9.058115773769154,67.94148433504839
11,1.088643216080402,9.172934379252322,68.80269506370755
11,1.0895477386934673,9.289635899342075,69.67802881932315
11,1.0904522613065326,9.408268307750527,70.56784543447975
11,1.091356783919598,9.528880935086164,71.47251491932597
11,1.0922613065326634,9.651524512260556,72.39241778715177
11,1.0931658291457287,9.776251215409802,73.32794539132706
11,1.094070351758794,9.903114712388387,74.27950027403458
11,1.0949748743718593,10.032170210894511,75.24749652723959
11,1.0958793969849245,10.163474508289708,76.23236016636794
11,1.0967839195979898,10.297086043176984,77.23452951717414
11,1.0976884422110553,10.43306494880498,78.2544556163056
11,1.0985929648241206,10.571473108368101,79.29260262608794
11,1.099497487437186,10.712374212275911,80.34944826408093
11,1.1004020100502512,10.855833817467067,81.42548424796983
11,1.1013065326633165,11.00191940884759,82.5212167563904
11,1.102211055276382,11.150700462935443,83.63716690630284
11,1.1031155778894473,11.30224851379706,84.7738712475565
11,1.1040201005025125,11.456637221365781,85.9318822753206
11,1.1049246231155778,11.613942442234263,87.11176896107115
11,1.105829145728643,11.774242303018898,88.3141173028696
11,1.1067336683417084,11.937617276396283,89.53953089568348
11,1.107638190954774,12.104150259917706,90.78863152254394
11,1.1085427135678392,12.273926657710676,92.06205976735785
11,1.1094472361809045,12.447034465182536,93.36047565023743
11,1.1103517587939697,12.62356435684459,94.68455928623565
11,1.111256281407035,12.80360977738115,96.03501156842059
11,1.1121608040201005,12.98726703609329,97.41255487626205
11,1.1130653266331658,13.17463540485162,98.81793381033815
11,1.113969849246231,13.365817219699483,100.25191595442233
11,1.1148743718592964,13.560917986253004,101.71529266604901
11,1.1157788944723617,13.760046489050772,103.208879896704
11,1.1166834170854272,13.9633149050134,104.7335190428416
11,1.1175879396984925,14.170838921178905,106.29007782897291
11,1.1184924623115577,14.382737856888268,107.87945122413328
11,1.119396984924623,14.599134790601536,109.50256239308169
11,1.1203015075376883,14.820156691534496,111.16036368365747
11,1.1212060301507538,15.045934556312782,112.85383765177077
11,1.122110552763819,15.276603550849043,114.58399812556934
11,1.1230150753768844,15.51230315765965,116.35189131040512
11,1.1239195979899497,15.753177328842991,118.1585969362663
11,1.124824120603015,15.999374644956061,120.00522944945033
11,1.1257286432160805,16.251048480032313,121.89293925029996
11,1.1266331658291457,16.508357172996696,123.82291397892247
11,1.127537688442211,16.771464205745296,125.79637985089728
11,1.1284422110552763,17.040538388166816,127.81460304505177
11,1.1293467336683416,17.31575405039828,129.87889114549833
11,1.130251256281407,17.59729124261798,131.99059464020527
11,1.1311557788944724,17.885335942693533,134.15110847848595
11,1.1320603015075377,18.180080272017566,136.3618736899004
11,1.132964824120603,18.481722719876345,138.6243790671589
11,1.1338693467336682,18.790468376715186,140.94016291575744
11,1.1347738693467337,19.106529176678716,143.3108148731799
11,1.135678391959799,19.430124149821204,145.7379778006319
11,1.1365829145728643,19.761479684403145,148.2233497504279
11,1.1374874371859296,20.100829799703817,150.76868601225445
11,1.1383919597989949,20.448416429804556,153.37580124172064
11,1.1392964824120602,20.804489718815024,156.04657167473835
11,1.1402010050251257,21.169308328037438,158.78293743144417
11,1.141105527638191,21.543139755585763,161.58690491354167
11,1.1420100502512562,21.92626066900366,164.46054929914223
11,1.1429145728643215,22.3189572514439,167.40601713932514
11,1.1438190954773868,22.721525562005574,170.42552906089026
11,1.144723618090452,23.134271910846834,173.521382579936
11,1.1456281407035176,23.557513249723723,176.69595503114274
11,1.1465326633165829,23.991577578633517,179.95170661785014
11,1.1474371859296482,24.436804369274547,183.29118358826804
11,1.1483417085427134,24.89354500606603,186.71702154339897
11,1.1492462311557787,25.362163245508196,190.23194888252368
11,1.1501507537688442,25.84303569469804,193.838790392366
11,1.1510552763819095,26.336552309855925,197.54047098635155
11,1.1519597989949748,26.843116915758586,201.34001960067715
11,1.15286432160804,27.363147747015162,205.24057325421686
11,1.1537688442211054,27.897078012168713,209.24538127963288
11,1.1546733668341709,28.445356481653434,213.35780973341937
11,1.1555778894472362,29.00844810068327,217.58134599294695
11,1.1564824120603014,29.58683462820567,221.91960354901198
11,1.1573869346733667,30.181015303100413,226.376327002741
11,1.158291457286432,30.791507538867826,230.9553972761828
11,1.1591959798994975,31.418847648106176,235.66083704633814
11,1.1601005025125628,32.063591598142175,240.49681641285716
11,1.161005025125628,32.72631579924604,245.4676588101408
11,1.1619095477386934,33.4076179269291,250.57784717508292
11,1.1628140703517587,34.10811777989854,255.8320303822626
11,1.1637185929648242,34.82845817531749,261.2350299589499
11,1.1646231155778894,35.56930588310204,266.7918470929128
11,1.1655276381909547,36.331352601070925,272.50766994664457
11,1.16643216080402,37.115315972851604,278.38788129229016
11,1.1673366834170853,37.921940650541686,284.438066482266
11,1.1682412060301508,38.75199940422559,290.66402177132255
11,1.169145728643216,39.60629428054394,297.0717630065335
11,1.1700502512562814,40.48565781263226,303.6675347025858
11,1.1709547738693467,41.39095428385015,310.4578195205321
11,1.171859296482412,42.32308104785181,317.4493481691382
11,1.1727638190954774,43.28296990767142,324.6491097488784
11,1.1736683417085427,44.271588556632274,332.0643625596471
11,1.174572864321608,45.289942084033335,339.7026453943421
11,1.1754773869346733,46.339074548708105,347.571789341531
11,1.1763819095477386,47.42007062371461,355.67993012164624
11,1.1772864321608039,48.53405731557846,364.03552098237407
11,1.1781909547738694,49.68220576168154,372.6473461801838
11,1.1790954773869347,50.86573310957496,381.5245350763401
11,1.18,52.08590448219054,390.676576877208
12,1.0,1.8098165947762728,13.574746547110806
12,1.0009045226130653,1.8444570966936153,13.834571788602064
12,1.0018090452261306,1.8791398828474322,14.094714188083106
12,1.002713567839196,1.9138666733100884,14.355186647163114
12,1.0036180904522614,1.948639213026269,14.616002254009093
12,1.0045226130653266,1.9834592726730347,14.877174289796816
12,1.005427135678392,2.0183286495396393,15.138716235310008
12,1.0063316582914572,2.0532491684278518,15.400641777693313
12,1.0072361809045227,2.088222682573523,15.662964817364617
12,1.008140703517588,2.1232510745900584,15.925699475091683
12,1.0090452261306533,2.158336257434672,16.188860099239648
12,1.0099497487437186,2.1934801753980895,16.452461273194416
12,1.0108542713567839,2.228684805118579,16.716517822968513
12,1.0117587939698491,2.263952156621135,16.981044824995617
12,1.0126633165829146,2.2992842743826745,17.246057614120176
12,1.01356783919598,2.334683238424099,17.511571791788565
12,1.0144723618090452,2.370151165430248,17.777603234449426
12,1.0153768844221105,2.40569020989855,18.044168102169262
12,1.0162814070351758,2.441302565317461,18.311282847471453
12,1.0171859296482413,2.476990465375644,18.578964224405862
12,1.0180904522613066,2.5127561852029574,18.847229297857005
12,1.0189949748743719,2.548602042644363,19.11609545309916
12,1.0198994974874371,2.584530399567779,19.385580405606074
12,1.0208040201005024,2.6205436632071373,19.655702211124716
12,1.021708542713568,2.6566442875417615,19.926479276021485
12,1.0226130653266332,2.6928347747133135,20.19793036791017
12,1.0235175879396985,2.7291176764816507,20.470074626571797
12,1.0244221105527638,2.765495595720798,20.74293157517533
12,1.025326633165829,2.801971187956459,21.016521131809974
12,1.0262311557788946,2.8385471629465178,21.29086362133991
12,1.0271356783919598,2.8752262863058475,21.565979787591367
12,1.0280402010050251,2.9120113811771557,21.841890805884997
12,1.0289447236180904,2.9489053299491865,22.118618295923465
12,1.0298492462311557,2.9859110760240575,22.396184335047565
12,1.030753768844221,3.0230316256353458,22.674611471872986
12,1.0316582914572865,3.0602700497186586,22.953922740320763
12,1.0325628140703518,3.0976294858364297,23.23414167405444
12,1.033467336683417,3.13511314015896,23.515292321339096
12,1.0343718592964823,3.1727242895033805,23.797399260334846
12,1.0352763819095476,3.2104662834327176,24.080487614841108
12,1.0361809045226131,3.248342546417041,24.364583070506583
12,1.0370854271356784,3.286356580058807,24.649711891520685
12,1.0379899497487437,3.3245119653846937,24.93590093780374
12,1.038894472361809,3.362812365206122,25.223177682712343
12,1.0397989949748743,3.401261526550864,25.51157023127794
12,1.0407035175879398,3.4398632831682145,25.801107338997173
12,1.041608040201005,3.4786215581102518,26.091818431192916
12,1.0425125628140703,3.517540366391863,26.383733622966133
12,1.0434170854271356,3.556623817732213,26.67688373975859
12,1.044321608040201,3.5958761193805167,26.971300338547888
12,1.0452261306532664,3.6353015790291003,27.26701572969725
12,1.0461306532663317,3.6749046078166874,27.564062999482
12,1.047035175879397,3.714689723425245,27.862476033317858
12,1.0479396984924623,3.7546615532734964,28.16228953971425
12,1.0488442211055276,3.7948248378105935,28.463539074978893
12,1.049748743718593,3.8351844339134984,28.766261068700263
12,1.0506532663316583,3.875745318391591,29.070492850034334
12,1.0515577889447236,3.916512591602576,29.37627267482611
12,1.052462311557789,3.957491481183329,29.683639753593297
12,1.0533668341708542,3.9986873458999384,29.992634280403994
12,1.0542713567839195,4.040105679621212,30.303297462680455
12,1.055175879396985,4.081752115419933,30.615671551961057
12,1.0560804020100503,4.123632429806535,30.92979987565549
12,1.0569849246231156,4.165752547099977,31.245726869829028
12,1.0578894472361808,4.208118543940623,31.563498113051914
12,1.0587939698492461,4.250736653950342,31.88316036135301
12,1.0596984924623116,4.293613272545177,32.20476158431781
12,1.060603015075377,4.3367549619059815,32.52835100237124
12,1.0615075376884422,4.380168456112925,32.853979125289726
12,1.0624120603015075,4.4238606664497135,33.181697791986046
12,1.0633165829145728,4.467838686883732,33.511560211613855
12,1.0642211055276383,4.512109799728636,33.8436210060406
12,1.0651256281407036,4.556681481495927,34.177936253737975
12,1.0660301507537688,4.601561408942664,34.51456353514352
12,1.0669346733668341,4.646757465322359,34.85356197954619
12,1.0678391959798994,4.692277746846653,35.19499231355294
12,1.0687437185929647,4.738130569365593,35.53891691119495
12,1.0696482412060302,4.784324475274589,35.885399845734085
12,1.0705527638190955,4.830868240656505,36.234506943232994
12,1.0714572864321608,4.877770882667758,36.58630583795544
12,1.072361809045226,4.925041667177372,36.94086602966394
12,1.0732663316582913,4.972690116668659,37.29825894288727
12,1.0741708542713568,5.020726018413346,37.65855798823151
12,1.0750753768844221,5.0691594329283856,38.021838625811306
12,1.0759798994974874,5.118000702726287,38.388178430882846
12,1.0768844221105527,5.167260461369912,38.757657161760385
12,1.077788944723618,5.216949642843492,39.13035683010475
12,1.0786934673366835,5.26707949125183,39.5063617736733
12,1.0795979899497488,5.317661570860242,39.88575873162575
12,1.080502512562814,5.3687077764884075,40.268636922484475
12,1.0814070351758793,5.420230344271616,40.655088124850565
12,1.0823115577889446,5.472241862803587,41.04520676098184
12,1.0832160804020101,5.524755284675777,41.43908998334482
12,1.0841206030150754,5.577783938428249,41.836837764253694
12,1.0850251256281407,5.631341540928471,42.23855298871891
12,1.085929648241206,5.685442210194422,42.64434155062848
12,1.0868341708542713,5.740100478679469,43.0543124523928
12,1.0877386934673368,5.795331307037243,43.46857790818968
12,1.088643216080402,5.8511500983851,43.887253450949245
12,1.0895477386934673,5.907572713086227,44.31045804322881
12,1.0904522613065326,5.964615484070376,44.738314192127945
12,1.091356783919598,6.022295232715101,45.17094806840754
12,1.0922613065326634,6.0806292853093185,45.60848962997678
12,1.0931658291457287,6.139635490122682,46.05107274992399
12,1.094070351758794,6.199332235104975,46.49883534927307
12,1.0949748743718593,6.259738466240527,46.951919534653015
12,1.0958793969849245,6.320873706584245,47.41047174107992
12,1.0967839195979898,6.38275807600658,47.87464288005647
12,1.0976884422110553,6.4454123116761055,48.34458849320403
12,1.0985929648241206,6.508857789309573,48.82046891165117
12,1.099497487437186,6.573116545220795,49.302449421413996
12,1.1004020100502512,6.638211299200519,49.79070043500939
12,1.1013065326633165,6.704165478261729,50.28539766955949
12,1.102211055276382,6.771003241285458,50.78672233165053
12,1.1031155778894473,6.838749504604259,51.29486130922479
12,1.1040201005025125,6.907429968562076,51.81000737079608
12,1.1049246231155778,6.977071145090603,52.332359372289474
12,1.105829145728643,7.047700386344492,52.86212247182322
12,1.1067336683417084,7.119345914439253,53.39950835276135
12,1.107638190954774,7.192036852337904,53.94473545538273
12,1.1085427135678392,7.265803255934184,54.49802921752506
12,1.1094472361809045,7.340676147382877,55.05962232458295
12,1.1103517587939697,7.416687549729087,55.62975496924898
12,1.111256281407035,7.49387052289163,56.20867512141141
12,1.1121608040201005,7.572259201057692,56.79663880863735
12,1.1130653266331658,7.6518888315483045,57.39391040768784
12,1.113969849246231,7.732795815217612,58.000762947537524
12,1.1148743718592964,7.815017748450775,58.61747842438485
12,1.1157788944723617,7.8985934668291975,59.244348129168415
12,1.1166834170854272,7.983563090534501,59.88167298812488
12,1.1175879396984925,8.06996807156562,60.52976391694652
12,1.1184924623115577,8.157851242847864,61.18894218912954
12,1.119396984924623,8.247256869314938,61.85953981912101
12,1.1203015075376883,8.338230701049959,62.54189996090934
12,1.1212060301507538,8.430820028574914,63.23637732272957
12,1.122110552763819,8.525073740381817,63.94333859858266
12,1.1230150753768844,8.621042382804324,64.66316291730976
12,1.1239195979899497,8.718778222331498,65.39624230998407
12,1.124824120603015,8.818335310471843,66.14298219643132
12,1.1257286432160805,8.91976955127961,66.90380189171886
12,1.1266331658291457,9.023138771661129,67.6791351334969
12,1.127537688442211,9.128502794584842,68.46943063111895
12,1.1284422110552763,9.2359235153234,69.27515263750499
12,1.1293467336683416,9.345464980863744,70.09678154476622
12,1.130251256281407,9.457193472626376,70.93481450465084
12,1.1311557788944724,9.571177592642355,71.7897660749251
12,1.1320603015075377,9.687488353343678,72.66216889285666
12,1.132964824120603,9.806199271129708,73.5525743770209
12,1.1338693467336682,9.927386463880534,74.4615534587116
12,1.1347738693467337,10.0511287525965,75.38969734430034
12,1.135678391959799,10.177507767351035,76.33761830994851
12,1.1365829145728643,10.306608057754342,77.30595053015337
12,1.1374874371859296,10.438517208133332,78.29535094166903
12,1.1383919597989949,10.573325957644949,79.30650014443086
12,1.1392964824120602,10.711128325549202,80.34010334118085
12,1.1402010050251257,10.852021741880607,81.39689131758452
12,1.141105527638191,10.996107183766815,82.47762146470505
12,1.1420100502512562,11.143489317657721,83.58307884580985
12,1.1429145728643215,11.294276647738744,84.71407730956217
12,1.1438190954773868,11.448581670817708,85.87146065176871
12,1.144723618090452,11.606521037987696,87.05610382795126
12,1.1456281407035176,11.768215723384298,88.26891421913072
12,1.1465326633165829,11.933791200370488,89.51083295332288
12,1.1474371859296482,12.103377625500377,90.78283628538063
12,1.1483417085427134,12.277110030629213,92.08593703793808
12,1.1492462311557787,12.455128523556674,93.42118610635966
12,1.1501507537688442,12.63757849760957,94.7896740307403
12,1.1510552763819095,12.824610850590078,96.19253263815295
12,1.1519597989949748,13.016382213538822,97.63093675851356
12,1.15286432160804,13.213055189782573,99.10610601758695
12,1.1537688442211054,13.414798604762566,100.61930671085419
12,1.1546733668341709,13.621787767163584,102.17185376214252
12,1.1555778894472362,13.834204741890108,103.76511277111578
12,1.1564824120603014,14.052238635466196,105.40050215395046
12,1.1573869346733667,14.276085894462117,107.07949538172043
12,1.158291457286432,14.50595061758479,108.80362332126883
12,1.1591959798994975,14.742044882100757,110.57447668358257
12,1.1601005025125628,14.984589085294644,112.3937085849427
12,1.161005025125628,15.233812301704894,114.26303722641376
12,1.1619095477386934,15.489952656913799,116.18424869750078
12,1.1628140703517587,15.753257718712879,118.15919991013219
12,1.1637185929648242,16.023984906505873,120.18982166943609
12,1.1646231155778894,16.30240191985688,122.2781218881169
12,1.1655276381909547,16.588787187140934,124.42618895161303
12,1.16643216080402,16.883430335302062,126.63619524157335
12,1.1673366834170853,17.186632681779592,128.91040082560963
12,1.1682412060301508,17.49870774971912,131.25115732169823
12,1.169145728643216,17.81998180764295,133.66091194604286
12,1.1700502512562814,18.15079443482028,136.14221175370167
12,1.1709547738693467,18.49149911364039,138.69770808175338
12,1.171859296482412,18.842463850365306,141.33016120532702
12,1.1727638190954774,19.204071825710724,144.04244521736237
12,1.1736683417085427,19.5767220767821,146.83755314355335
12,1.174572864321608,19.96083021197823,149.71860230456815
12,1.1754773869346733,20.35682916055742,152.6888399382602
12,1.1763819095477386,20.76516995865847,155.75164909531287
12,1.1772864321608039,21.186322573663585,158.91055482247256
12,1.1781909547738694,21.6207767688945,162.16923064830547
12,1.1790954773869347,22.069043010742714,165.53150538723702
12,1.18,22.531653420450095,169.00137027849638
13,1.0,1.870029546863254,14.02638101979346
13,1.0009045226130653,1.9088184280851013,14.31732167806367
13,1.0018090452261306,1.9476681815265284,14.608718915721509
13,1.002713567839196,1.9865808430850598,14.90058800326066
13,1.0036180904522614,2.0255584773923885,15.192944426698896
13,1.0045226130653266,2.0646031786951182,15.485803894184176
13,1.005427135678392,2.103717071754777,15.779182342745314
13,1.0063316582914572,2.142902312767785,16.073095945192303
13,1.0072361809045227,2.1821610903060775,16.36756111717157
13,1.008140703517588,2.2214956262789114,16.66259452438013
13,1.0090452261306533,2.260908176916659,16.95821308994463
13,1.0099497487437186,2.300401033777187,17.254434001969845
13,1.0108542713567839,2.33997652477559,17.551274721262285
13,1.0117587939698491,2.3796370152379875,17.848752989234352
13,1.0126633165829146,2.4193849089801875,18.146886835994973
13,1.01356783919598,2.459222649411903,18.445694588631905
13,1.0144723618090452,2.4991527206675026,18.74519487969308
13,1.0153768844221105,2.5391776487639204,19.045406655871634
13,1.0162814070351758,2.5793000027867308,19.34634918690221
13,1.0171859296482413,2.6195223961051983,19.64804207467457
13,1.0180904522613066,2.6598474876172533,19.95050526257172
13,1.0189949748743719,2.7002779830253236,20.253759045039402
13,1.0198994974874371,2.7408166361439523,20.557824077394052
13,1.0208040201005024,2.781466250240269,20.862721385877165
13,1.021708542713568,2.8222296794082777,21.168472377963315
13,1.0226130653266332,2.863109829978054,21.47509885292999
13,1.0235175879396985,2.9041096619609825,21.782623012697783
13,1.0244221105527638,2.9452321905321033,22.091067472948904
13,1.025326633165829,2.986480487550766,22.400455274533023
13,1.0262311557788946,3.0278576831208137,22.710809895169636
13,1.0271356783919598,3.0693669671914643,23.02215526145564
13,1.0280402010050251,3.111011591200331,23.334515761189024
13,1.0289447236180904,3.1527948697597252,23.64791625601719
13,1.0298492462311557,3.1947201823877207,23.962382094420985
13,1.030753768844221,3.2367909752853756,24.27793912504499
13,1.0316582914572865,3.279010763161552,24.5946137103848
13,1.0325628140703518,3.3213831311068276,24.91243274084249
13,1.033467336683417,3.3639117365181597,25.23142364916284
13,1.0343718592964823,3.4066003110757483,25.55161442526098
13,1.0352763819095476,3.449452662773892,25.873033631455108
13,1.0361809045226131,3.4924726780075006,26.19571041811662
13,1.0370854271356784,3.5356643237160115,26.51967453975079
13,1.0379899497487437,3.579031649586674,26.844956371522795
13,1.038894472361809,3.622578790318897,27.171586926241723
13,1.0397989949748743,3.66630996795183,27.499597871818853
13,1.0407035175879398,3.7102294942569958,27.829021549213905
13,1.041608040201005,3.754341773198254,28.159890990886286
13,1.0425125628140703,3.79865130346121,28.49223993976722
13,1.0434170854271356,3.843162681054193,28.8261028687687
13,1.044321608040201,3.8878806019833005,29.16151500084798
13,1.0452261306532664,3.9328098650037733,29.4985123296446
13,1.0461306532663317,3.9779553744502008,29.837131640708662
13,1.047035175879397,4.023322143148257,30.17741053334068
13,1.0479396984924623,4.068915295410382,30.519387443061017
13,1.0488442211055276,4.1147400701183585,30.86310166473116
13,1.049748743718593,4.160801823895533,31.208593376347313
13,1.0506532663316583,4.207106034371583,31.555903663528184
13,1.0515577889447236,4.253658303543043,31.905074544721018
13,1.052462311557789,4.300464361232523,32.25614899714788
13,1.0533668341708542,4.347530068650001,32.60917098351757
13,1.0542713567839195,4.394861422059574,32.964185479528474
13,1.055175879396985,4.442464556555098,33.3212385021883
13,1.0560804020100503,4.490345749948367,33.68037713897772
13,1.0569849246231156,4.538511426773631,34.04164957788683
13,1.0578894472361808,4.586968162412217,34.40510513835232
13,1.0587939698492461,4.635722687341378,34.770794303126486
13,1.0596984924623116,4.684781891511468,35.13876875110875
13,1.060603015075377,4.734152828855792,35.50908139117233
13,1.0615075376884422,4.78384272193761,35.881786397019674
13,1.0624120603015075,4.83385896673886,36.256939243100824
13,1.0633165829145728,4.884209137595476,36.63459674163138
13,1.0642211055276383,4.934900992284232,37.01481708074696
13,1.0651256281407036,4.985942477266205,37.39765986383244
13,1.0660301507537688,5.037341733092387,37.78318615006742
13,1.0669346733668341,5.0891070999767445,38.171458496227565
13,1.0678391959798994,5.141247123542638,38.56254099978638
13,1.0687437185929647,5.193770560748449,38.95649934336103
13,1.0696482412060302,5.246686385998691,39.353400840549504
13,1.0705527638190955,5.300003797446814,39.75331448320552
13,1.0714572864321608,5.353732223496624,40.156310990203245
13,1.072361809045226,5.407881329508924,40.562462857741224
13,1.0732663316582913,5.462461024720652,40.97184441124022
13,1.0741708542713568,5.517481469383899,41.384531858890256
13,1.0750753768844221,5.572953082132463,41.80060334690439
13,1.0759798994974874,5.628886547584019,42.22013901653964
13,1.0768844221105527,5.685292824185965,42.643221062945734
13,1.077788944723618,5.742183152313762,43.06993379590765
13,1.0786934673366835,5.799569062630465,43.50036370254732
13,1.0795979899497488,5.85746238471686,43.93459951205497
13,1.080502512562814,5.9158752559817485,44.37273226252182
13,1.0814070351758793,5.9748201308622635,44.814855369948106
13,1.0823115577889446,6.034309790324674,45.26106469950505
13,1.0832160804020101,6.094357351676375,45.711458639130846
13,1.0841206030150754,6.1549762787001425,46.166138175543864
13,1.0850251256281407,6.2161803921224505,46.62520697276149
13,1.085929648241206,6.277983880427608,47.08877145321292
13,1.0868341708542713,6.340401311030399,47.556940881540825
13,1.0877386934673368,6.40344764182017,48.029827451189206
13,1.088643216080402,6.4671382330897105,48.50754637387734
13,1.0895477386934673,6.531488859863308,48.99021597206792
13,1.0904522613065326,6.596515724638045,49.47795777453461
13,1.091356783919598,6.662235470553848,49.970896615145605
13,1.0922613065326634,6.728665195007873,50.46916073497995
13,1.0931658291457287,6.7958224637295235,50.972881887898936
13,1.094070351758794,6.8637253253333,51.48219544970146
13,1.0949748743718593,6.93239232636685,51.99724053099372
13,1.0958793969849245,7.001842526872847,52.51816009391301
13,1.0967839195979898,7.072095516483641,53.04510107284752
13,1.0976884422110553,7.143171431068634,53.578214499302014
13,1.0985929648241206,7.215090969954943,54.11765563106344
13,1.099497487437186,7.28787541374301,54.66358408582909
13,1.1004020100502512,7.361546642739231,55.21616397946273
13,1.1013065326633165,7.436127156029144,55.775564069055314
13,1.102211055276382,7.511640091215172,56.34195790097034
13,1.1031155778894473,7.5881092448441585,56.91552396406299
13,1.1040201005025125,7.665559093550944,57.49644584827008
13,1.1049246231155778,7.744014815945123,58.08491240877431
13,1.105829145728643,7.823502315269457,58.681117935956394
13,1.1067336683417084,7.90404824285941,59.285262331356144
13,1.107638190954774,7.985680022434695,59.89755128987412
13,1.1085427135678392,8.068425875254473,60.5181964884512
13,1.1094472361809045,8.152314846170183,61.147415781480994
13,1.1103517587939697,8.237376830610055,61.785433403210384
13,1.111256281407035,8.323642602531734,62.43248017740157
13,1.1121608040201005,8.411143843380897,63.08879373453962
13,1.1130653266331658,8.499913172094507,63.7546187368755
13,1.113969849246231,8.58998417619033,64.43020711161671
13,1.1148743718592964,8.681391443984507,65.11581829257908
13,1.1157788944723617,8.774170597982096,65.81171947063646
13,1.1166834170854272,8.86835832948662,66.51818585331392
13,1.1175879396984925,8.963992434476612,67.23550093388397
13,1.1184924623115577,9.06111185079985,67.96395677034637
13,1.119396984924623,9.15975669673712,68.70385427468037
13,1.1203015075376883,9.259968310990223,69.45550351277949
13,1.1212060301507538,9.361789294151501,70.21922401549863
13,1.122110552763819,9.46526355171345,70.99534510125294
13,1.1230150753768844,9.570436338681166,71.78420621063871
13,1.1239195979899497,9.677354305851356,72.58615725355479
13,1.124824120603015,9.786065547825778,73.40155896933298
13,1.1257286432160805,9.896619652829028,74.23078330040245
13,1.1266331658291457,10.009067754403913,75.07421378003708
13,1.127537688442211,10.123462585061144,75.93224593476131
13,1.1284422110552763,10.239858531962566,76.80528770200905
13,1.1293467336683416,10.3583116947217,77.69375986366347
13,1.130251256281407,10.478879945407993,78.59809649612609
13,1.1311557788944724,10.601622990845629,79.51874543759654
13,1.1320603015075377,10.726602437301848,80.45616877327498
13,1.132964824120603,10.853881857662905,81.41084333922353
13,1.1338693467336682,10.983526861201415,82.38326124566456
13,1.1347738693467337,11.115605166042727,83.3739304205234
13,1.135678391959799,11.250186674442364,84.38337517405589
13,1.1365829145728643,11.387343550993021,85.41213678544928
13,1.1374874371859296,11.527150303882813,86.4607741123095
13,1.1383919597989949,11.669683869333765,87.52986422400222
13,1.1392964824120602,11.815023699354173,88.62000305984989
13,1.1402010050251257,11.96325185294511,89.73180611323714
13,1.141105527638191,12.11445309090694,90.86590914271841
13,1.1420100502512562,12.26871497439971,92.02296891128195
13,1.1429145728643215,12.426127967415955,93.20366395495945
13,1.1438190954773868,12.58678554333418,94.40869538204322
13,1.144723618090452,12.75078429572712,95.63878770421675
13,1.1456281407035176,12.918224053607586,96.89468970097013
13,1.1465326633165829,13.089208001302861,98.17717531873227
13,1.1474371859296482,13.263842803157754,99.4870446062211
13,1.1483417085427134,13.442238733274701,100.82512468757488
13,1.1492462311557787,13.624509810510078,102.1922707749081
13,1.1501507537688442,13.8107739389549,103.5893672220039
13,1.1510552763819095,14.001153054139326,105.01732862093851
13,1.1519597989949748,14.195773275211938,106.47710094352016
13,1.15286432160804,14.394765063354605,107.96966272949881
13,1.1537688442211054,14.598263386708156,109.49602632361092
13,1.1546733668341709,14.80640789209565,111.05723916361048
13,1.1555778894472362,15.01934308384325,112.65438512153635
13,1.1564824120603014,15.237218510014374,114.28858590058401
13,1.1573869346733667,15.460188956385483,115.96100249004408
13,1.158291457286432,15.68841464850896,117.67283668089927
13,1.1591959798994975,15.922061462224804,119.4253326447926
13,1.1601005025125628,16.16130114299854,121.2197785791977
13,1.161005025125628,16.40631153448337,123.05750842177663
13,1.1619095477386934,16.657276816720376,124.93990363702918
13,1.1628140703517587,16.914387754413124,126.86839507850615
13,1.1637185929648242,17.17784195573223,128.84446493000428
13,1.1646231155778894,17.447844142128126,130.86964872932907
13,1.1655276381909547,17.724606429653267,132.9455374783859
13,1.16643216080402,18.00834862231842,135.07377984353397
13,1.1673366834170853,18.299298518034412,137.25608445033927
13,1.1682412060301508,18.597692227716276,139.49422227705324
13,1.169145728643216,18.903774508155195,141.79002915135902
13,1.1700502512562814,19.21779910929412,144.14540835515365
13,1.1709547738693467,19.540029136571846,146.56233334235353
13,1.171859296482412,19.870737429035078,149.04285057496907
13,1.1727638190954774,20.210206953951424,151.58908248294713
13,1.1736683417085427,20.558731218692046,154.20323055354592
13,1.174572864321608,20.91661470069191,156.88757855630374
13,1.1754773869346733,21.284173296333584,159.6444959099456
13,1.1763819095477386,21.66173478964454,162.47644119790363
13,1.1772864321608039,22.04963934174086,165.38596583944832
13,1.1781909547738694,22.4482400019974,168.37571792378174
13,1.1790954773869347,22.857903241972732,171.4484462148055
13,1.18,23.27900951317062,174.6070043346778
14,1.0,3.01366058417541,22.604322850877764
14,1.0009045226130653,3.0577917174240095,22.93533371154487
14,1.0018090452261306,3.1019728257818286,23.2667194165157
14,1.002713567839196,3.1462060756056385,23.598496214809163
14,1.0036180904522614,3.190493661637101,23.93068056834847
14,1.0045226130653266,3.234837807998816,24.263289159432077
14,1.005427135678392,3.2792407692121834,24.596338898368288
14,1.0063316582914572,3.32370483123793,24.92984693127984
14,1.0072361809045227,3.3682323125400626,25.263830648084245
14,1.008140703517588,3.412825565173997,25.598307690655385
14,1.0090452261306533,3.4574869758997715,25.933295961173343
14,1.0099497487437186,3.502218967321094,26.268813630667943
14,1.0108542713567839,3.547023999051138,26.604879147762947
14,1.0117587939698491,3.591904568906003,26.941511247627744
14,1.0126633165829146,3.6368632141267376,27.27872896114329
14,1.01356783919598,3.6819025126308564,27.616551624289254
14,1.0144723618090452,3.727025084294445,27.9549988877606
14,1.0153768844221105,3.7722335922657186,28.294090726820095
14,1.0162814070351758,3.8175307443111786,28.63384745139531
14,1.0171859296482413,3.8629192941954327,28.974289716428146
14,1.0180904522613066,3.9084020430957516,29.315438532484855
14,1.0189949748743719,3.9539818410526184,29.65731527663609
14,1.0198994974874371,3.99966158845732,29.99994170361474
14,1.0208040201005024,4.045444237577898,30.343339957261527
14,1.021708542713568,4.091332794124715,30.687532582267718
14,1.0226130653266332,4.137330318856904,31.03254253622447
14,1.0235175879396985,4.183439929231122,31.37839320198954
14,1.0244221105527638,4.229664801093933,31.725108400381174
14,1.025326633165829,4.276008170419279,32.07271240321025
14,1.0262311557788946,4.322473335092585,32.421229946662145
14,1.0271356783919598,4.369063656742893,32.770686245038874
14,1.0280402010050251,4.415782562624855,33.12110700487524
14,1.0289447236180904,4.462633547551948,33.47251843943909
14,1.0298492462311557,4.509620175882808,33.8249472836301
14,1.030753768844221,4.556746083562373,34.178420809289605
14,1.0316582914572865,4.604014980219644,34.53296684093507
14,1.0325628140703518,4.651430651323869,34.88861377193284
14,1.033467336683417,4.698996960401342,35.24539058112551
14,1.0343718592964823,4.746717851314457,35.60332684992624
14,1.0352763819095476,4.794597350605385,35.96245277989776
14,1.0361809045226131,4.842639569906385,36.32279921083123
14,1.0370854271356784,4.890848708418971,36.6843976393415
14,1.0379899497487437,4.93922905546431,37.04728023799671
14,1.038894472361809,4.987784993107129,37.411479874999195
14,1.0397989949748743,5.036520998855661,37.77703013443674
14,1.0407035175879398,5.085441648440076,38.1439653371226
14,1.041608040201005,5.134551618672171,38.51232056204486
14,1.0425125628140703,5.183855690388948,38.88213166844515
14,1.0434170854271356,5.23335875148292,39.25343531854782
14,1.044321608040201,5.283065800022016,39.62626900096113
14,1.0452261306532664,5.33298194746224,40.00067105477423
14,1.0461306532663317,5.383112421956031,40.37668069437184
14,1.047035175879397,5.43346257175976,40.75433803499269
14,1.0479396984924623,5.484037868743573,41.13368411905542
14,1.0488442211055276,5.534843912007075,41.5147609432785
14,1.049748743718593,5.58588643160457,41.89761148662187
14,1.0506532663316583,5.637171292383365,42.282279739076515
14,1.0515577889447236,5.6887044979393355,42.668810731333735
14,1.052462311557789,5.7404921946933705,43.05725056536099
14,1.0533668341708542,5.792540676093126,43.44764644591762
14,1.0542713567839195,5.844856386944309,43.84004671304222
14,1.055175879396985,5.897445927875869,44.2345008755443
14,1.0560804020100503,5.950316059943802,44.63105964553568
14,1.0569849246231156,6.003473709378389,45.029774974037736
14,1.0578894472361808,6.056925972479674,45.430700087700494
14,1.0587939698492461,6.110680120666486,45.83388952667346
14,1.0596984924623116,6.164743605684249,46.23939918366739
14,1.060603015075377,6.219124064977131,46.64728634424877
14,1.0615075376884422,6.273829327230323,47.057609728410306
14,1.0624120603015075,6.328867418088283,47.470429533461335
14,1.0633165829145728,6.38424656605521,47.885807478285024
14,1.0642211055276383,6.439975208584135,48.303806849010336
14,1.0651256281407036,6.4960619983611645,48.724492546147715
14,1.0660301507537688,6.552515809791975,49.14793113324188
14,1.0669346733668341,6.6093457456974996,49.57419088709358
14,1.0678391959798994,6.666561144226306,50.00334184960671
14,1.0687437185929647,6.724171585991375,50.435455881318624
14,1.0696482412060302,6.782186901439275,50.87060671667345
14,1.0705527638190955,6.840617178459896,51.30887002109986
14,1.0714572864321608,6.899472770245626,51.750323449959744
14,1.072361809045226,6.958764303408565,52.19504670943235
14,1.0732663316582913,7.018502686365312,52.643121619405385
14,1.0741708542713568,7.078699117998819,53.0946321784443
14,1.0750753768844221,7.139365096607324,53.54966463091482
14,1.0759798994974874,7.200512429150903,54.008307536337846
14,1.0768844221105527,7.262153240806151,54.47065184105543
14,1.077788944723618,7.324299984840433,54.93679095229385
14,1.0786934673366835,7.386965452817251,55.40682081471013
14,1.0795979899497488,7.450162785144751,55.88083998951242
14,1.080502512562814,7.513905481980127,56.35894973624978
14,1.0814070351758793,7.578207414502754,56.841254097367646
14,1.0823115577889446,7.643082836569728,57.327859985631626
14,1.0832160804020101,7.7085463967679075,57.8188772745253
14,1.0841206030150754,7.77461315087702,58.31441889173119
14,1.0850251256281407,7.841298574759262,58.81460091581081
14,1.085929648241206,7.908618577690929,59.31954267620013
14,1.0868341708542713,7.976589516152777,59.82936685664584
14,1.0877386934673368,8.045228208096113,60.34419960220986
14,1.088643216080402,8.114551947702338,60.86417062997511
14,1.0895477386934673,8.184578520654743,61.389413343593375
14,1.0904522613065326,8.255326219941287,61.92006495181601
14,1.091356783919598,8.326813862208907,62.456266591161366
14,1.0922613065326634,8.399060804689766,62.99816345287215
14,1.0931658291457287,8.472086962721258,63.54590491432632
14,1.094070351758794,8.54591282788242,64.09964467507143
14,1.0949748743718593,8.62055948676989,64.65954089765597
14,1.0958793969849245,8.696048640438015,65.22575635344218
14,1.0967839195979898,8.772402624528429,65.79845857359042
14,1.0976884422110553,8.84964443011554,66.37782000541321
14,1.0985929648241206,8.927797725295278,66.96401817430427
14,1.099497487437186,9.006886877546023,67.55723585145925
14,1.1004020100502512,9.086936976891087,68.15766122760883
14,1.1013065326633165,9.167973859894126,68.76548809299908
14,1.102211055276382,9.250024134519602,69.38091602386042
14,1.1031155778894473,9.33311520589187,70.00415057561668
14,1.1040201005025125,9.417275302988157,70.63540348309903
14,1.1049246231155778,9.50253350630156,71.27489286803561
14,1.105829145728643,9.588919776512338,71.92284345410397
14,1.1067336683417084,9.676464984206952,72.57948678984235
14,1.107638190954774,9.765200940686075,73.24506147972879
14,1.1085427135678392,9.8551604299045,73.91981342375028
14,1.1094472361809045,9.946377241587916,74.60399606579915
14,1.1103517587939697,10.03888620557288,75.29787065124404
14,1.111256281407035,10.132723227418806,76.00170649404204
14,1.1121608040201005,10.227925325342646,76.71578125377155
14,1.1130653266331658,10.324530668528874,77.44038122298105
14,1.113969849246231,10.422578616870188,78.17580162526887
14,1.1148743718592964,10.522109762196024,78.92234692452274
14,1.1157788944723617,10.623165971048774,79.68033114576785
14,1.1166834170854272,10.725790429070386,80.45007820809391
14,1.1175879396984925,10.830027687064055,81.23192227014638
14,1.1184924623115577,10.935923708799288,82.02620808869412
14,1.119396984924623,11.043525920630913,82.83329139080263
14,1.1203015075376883,11.152883263005833,83.65353926016681
14,1.1212060301507538,11.264046243935088,84.4873305381844
14,1.122110552763819,11.377066994510779,85.33505624036744
14,1.1230150753768844,11.491999326553,86.19711998872995
14,1.1239195979899497,11.608898792472973,87.07393846079863
14,1.124824120603015,11.727822747444998,87.9659418559409
14,1.1257286432160805,11.84883041398176,88.87357437971987
14,1.1266331658291457,11.971982949013123,89.79729474702681
14,1.127537688442211,12.097343513572296,90.73757670477063
14,1.1284422110552763,12.224977345197622,91.69490957493619
14,1.1293467336683416,12.3549518331638,92.66979881886506
14,1.130251256281407,12.487336596660695,93.66276662364514
14,1.1311557788944724,12.62220356604326,94.67435251153539
14,1.1320603015075377,12.759627067282251,95.7051139733986
14,1.132964824120603,12.899683909750026,96.75562712714924
14,1.1338693467336682,13.042453477482674,97.82648740227609
14,1.1347738693467337,13.18801782406602,98.91831025154606
14,1.135678391959799,13.336461771298668,100.0317318910382
14,1.1365829145728643,13.487873011793988,101.16741006972222
14,1.1374874371859296,13.642342215687988,102.32602486983363
14,1.1383919597989949,13.799963141629721,103.50827953937072
14,1.1392964824120602,13.960832752237193,104.71490135808533
14,1.1402010050251257,14.12505133421139,105.94664253841263
14,1.141105527638191,14.292722623308599,107.20428116284094
14,1.1420100502512562,14.463953934381744,108.4886221593024
14,1.1429145728643215,14.638856296709394,109.8004983162244
14,1.1438190954773868,14.817544594842865,111.14077133897028
14,1.144723618090452,15.000137715211084,112.51033294946656
14,1.1456281407035176,15.186758698734907,113.91010603090501
14,1.1465326633165829,15.377534899713375,115.34104581948813
14,1.1474371859296482,15.572598151257528,116.80414114528524
14,1.1483417085427134,15.772084937559018,118.30041572435393
14,1.1492462311557787,15.976136573295255,119.83092950438986
14,1.1501507537688442,16.18489939048612,121.396780066268
14,1.1510552763819095,16.398524933132286,122.99910408395068
14,1.1519597989949748,16.6171701599812,124.63907884535818
14,1.15286432160804,16.840997655781493,126.31792383690778
14,1.1537688442211054,17.07017585140564,128.03690239457018
14,1.1546733668341709,17.30487925323687,129.79732342441352
14,1.1555778894472362,17.545288682235824,131.60054319575167
14,1.1564824120603014,17.7915915231229,133.44796721016607
14,1.1573869346733667,18.04398198413081,135.34105214981122
14,1.158291457286432,18.302661367805975,137.28130790859285
14,1.1591959798994975,18.567838353358812,139.27029970997017
14,1.1601005025125628,18.839729291086673,141.3096503153105
14,1.161005025125628,19.11855850942031,143.40104232692815
14,1.1619095477386934,19.404558635167962,145.5462205901135
14,1.1628140703517587,19.697970927562316,147.74699469869245
14,1.1637185929648242,19.99904562674218,150.00524160885493
14,1.1646231155778894,20.30804231733274,152.32290836623227
14,1.1655276381909547,20.625230307820463,154.7020149514443
14,1.16643216080402,20.950889026451406,157.14465724958194
14,1.1673366834170853,21.285308434418724,159.65301014936975
14,1.1682412060301508,21.62878945714192,162.22933077802782
14,1.169145728643216,21.981644434478927,164.8759618781413
14,1.1700502512562814,22.34419759075607,167.5953353331768
14,1.1709547738693467,22.71678552554035,170.38997584857844
14,1.171859296482412,23.09975772612838,173.26250479575305
14,1.1727638190954774,23.49347710277172,176.21564422659162
14,1.1736683417085427,23.898320547709492,179.25222106656076
14,1.174572864321608,24.314679519134277,182.37517149480894
14,1.1754773869346733,24.742960651269648,185.58754552012613
14,1.1763819095477386,25.18358639180005,188.89251176206326
14,1.1772864321608039,25.63699566795441,192.2933624469722
14,1.1781909547738694,26.10364458260976,195.79351862921442
14,1.1790954773869347,26.584007141850094,199.39653564830365
14,1.18,27.07857601548994,203.10610883330415
15,1.0,1.587308812842288,11.905800227781123
15,1.0009045226130653,1.6258947408669155,12.195218611241204
15,1.0018090452261306,1.6645456255188018,12.485124209678835
15,1.002713567839196,1.7032636532420924,12.775533422780702
15,1.0036180904522614,1.7420510405295422,13.066462875616693
15,1.0045226130653266,1.780910034859104,13.357929425664892
15,1.005427135678392,1.8198429156508733,13.649950169989253
15,1.0063316582914572,1.8588519952451696,13.942542452575823
15,1.0072361809045227,1.8979396199023812,14.235723871832198
15,1.008140703517588,1.9371081708252273,14.529512288255116
15,1.0090452261306533,1.9763600652043112,14.82392583227276
15,1.0099497487437186,2.0156977572875032,15.11898291226579
15,1.0108542713567839,2.0551237394740816,15.414702222774086
15,1.0117587939698491,2.094640543434325,15.711102752894368
15,1.0126633165829146,2.134250741255435,16.00820379487534
15,1.01356783919598,2.1739569466145316,16.306024952915887
15,1.0144723618090452,2.213761815979717,16.604586152173784
15,1.0153768844221105,2.253668049839982,16.903907647990767
15,1.0162814070351758,2.293678393964898,17.204010035340993
15,1.0171859296482413,2.333795640695071,17.50491425851026
15,1.0180904522613066,2.374022630264289,17.80664162101293
15,1.0189949748743719,2.4143622521544446,18.10921379575467
15,1.0198994974874371,2.454817446484123,18.41265283544774
15,1.0208040201005024,2.4953912054320875,18.716981183288024
15,1.021708542713568,2.536086574696663,19.022221683901286
15,1.0226130653266332,2.576906654992123,19.328397594567015
15,1.0235175879396985,2.6178546035834285,19.635532596729934
15,1.0244221105527638,2.6589336358602984,19.94365080780647
15,1.025326633165829,2.7001470269520174,20.25277679329684
15,1.0262311557788946,2.741498113384248,20.56293557921216
15,1.0271356783919598,2.7829902947790517,20.87415266482565
15,1.0280402010050251,2.8246270355997627,21.186454035760292
15,1.0289447236180904,2.8664118669418124,21.499866177421097
15,1.0298492462311557,2.9083483883712065,21.81441608878484
15,1.030753768844221,2.950440269812046,22.13013129655763
15,1.0316582914572865,2.9926912534847427,22.44703986971273
15,1.0325628140703518,3.035105155896402,22.76517043441967
15,1.033467336683417,3.0776858698852774,23.084552189378908
15,1.0343718592964823,3.1204373667207372,23.405214921572895
15,1.0352763819095476,3.1633636982607425,23.72718902244849
15,1.0361809045226131,3.2064689991686,24.050505504543985
15,1.0370854271356784,3.2497574891908223,24.375196018574464
15,1.0379899497487437,3.293233475498234,24.701292870991562
15,1.038894472361809,3.336901355092185,25.028829042031543
15,1.0397989949748743,3.3807656172780454,25.357838204268052
15,1.0407035175879398,3.4248308462081822,25.688354741686016
15,1.041608040201005,3.4691017234965593,26.020413769292762
15,1.0425125628140703,3.5135830309074914,26.354051153285347
15,1.0434170854271356,3.5582796531206764,26.689303531790006
15,1.044321608040201,3.603196580575228,27.026208336194166
15,1.0452261306532664,3.648338912395163,27.364803813089406
15,1.0461306532663317,3.693711859398973,27.705129046845123
15,1.047035175879397,3.73932074719623,28.047223982834986
15,1.0479396984924623,3.7851710193737724,28.391129451335303
15,1.0488442211055276,3.831268240774674,28.736887192119333
15,1.049748743718593,3.877618100872939,29.084539879769583
15,1.0506532663316583,3.9242264172470236,29.434131149731368
15,1.0515577889447236,3.971099139155636,29.785705625133545
15,1.052462311557789,4.018242351218972,30.139308944400046
15,1.0533668341708542,4.06566227720907,30.49498778967989
15,1.0542713567839195,4.113365283952775,30.85278991612186
15,1.055175879396985,4.161357885351212,31.212764182023005
15,1.0560804020100503,4.209646746519462,31.574960579878802
15,1.0569849246231156,4.258238688050735,31.9394302683671
15,1.0578894472361808,4.307140690408899,32.3062256052948
15,1.0587939698492461,4.356359898453961,32.67540018154175
15,1.0596984924623116,4.405903626104818,33.04700885603432
15,1.060603015075377,4.455779361143924,33.42110779178334
15,1.0615075376884422,4.505994770168838,33.79775449302379
15,1.0624120603015075,4.556557703695359,34.17700784349148
15,1.0633165829145728,4.607476201417652,34.55892814587727
15,1.0642211055276383,4.658758497630663,34.9435771624985
15,1.0651256281407036,4.710413026820168,35.33101815722789
15,1.0660301507537688,4.762448429426585,35.72131593872563
15,1.0669346733668341,4.814873557788133,36.11453690501683
15,1.0678391959798994,4.867697482269746,36.510749089462095
15,1.0687437185929647,4.92092949758403,36.910022208168726
15,1.0696482412060302,4.974579129311049,37.31242770889304
15,1.0705527638190955,5.0286561406236165,37.718038821484306
15,1.0714572864321608,5.083170539225489,38.12693060992549
15,1.072361809045226,5.13813258450967,38.539180026024916
15,1.0732663316582913,5.193552794944652,38.95486596481775
15,1.0741708542713568,5.24944195569648,39.37406932173613
15,1.0750753768844221,5.305811126494959,39.79687305161062
15,1.0759798994974874,5.362671649752701,40.2233622295681
15,1.0768844221105527,5.420035158945701,40.653624113891304
15,1.077788944723618,5.4779135872649025,41.087748210910874
15,1.0786934673366835,5.536319176548282,41.52582634200158
15,1.0795979899497488,5.595264486503366,41.967952712756876
15,1.080502512562814,5.654762404230711,42.41422398442095
15,1.0814070351758793,5.71482615405888,42.864739347657114
15,1.0823115577889446,5.775469307702214,43.31960059873738
15,1.0832160804020101,5.836705794752994,43.7789122182402
15,1.0841206030150754,5.89854991351989,44.242781452345554
15,1.0850251256281407,5.961016342225465,44.71131839682316
15,1.085929648241206,6.024120150575417,45.18463608380898
15,1.0868341708542713,6.087876811713272,45.6628505714728
15,1.0877386934673368,6.152302214574483,46.14608103668166
15,1.088643216080402,6.217412676654379,46.63444987076737
15,1.0895477386934673,6.283224957205458,47.1280827785144
15,1.0904522613065326,6.349756270879197,47.62710888048192
15,1.091356783919598,6.4170243018292945,48.13166081878684
15,1.0922613065326634,6.485047218292971,48.64187486647262
15,1.0931658291457287,6.55384368766805,49.15789104059673
15,1.094070351758794,6.623432892104444,49.67985321917643
15,1.0949748743718593,6.693834544628697,50.207909262132894
15,1.0958793969849245,6.7650689058218845,50.74221113638574
15,1.0967839195979898,6.837156801071167,51.28291504525041
15,1.0976884422110553,6.910119638416724,51.83018156230124
15,1.0985929648241206,6.983979427016211,52.38417576986633
15,1.099497487437186,7.058758796250205,52.94506740233021
15,1.1004020100502512,7.134481015492547,53.5130309944237
15,1.1013065326633165,7.211170014570906,54.088246034690826
15,1.102211055276382,7.288850404943701,54.67089712432882
15,1.1031155778894473,7.367547501620538,55.26117414160504
15,1.1040201005025125,7.447287345854715,55.85927241206479
15,1.1049246231155778,7.528096728636938,56.46539288474879
15,1.105829145728643,7.6100032150213295,57.07974231465328
15,1.1067336683417084,7.693035169315441,57.70253345167078
15,1.107638190954774,7.77722178116768,58.33398523626192
15,1.1085427135678392,7.86259309258667,58.97432300211743
15,1.1094472361809045,7.949180025928886,59.623778686082716
15,1.1103517587939697,8.037014412891873,60.28259104562503
15,1.111256281407035,8.126129024552244,60.95100588413705
15,1.1121608040201005,8.216557602489473,61.62927628438459
15,1.1130653266331658,8.308334891037502,62.317662850413704
15,1.113969849246231,8.401496670709024,63.016433958253515
15,1.1148743718592964,8.496079792837895,63.72586601575577
15,1.1157788944723617,8.59212221548824,64.4462437319354
15,1.1166834170854272,8.68966304068007,65.17786039618575
15,1.1175879396984925,8.788742552983528,65.92101816775931
15,1.1184924623115577,8.889402259536647,66.67602837592577
15,1.119396984924623,8.991684931542595,67.44321183122702
15,1.1203015075376883,9.095634647306094,68.22289914827702
15,1.1212060301507538,9.201296836870663,69.01543108056883
15,1.122110552763819,9.308718328320365,69.8211588677663
15,1.1230150753768844,9.417947395814087,70.64044459599106
15,1.1239195979899497,9.529033809421332,71.47366157162183
15,1.124824120603015,9.642028886833133,72.32119470915833
15,1.1257286432160805,9.756985547023737,73.18344093371718
15,1.1266331658291457,9.873958365942801,74.06080959875788
15,1.127537688442211,9.993003634320797,74.95372291965926
15,1.1284422110552763,10.114179417673979,75.8626164237938
15,1.1293467336683416,10.237545618599308,76.78793941777833
15,1.130251256281407,10.36316404145336,77.73015547260589
15,1.1311557788944724,10.49109845951356,78.6897429273966
15,1.1320603015075377,10.621414684724538,79.66719541253856
15,1.132964824120603,10.754180640136434,80.66302239302014
15,1.1338693467336682,10.889466435147185,81.67774973279367
15,1.1347738693467337,11.027344443665752,82.71192028104821
15,1.135678391959799,11.167889385317881,83.766094481303
15,1.1365829145728643,11.311178409822665,84.84085100428408
15,1.1374874371859296,11.457291184671924,85.93678740557392
15,1.1383919597989949,11.606309986252473,87.05452080908502
15,1.1392964824120602,11.758319794556057,88.19468861744305
15,1.1402010050251257,11.913408391629002,89.35794925042032
15,1.141105527638191,12.071666463920087,90.54498291260828
15,1.1420100502512562,12.233187708693034,91.75649239157714
15,1.1429145728643215,12.398068944676117,92.99320388781658
15,1.1438190954773868,12.566410227130957,94.255867877823
15,1.144723618090452,12.738314967529558,95.54526001175155
15,1.1456281407035176,12.9138900580377,96.86218204711872
15,1.1465326633165829,13.09324600101207,98.20746282011115
15,1.1474371859296482,13.276497043727815,99.58195925612571
15,1.1483417085427134,13.46376131856297,100.98655742123978
15,1.1492462311557787,13.655160988876847,102.42217361638946
15,1.1501507537688442,13.850822400830669,103.88975551611853
15,1.1510552763819095,14.05087624140957,105.39028335384144
15,1.1519597989949748,14.255457702918,106.92477115566079
15,1.15286432160804,14.46470665423204,108.49426802486592
15,1.1537688442211054,14.678767819106778,110.09985947934867
15,1.1546733668341709,14.897790961849436,111.74266884426711
15,1.1555778894472362,15.121931080684305,113.42385870240231
15,1.1564824120603014,15.351348609151257,115.1446324047721
15,1.1573869346733667,15.58620962589426,116.906235644175
15,1.158291457286432,15.826686073214352,118.70995809447302
15,1.1591959798994975,16.072955984779423,120.55713511855623
15,1.1601005025125628,16.325203722899982,122.44914954805806
15,1.161005025125628,16.583620225802452,124.38743353805839
15,1.1619095477386934,16.84840326534893,126.3734705001415
15,1.1628140703517587,17.11975771567627,128.40879711735573
15,1.1637185929648242,17.397895833248473,130.49500544478016
15,1.1646231155778894,17.683037548840925,132.6337450995872
15,1.1655276381909547,17.975410771999822,134.8267255446773
15,1.16643216080402,18.275251708545724,137.07571847015222
15,1.1673366834170853,18.582805191718517,139.38256027710773
15,1.1682412060301508,18.898325027589625,141.74915466843927
15,1.169145728643216,19.22207435539738,144.17747535158068
15,1.1700502512562814,19.55432602349477,146.66956885834534
15,1.1709547738693467,19.895362981630036,149.22755748727388
15,1.171859296482412,20.245478690318357,151.85364237417568
15,1.1727638190954774,20.604977548098663,154.5501066968198
15,1.1736683417085427,20.974175337508388,157.31931902002216
15,1.174572864321608,21.353399690652083,160.1637367876988
15,1.1754773869346733,21.742990575279933,163.08590996875617
15,1.1763819095477386,22.143300802340224,166.08848486404912
15,1.1772864321608039,22.554696556016754,169.17420808199037
15,1.1781909547738694,22.977557947312498,172.34593069077107
15,1.1790954773869347,23.41227959229288,175.60661255554382
15,1.18,23.85927121616092,178.95932686936092
16,1.0,0.25528612617001484,1.9148042236733367
16,1.0009045226130653,0.29427827523333067,2.2072695167806247
16,1.0018090452261306,0.333394349141849,2.5006643230603354
16,1.002713567839196,0.3726389008510992,2.7950227925017717
16,1.0036180904522614,0.412016547092117,3.090379553450074
16,1.0045226130653266,0.4515319705239746,3.386769728751534
16,1.005427135678392,0.49118992193434313,3.6842289522591725
16,1.0063316582914572,0.5309952224897273,3.9827933857108984
16,1.0072361809045227,0.5709527660370868,4.282499735993094
16,1.008140703517588,0.6110675214585306,4.583385272802284
16,1.0090452261306533,0.6513445350809095,4.885487846718571
16,1.0099497487437186,0.6917889331421246,5.188845907704483
16,1.0108542713567839,0.7324059243160286,5.49349852404329
16,1.0117587939698491,0.7732008022979205,5.799485401731829
16,1.0126633165829146,0.8141789484526253,6.10684690434273
16,1.01356783919598,0.8553458345271805,6.41562407337126
16,1.0144723618090452,0.8967070254304238,6.725858649083945
16,1.0153768844221105,0.9382681820815255,7.0375930918843315
16,1.0162814070351758,0.9800350643298055,7.3508706042134255
16,1.0171859296482413,1.0220135339482614,7.665735153003008
16,1.0180904522613066,1.0642095577030923,7.982231492698968
16,1.0189949748743719,1.1066292105018896,8.300405188874683
16,1.0198994974874371,1.1492786786229272,8.6203026424527
16,1.0208040201005024,1.192164263028321,8.941971114555484
16,1.021708542713568,1.2352923827638045,9.265458752005847
16,1.0226130653266332,1.2786695784478452,9.590814613497477
16,1.0235175879396985,1.322302515853326,9.918088696459773
16,1.0244221105527638,1.3661979895844774,10.247331964637121
16,1.025326633165829,1.410362926852444,10.578596376407978
16,1.0262311557788946,1.454804391352669,10.911934913867656
16,1.0271356783919598,1.4995295872473304,11.24740161269907
16,1.0280402010050251,1.5445458632565416,11.585051592859282
16,1.0289447236180904,1.5898607168615964,11.924941090106426
16,1.0298492462311557,1.6354817986241579,12.26712748839633
16,1.030753768844221,1.6814169166251793,12.611669353177152
16,1.0316582914572865,1.7276740410274154,12.958626465611053
16,1.0325628140703518,1.774261308765691,13.308059857754117
16,1.033467336683417,1.8211870283692209,13.660031848726744
16,1.0343718592964823,1.8684596849201276,14.014606081905606
16,1.0352763819095476,1.9160879451529333,14.371847563172993
16,1.0361809045226131,1.9640806626994987,14.731822700257112
16,1.0370854271356784,2.012446883484319,15.094599343200153
16,1.0379899497487437,2.0611958512752917,15.460246825992478
16,1.038894472361809,2.11033701339489,15.82883600940998
16,1.0397989949748743,2.159880026597323,16.20043932509641
16,1.0407035175879398,2.2098347631170814,16.575130820931243
16,1.041608040201005,2.260211316894673,16.95298620772652
16,1.0425125628140703,2.311020009985531,17.334082907297674
16,1.0434170854271356,2.362271399158097,17.718500101953204
16,1.044321608040201,2.413976282687599,18.10631878545226
16,1.0452261306532664,2.4661457073520197,18.497621815478706
16,1.0461306532663317,2.5187909756370743,18.892493967682952
16,1.047035175879397,2.571923653157423,19.29102199134563
16,1.0479396984924623,2.6255555763011857,19.6932946667162
16,1.0488442211055276,2.679698860105514,20.09940286408462
16,1.049748743718593,2.734365906371094,20.509439604645156
16,1.0506532663316583,2.789569412023537,20.92350012321198
16,1.0515577889447236,2.845322377730347,21.341681932851795
16,1.052462311557789,2.9016381167819927,21.764084891497347
16,1.0533668341708542,2.9585302642461864,22.19081127061023
16,1.0542713567839195,3.016012786404862,22.621965825964036
16,1.055175879396985,3.0740999904834534,23.05765587062
16,1.0560804020100503,3.1328065346825267,23.49799135017045
16,1.0569849246231156,3.192147438522496,23.9430849203306
16,1.0578894472361808,3.252138093511834,24.39305202695673
16,1.0587939698492461,3.312794274150366,24.84801098857772
16,1.0596984924623116,3.374132149279167,25.308083081526306
16,1.060603015075377,3.436168293789057,25.773392627760074
16,1.0615075376884422,3.4989197007004833,26.244067085468057
16,1.0624120603015075,3.562403793627511,26.720237142558382
16,1.0633165829145728,3.6266384396395517,27.20203681312921
16,1.0642211055276383,3.691641962534875,27.689603537028333
16,1.0651256281407036,3.7574331565402015,28.183078282608566
16,1.0660301507537688,3.8240313004517925,28.682605652794724
16,1.0669346733668341,3.8914561722333034,29.18833399457656
16,1.0678391959798994,3.9597280640868733,29.700415512051283
16,1.0687437185929647,4.028867798014181,30.219006383141124
16,1.0696482412060302,4.098896741885003,30.74426688011749
16,1.0705527638190955,4.169836826031349,31.276361494067256
16,1.0714572864321608,4.2417105603861724,31.815459063443733
16,1.072361809045226,4.314541052185994,32.36173290684731
16,1.0732663316582913,4.388352024258001,32.91536096019005
16,1.0741708542713568,4.463167833912438,33.47652591840031
16,1.0750753768844221,4.539013492462524,34.04541538183425
16,1.0759798994974874,4.615914685394461,34.6222220075634
16,1.0768844221105527,4.693897793211096,35.20714366571501
16,1.077788944723618,4.7729899129741336,35.80038360105205
16,1.0786934673366835,4.853218880570001,36.402150599980956
16,1.0795979899497488,4.934613293726223,37.01265916318878
16,1.080502512562814,5.017202535805733,37.6321296841152
16,1.0814070351758793,5.101016800407783,38.260788633474625
16,1.0823115577889446,5.186087116805127,38.89886875005087
16,1.0832160804020101,5.2724453762486885,39.54660923799844
16,1.0841206030150754,5.360124359171466,40.204255970888674
16,1.0850251256281407,5.449157763325698,40.872061702756
16,1.085929648241206,5.539580232887447,41.550286286400244
16,1.0868341708542713,5.631427388565291,42.23919689922059
16,1.0877386934673368,5.724735858750357,42.9390682768601
16,1.088643216080402,5.8195433117469895,43.6501829549557
16,1.0895477386934673,5.915888489124996,44.372831519300725
16,1.0904522613065326,6.013811240235119,45.107312864732336
16,1.091356783919598,6.113352557932543,45.85393446307999
16,1.0922613065326634,6.214554615553742,46.613012640514704
16,1.0931658291457287,6.317460805194506,47.384872864658014
16,1.094070351758794,6.422115777338991,48.16985004182438
16,1.0949748743718593,6.528565481890964,48.968288824781
16,1.0958793969849245,6.636857210661469,49.78054393143162
16,1.0967839195979898,6.747039641368562,50.60698047484186
16,1.0976884422110553,6.859162883207535,51.4479743050441
16,1.0985929648241206,6.973278524052135,52.303912363075916
16,1.099497487437186,7.0894396793503125,53.17519304772854
16,1.1004020100502512,7.207701042779596,54.06222659549349
16,1.1013065326633165,7.328118938731302,54.96543547422678
16,1.102211055276382,7.450751376694521,55.88525479106246
16,1.1031155778894473,7.575658107614203,56.822132715133236
16,1.1040201005025125,7.70290068230109,57.7765309156812
16,1.1049246231155778,7.832542511973684,58.74892501616005
16,1.105829145728643,7.9646489310168365,59.7398050649635
16,1.1067336683417084,8.099287262044102,60.74967602343323
16,1.107638190954774,8.236526883355411,61.779058271833264
16,1.1085427135678392,8.376439298885012,62.828488134002896
16,1.1094472361809045,8.519098210739381,63.898518421436016
16,1.1103517587939697,8.664579594427703,64.98971899755632
16,1.111256281407035,8.812961776893301,66.10267736300143
16,1.1121608040201005,8.9643255174585,67.23799926275957
16,1.1130653266331658,9.118754091799554,68.39630931603357
16,1.113969849246231,9.276333379074641,69.57825166975483
16,1.1148743718592964,9.437151952331993,70.78449067670039
16,1.1157788944723617,9.601301172331159,72.01571159921053
16,1.1166834170854272,9.768875284916462,73.2726213395501
16,1.1175879396984925,9.93997152208714,74.55594919799724
16,1.1184924623115577,10.11469020691564,75.86644765979558
16,1.119396984924623,10.29313486247129,77.2048932121494
16,1.1203015075376883,10.475412324913943,78.57208719249601
16,1.1212060301507538,10.661632860929966,79.96885666934853
16,1.122110552763819,10.851910289688735,81.39605535704511
16,1.1230150753768844,11.0463621095082,82.85456456581939
16,1.1239195979899497,11.245109629423395,84.3452941886457
16,1.124824120603015,11.448278105863485,85.86918372640177
16,1.1257286432160805,11.655996884649218,87.42720335293761
16,1.1266331658291457,11.868399548533903,89.02035502172436
16,1.127537688442211,12.085624070520764,90.64967361582944
16,1.1284422110552763,12.307812973198622,92.31622814303304
16,1.1293467336683416,12.535113494350268,94.0211229779935
16,1.130251256281407,12.767677759098602,95.76549915345015
16,1.1311557788944724,13.005662958867088,97.55053570253766
16,1.1320603015075377,13.249231537444885,99.37745105438985
16,1.132964824120603,13.49855138445831,101.24750448529568
16,1.1338693467336682,13.75379603656534,103.16199762778272
16,1.1347738693467337,14.0151448867043,105.122276040112
16,1.135678391959799,14.282783401741028,107.12973083876679
16,1.1365829145728643,14.556903348878118,109.18580039666219
16,1.1374874371859296,14.837703031202105,111.29197210989513
16,1.1383919597989949,15.125387532765249,113.44978423600968
16,1.1392964824120602,15.420168973615052,115.66082780687653
16,1.1402010050251257,15.722266775204352,117.92674861943325
16,1.141105527638191,16.03190793663336,120.24924930767091
16,1.1420100502512562,16.349327322199596,122.63009149943673
16,1.1429145728643215,16.674767960748227,125.07109806174736
16,1.1438190954773868,17.008481357343623,127.57415543851872
16,1.144723618090452,17.350727817803616,130.14121608477416
16,1.1456281407035176,17.70177678666527,132.77430100159725
16,1.1465326633165829,18.061907199176023,135.47550237628366
16,1.1474371859296482,18.431407847934118,138.2469863323716
16,1.1483417085427134,18.810577764828995,141.09099579443165
16,1.1492462311557787,19.19972661896513,144.00985347274224
16,1.1501507537688442,19.59917513128449,147.00596497321507
16,1.1510552763819095,20.00925550663568,150.08182203818168
16,1.1519597989949748,20.43031188407631,153.24000592394046
16,1.15286432160804,20.86270080622819,156.48319092121127
16,1.1537688442211054,21.306791708548683,159.81414802497443
16,1.1546733668341709,21.76296742941991,163.23574876045555
16,1.1555778894472362,22.231624742001028,166.75096917234774
16,1.1564824120603014,22.713174908837598,170.36289398472545
16,1.1573869346733667,23.20804426026406,174.0747209394218
16,1.158291457286432,23.71667479769128,177.88976532105914
16,1.1591959798994975,24.23952482292102,181.81146467729786
16,1.1601005025125628,24.777069594684225,185.84338374328038
16,1.161005025125628,25.329802013662157,189.98921957971464
16,1.1619095477386934,25.89823333730483,194.25280693445535
16,1.1628140703517587,26.482893925831636,198.63812383797128
16,1.1637185929648242,27.084334020862762,203.14929744356365
16,1.1646231155778894,27.70312455820377,207.79061012375433
16,1.1655276381909547,28.339858016379836,212.5665058348189
16,1.16643216080402,28.99514930259466,217.48159676202752
16,1.1673366834170853,29.669636677872873,222.5406702587868
16,1.1682412060301508,30.363982723232496,227.74869609353212
16,1.169145728643216,31.078875348823676,233.11083401889383
16,1.1700502512562814,31.81502884807189,238.63244167842495
16,1.1709547738693467,32.57318499895738,244.31908286687968
16,1.171859296482412,33.35411421467885,250.17653616090448
16,1.1727638190954774,34.15861674605557,256.2108039377993
16,1.1736683417085427,34.98752393814392,262.4281218009211
16,1.174572864321608,35.84169954367051,268.8349684312459
16,1.1754773869346733,36.722041096011445,275.43807588556535
16,1.1763819095477386,37.62948134459111,282.24444036286695
16,1.1772864321608039,38.56498975571724,289.26133346152784
16,1.1781909547738694,39.52957408202313,296.4963139511043
16,1.1790954773869347,40.52428200385088,303.95724008372395
16,1.18,41.55020284608199,311.65228247137946
